post_id,user_id,create_dttm,title,content
1,1,2025-09-09 09:04:11.420145,Заголовок про программирование 1,Текст про программирование должен быть больше 100 символов 1
2,2,2025-09-09 09:04:11.420146,Заголовок про программирование 2,Текст про программирование должен быть больше 100 символов 2
3,1,2025-09-09 09:04:11.420147,Заголовок про программирование 3,Текст про программирование должен быть больше 100 символов 3
4,2,2025-09-09 09:04:11.420148,Заголовок про программирование 4,Текст про программирование должен быть больше 100 символов 4
5,1,2025-09-09 09:04:11.420149,Заголовок про программирование 5,Текст про программирование должен быть больше 100 символов 5
6,1,2025-09-09 09:04:11.420150,Заголовок про программирование 6,Текст про программирование должен быть больше 100 символов 6
7,1,2025-09-09 09:04:11.420151,Заголовок про программирование 7,Текст про программирование должен быть больше 100 символов 7
8,1,2025-09-09 09:04:11.420152,Заголовок про программирование 8,Текст про программирование должен быть больше 100 символов 8
9,2,2025-09-09 09:04:11.420153,Заголовок про программирование 9,Текст про программирование должен быть больше 100 символов 9
10,3,2025-09-09 09:04:11.420154,Заголовок про программирование 10,Текст про программирование должен быть больше 100 символов 10
11,1,2025-09-09 09:04:11.420155,Заголовок про программирование 11,Текст про программирование должен быть больше 100 символов 11
12,3,2025-09-09 09:04:11.420156,Заголовок про программирование 12,Текст про программирование должен быть больше 100 символов 12
13,3,2025-09-09 09:04:11.420157,Заголовок про программирование 13,Текст про программирование должен быть больше 100 символов 13
14,3,2025-09-09 09:04:11.420158,Заголовок про программирование 14,Текст про программирование должен быть больше 100 символов 14
15,2,2025-09-09 09:04:11.420159,Заголовок про программирование 15,Текст про программирование должен быть больше 100 символов 15
16,2,2025-09-09 09:04:11.420160,Заголовок про программирование 16,Текст про программирование должен быть больше 100 символов 16
17,3,2025-09-09 09:04:11.420161,Заголовок про программирование 17,Текст про программирование должен быть больше 100 символов 17
18,1,2025-09-09 09:04:11.420162,Заголовок про программирование 18,Текст про программирование должен быть больше 100 символов 18
19,3,2025-09-09 09:04:11.420163,Заголовок про программирование 19,Текст про программирование должен быть больше 100 символов 19
20,2,2025-09-09 09:04:11.420164,Заголовок про программирование 20,Текст про программирование должен быть больше 100 символов 20
21,2,2025-09-09 09:04:11.420165,Заголовок про программирование 21,Текст про программирование должен быть больше 100 символов 21
22,2,2025-09-09 09:04:11.420166,Заголовок про программирование 22,Текст про программирование должен быть больше 100 символов 22
23,1,2025-09-09 09:04:11.420167,Заголовок про программирование 23,Текст про программирование должен быть больше 100 символов 23
24,1,2025-09-09 09:04:11.420168,Заголовок про программирование 24,Текст про программирование должен быть больше 100 символов 24
25,3,2025-09-09 09:04:11.420169,Заголовок про программирование 25,Текст про программирование должен быть больше 100 символов 25
26,2,2025-09-09 09:04:11.420170,Заголовок про программирование 26,Текст про программирование должен быть больше 100 символов 26
27,1,2025-09-09 09:04:11.420171,Заголовок про программирование 27,Текст про программирование должен быть больше 100 символов 27
28,2,2025-09-09 09:04:11.420172,Заголовок про программирование 28,Текст про программирование должен быть больше 100 символов 28
29,3,2025-09-09 09:04:11.420173,Заголовок про программирование 29,Текст про программирование должен быть больше 100 символов 29
30,3,2025-09-09 09:04:11.420174,Заголовок про программирование 30,Текст про программирование должен быть больше 100 символов 30
31,2,2025-09-09 09:04:11.420175,Заголовок про программирование 31,Текст про программирование должен быть больше 100 символов 31
32,2,2025-09-09 09:04:11.420176,Заголовок про программирование 32,Текст про программирование должен быть больше 100 символов 32
33,2,2025-09-09 09:04:11.420177,Заголовок про программирование 33,Текст про программирование должен быть больше 100 символов 33
34,3,2025-09-09 09:04:11.420178,Заголовок про программирование 34,Текст про программирование должен быть больше 100 символов 34
35,1,2025-09-09 09:04:11.420179,Заголовок про программирование 35,Текст про программирование должен быть больше 100 символов 35
36,1,2025-09-09 09:04:11.420180,Заголовок про программирование 36,Текст про программирование должен быть больше 100 символов 36
37,3,2025-09-09 09:04:11.420181,Заголовок про программирование 37,Текст про программирование должен быть больше 100 символов 37
38,2,2025-09-09 09:04:11.420182,Заголовок про программирование 38,Текст про программирование должен быть больше 100 символов 38
39,2,2025-09-09 09:04:11.420183,Заголовок про программирование 39,Текст про программирование должен быть больше 100 символов 39
40,3,2025-09-09 09:04:11.420184,Заголовок про программирование 40,Текст про программирование должен быть больше 100 символов 40
41,3,2025-09-09 09:04:11.420185,Заголовок про программирование 41,Текст про программирование должен быть больше 100 символов 41
42,3,2025-09-09 09:04:11.420186,Заголовок про программирование 42,Текст про программирование должен быть больше 100 символов 42
43,1,2025-09-09 09:04:11.420187,Заголовок про программирование 43,Текст про программирование должен быть больше 100 символов 43
44,3,2025-09-09 09:04:11.420188,Заголовок про программирование 44,Текст про программирование должен быть больше 100 символов 44
45,1,2025-09-09 09:04:11.420189,Заголовок про программирование 45,Текст про программирование должен быть больше 100 символов 45
46,2,2025-09-09 09:04:11.420190,Заголовок про программирование 46,Текст про программирование должен быть больше 100 символов 46
47,1,2025-09-09 09:04:11.420191,Заголовок про программирование 47,Текст про программирование должен быть больше 100 символов 47
48,1,2025-09-09 09:04:11.420192,Заголовок про программирование 48,Текст про программирование должен быть больше 100 символов 48
49,2,2025-09-09 09:04:11.420193,Заголовок про программирование 49,Текст про программирование должен быть больше 100 символов 49
50,2,2025-09-09 09:04:11.420194,Заголовок про программирование 50,Текст про программирование должен быть больше 100 символов 50
51,3,2025-09-09 09:04:11.420195,Заголовок про программирование 51,Текст про программирование должен быть больше 100 символов 51
52,1,2025-09-09 09:04:11.420196,Заголовок про программирование 52,Текст про программирование должен быть больше 100 символов 52
53,2,2025-09-09 09:04:11.420197,Заголовок про программирование 53,Текст про программирование должен быть больше 100 символов 53
54,2,2025-09-09 09:04:11.420198,Заголовок про программирование 54,Текст про программирование должен быть больше 100 символов 54
55,1,2025-09-09 09:04:11.420199,Заголовок про программирование 55,Текст про программирование должен быть больше 100 символов 55
56,3,2025-09-09 09:04:11.420200,Заголовок про программирование 56,Текст про программирование должен быть больше 100 символов 56
57,3,2025-09-09 09:04:11.420201,Заголовок про программирование 57,Текст про программирование должен быть больше 100 символов 57
58,2,2025-09-09 09:04:11.420202,Заголовок про программирование 58,Текст про программирование должен быть больше 100 символов 58
59,1,2025-09-09 09:04:11.420203,Заголовок про программирование 59,Текст про программирование должен быть больше 100 символов 59
60,1,2025-09-09 09:04:11.420204,Заголовок про программирование 60,Текст про программирование должен быть больше 100 символов 60
61,1,2025-09-09 09:04:11.420205,Заголовок про программирование 61,Текст про программирование должен быть больше 100 символов 61
62,3,2025-09-09 09:04:11.420206,Заголовок про программирование 62,Текст про программирование должен быть больше 100 символов 62
63,1,2025-09-09 09:04:11.420207,Заголовок про программирование 63,Текст про программирование должен быть больше 100 символов 63
64,1,2025-09-09 09:04:11.420208,Заголовок про программирование 64,Текст про программирование должен быть больше 100 символов 64
65,1,2025-09-09 09:04:11.420209,Заголовок про программирование 65,Текст про программирование должен быть больше 100 символов 65
66,2,2025-09-09 09:04:11.420210,Заголовок про программирование 66,Текст про программирование должен быть больше 100 символов 66
67,2,2025-09-09 09:04:11.420211,Заголовок про программирование 67,Текст про программирование должен быть больше 100 символов 67
68,3,2025-09-09 09:04:11.420212,Заголовок про программирование 68,Текст про программирование должен быть больше 100 символов 68
69,2,2025-09-09 09:04:11.420213,Заголовок про программирование 69,Текст про программирование должен быть больше 100 символов 69
70,2,2025-09-09 09:04:11.420214,Заголовок про программирование 70,Текст про программирование должен быть больше 100 символов 70
71,3,2025-09-09 09:04:11.420215,Заголовок про программирование 71,Текст про программирование должен быть больше 100 символов 71
72,2,2025-09-09 09:04:11.420216,Заголовок про программирование 72,Текст про программирование должен быть больше 100 символов 72
73,1,2025-09-09 09:04:11.420217,Заголовок про программирование 73,Текст про программирование должен быть больше 100 символов 73
74,2,2025-09-09 09:04:11.420218,Заголовок про программирование 74,Текст про программирование должен быть больше 100 символов 74
75,1,2025-09-09 09:04:11.420219,Заголовок про программирование 75,Текст про программирование должен быть больше 100 символов 75
76,2,2025-09-09 09:04:11.420220,Заголовок про программирование 76,Текст про программирование должен быть больше 100 символов 76
77,2,2025-09-09 09:04:11.420221,Заголовок про программирование 77,Текст про программирование должен быть больше 100 символов 77
78,3,2025-09-09 09:04:11.420222,Заголовок про программирование 78,Текст про программирование должен быть больше 100 символов 78
79,1,2025-09-09 09:04:11.420223,Заголовок про программирование 79,Текст про программирование должен быть больше 100 символов 79
80,1,2025-09-09 09:04:11.420224,Заголовок про программирование 80,Текст про программирование должен быть больше 100 символов 80
81,3,2025-09-09 09:04:11.420225,Заголовок про программирование 81,Текст про программирование должен быть больше 100 символов 81
82,2,2025-09-09 09:04:11.420226,Заголовок про программирование 82,Текст про программирование должен быть больше 100 символов 82
83,3,2025-09-09 09:04:11.420227,Заголовок про программирование 83,Текст про программирование должен быть больше 100 символов 83
84,1,2025-09-09 09:04:11.420228,Заголовок про программирование 84,Текст про программирование должен быть больше 100 символов 84
85,1,2025-09-09 09:04:11.420229,Заголовок про программирование 85,Текст про программирование должен быть больше 100 символов 85
86,3,2025-09-09 09:04:11.420230,Заголовок про программирование 86,Текст про программирование должен быть больше 100 символов 86
87,1,2025-09-09 09:04:11.420231,Заголовок про программирование 87,Текст про программирование должен быть больше 100 символов 87
88,1,2025-09-09 09:04:11.420232,Заголовок про программирование 88,Текст про программирование должен быть больше 100 символов 88
89,2,2025-09-09 09:04:11.420233,Заголовок про программирование 89,Текст про программирование должен быть больше 100 символов 89
90,3,2025-09-09 09:04:11.420234,Заголовок про программирование 90,Текст про программирование должен быть больше 100 символов 90
91,2,2025-09-09 09:04:11.420235,Заголовок про программирование 91,Текст про программирование должен быть больше 100 символов 91
92,2,2025-09-09 09:04:11.420236,Заголовок про программирование 92,Текст про программирование должен быть больше 100 символов 92
93,3,2025-09-09 09:04:11.420237,Заголовок про программирование 93,Текст про программирование должен быть больше 100 символов 93
94,2,2025-09-09 09:04:11.420238,Заголовок про программирование 94,Текст про программирование должен быть больше 100 символов 94
95,2,2025-09-09 09:04:11.420239,Заголовок про программирование 95,Текст про программирование должен быть больше 100 символов 95
96,1,2025-09-09 09:04:11.420240,Заголовок про программирование 96,Текст про программирование должен быть больше 100 символов 96
97,1,2025-09-09 09:04:11.420241,Заголовок про программирование 97,Текст про программирование должен быть больше 100 символов 97
98,3,2025-09-09 09:04:11.420242,Заголовок про программирование 98,Текст про программирование должен быть больше 100 символов 98
99,1,2025-09-09 09:04:11.420243,Заголовок про программирование 99,Текст про программирование должен быть больше 100 символов 99
100,2,2025-09-09 09:04:11.420244,Заголовок про программирование 100,Текст про программирование должен быть больше 100 символов 100
101,3,2025-09-09 09:04:11.420245,Заголовок про программирование 101,Текст про программирование должен быть больше 100 символов 101
102,3,2025-09-09 09:04:11.420246,Заголовок про программирование 102,Текст про программирование должен быть больше 100 символов 102
103,2,2025-09-09 09:04:11.420247,Заголовок про программирование 103,Текст про программирование должен быть больше 100 символов 103
104,3,2025-09-09 09:04:11.420248,Заголовок про программирование 104,Текст про программирование должен быть больше 100 символов 104
105,1,2025-09-09 09:04:11.420249,Заголовок про программирование 105,Текст про программирование должен быть больше 100 символов 105
106,3,2025-09-09 09:04:11.420250,Заголовок про программирование 106,Текст про программирование должен быть больше 100 символов 106
107,1,2025-09-09 09:04:11.420251,Заголовок про программирование 107,Текст про программирование должен быть больше 100 символов 107
108,2,2025-09-09 09:04:11.420252,Заголовок про программирование 108,Текст про программирование должен быть больше 100 символов 108
109,2,2025-09-09 09:04:11.420253,Заголовок про программирование 109,Текст про программирование должен быть больше 100 символов 109
110,2,2025-09-09 09:04:11.420254,Заголовок про программирование 110,Текст про программирование должен быть больше 100 символов 110
111,1,2025-09-09 09:04:11.420255,Заголовок про программирование 111,Текст про программирование должен быть больше 100 символов 111
112,3,2025-09-09 09:04:11.420256,Заголовок про программирование 112,Текст про программирование должен быть больше 100 символов 112
113,2,2025-09-09 09:04:11.420257,Заголовок про программирование 113,Текст про программирование должен быть больше 100 символов 113
114,1,2025-09-09 09:04:11.420258,Заголовок про программирование 114,Текст про программирование должен быть больше 100 символов 114
115,3,2025-09-09 09:04:11.420259,Заголовок про программирование 115,Текст про программирование должен быть больше 100 символов 115
116,3,2025-09-09 09:04:11.420260,Заголовок про программирование 116,Текст про программирование должен быть больше 100 символов 116
117,1,2025-09-09 09:04:11.420261,Заголовок про программирование 117,Текст про программирование должен быть больше 100 символов 117
118,3,2025-09-09 09:04:11.420262,Заголовок про программирование 118,Текст про программирование должен быть больше 100 символов 118
119,2,2025-09-09 09:04:11.420263,Заголовок про программирование 119,Текст про программирование должен быть больше 100 символов 119
120,2,2025-09-09 09:04:11.420264,Заголовок про программирование 120,Текст про программирование должен быть больше 100 символов 120
121,3,2025-09-09 09:04:11.420265,Заголовок про программирование 121,Текст про программирование должен быть больше 100 символов 121
122,3,2025-09-09 09:04:11.420266,Заголовок про программирование 122,Текст про программирование должен быть больше 100 символов 122
123,3,2025-09-09 09:04:11.420267,Заголовок про программирование 123,Текст про программирование должен быть больше 100 символов 123
124,2,2025-09-09 09:04:11.420268,Заголовок про программирование 124,Текст про программирование должен быть больше 100 символов 124
125,3,2025-09-09 09:04:11.420269,Заголовок про программирование 125,Текст про программирование должен быть больше 100 символов 125
126,2,2025-09-09 09:04:11.420270,Заголовок про программирование 126,Текст про программирование должен быть больше 100 символов 126
127,1,2025-09-09 09:04:11.420271,Заголовок про программирование 127,Текст про программирование должен быть больше 100 символов 127
128,2,2025-09-09 09:04:11.420272,Заголовок про программирование 128,Текст про программирование должен быть больше 100 символов 128
129,3,2025-09-09 09:04:11.420273,Заголовок про программирование 129,Текст про программирование должен быть больше 100 символов 129
130,2,2025-09-09 09:04:11.420274,Заголовок про программирование 130,Текст про программирование должен быть больше 100 символов 130
131,1,2025-09-09 09:04:11.420275,Заголовок про программирование 131,Текст про программирование должен быть больше 100 символов 131
132,1,2025-09-09 09:04:11.420276,Заголовок про программирование 132,Текст про программирование должен быть больше 100 символов 132
133,1,2025-09-09 09:04:11.420277,Заголовок про программирование 133,Текст про программирование должен быть больше 100 символов 133
134,1,2025-09-09 09:04:11.420278,Заголовок про программирование 134,Текст про программирование должен быть больше 100 символов 134
135,3,2025-09-09 09:04:11.420279,Заголовок про программирование 135,Текст про программирование должен быть больше 100 символов 135
136,1,2025-09-09 09:04:11.420280,Заголовок про программирование 136,Текст про программирование должен быть больше 100 символов 136
137,3,2025-09-09 09:04:11.420281,Заголовок про программирование 137,Текст про программирование должен быть больше 100 символов 137
138,3,2025-09-09 09:04:11.420282,Заголовок про программирование 138,Текст про программирование должен быть больше 100 символов 138
139,3,2025-09-09 09:04:11.420283,Заголовок про программирование 139,Текст про программирование должен быть больше 100 символов 139
140,2,2025-09-09 09:04:11.420284,Заголовок про программирование 140,Текст про программирование должен быть больше 100 символов 140
141,3,2025-09-09 09:04:11.420285,Заголовок про программирование 141,Текст про программирование должен быть больше 100 символов 141
142,2,2025-09-09 09:04:11.420286,Заголовок про программирование 142,Текст про программирование должен быть больше 100 символов 142
143,3,2025-09-09 09:04:11.420287,Заголовок про программирование 143,Текст про программирование должен быть больше 100 символов 143
144,3,2025-09-09 09:04:11.420288,Заголовок про программирование 144,Текст про программирование должен быть больше 100 символов 144
145,3,2025-09-09 09:04:11.420289,Заголовок про программирование 145,Текст про программирование должен быть больше 100 символов 145
146,2,2025-09-09 09:04:11.420290,Заголовок про программирование 146,Текст про программирование должен быть больше 100 символов 146
147,3,2025-09-09 09:04:11.420291,Заголовок про программирование 147,Текст про программирование должен быть больше 100 символов 147
148,3,2025-09-09 09:04:11.420292,Заголовок про программирование 148,Текст про программирование должен быть больше 100 символов 148
149,1,2025-09-09 09:04:11.420293,Заголовок про программирование 149,Текст про программирование должен быть больше 100 символов 149
150,2,2025-09-09 09:04:11.420294,Заголовок про программирование 150,Текст про программирование должен быть больше 100 символов 150
151,3,2025-09-09 09:04:11.420295,Заголовок про программирование 151,Текст про программирование должен быть больше 100 символов 151
152,3,2025-09-09 09:04:11.420296,Заголовок про программирование 152,Текст про программирование должен быть больше 100 символов 152
153,3,2025-09-09 09:04:11.420297,Заголовок про программирование 153,Текст про программирование должен быть больше 100 символов 153
154,3,2025-09-09 09:04:11.420298,Заголовок про программирование 154,Текст про программирование должен быть больше 100 символов 154
155,2,2025-09-09 09:04:11.420299,Заголовок про программирование 155,Текст про программирование должен быть больше 100 символов 155
156,2,2025-09-09 09:04:11.420300,Заголовок про программирование 156,Текст про программирование должен быть больше 100 символов 156
157,1,2025-09-09 09:04:11.420301,Заголовок про программирование 157,Текст про программирование должен быть больше 100 символов 157
158,3,2025-09-09 09:04:11.420302,Заголовок про программирование 158,Текст про программирование должен быть больше 100 символов 158
159,1,2025-09-09 09:04:11.420303,Заголовок про программирование 159,Текст про программирование должен быть больше 100 символов 159
160,1,2025-09-09 09:04:11.420304,Заголовок про программирование 160,Текст про программирование должен быть больше 100 символов 160
161,2,2025-09-09 09:04:11.420305,Заголовок про программирование 161,Текст про программирование должен быть больше 100 символов 161
162,3,2025-09-09 09:04:11.420306,Заголовок про программирование 162,Текст про программирование должен быть больше 100 символов 162
163,1,2025-09-09 09:04:11.420307,Заголовок про программирование 163,Текст про программирование должен быть больше 100 символов 163
164,3,2025-09-09 09:04:11.420308,Заголовок про программирование 164,Текст про программирование должен быть больше 100 символов 164
165,2,2025-09-09 09:04:11.420309,Заголовок про программирование 165,Текст про программирование должен быть больше 100 символов 165
166,1,2025-09-09 09:04:11.420310,Заголовок про программирование 166,Текст про программирование должен быть больше 100 символов 166
167,1,2025-09-09 09:04:11.420311,Заголовок про программирование 167,Текст про программирование должен быть больше 100 символов 167
168,1,2025-09-09 09:04:11.420312,Заголовок про программирование 168,Текст про программирование должен быть больше 100 символов 168
169,1,2025-09-09 09:04:11.420313,Заголовок про программирование 169,Текст про программирование должен быть больше 100 символов 169
170,2,2025-09-09 09:04:11.420314,Заголовок про программирование 170,Текст про программирование должен быть больше 100 символов 170
171,3,2025-09-09 09:04:11.420315,Заголовок про программирование 171,Текст про программирование должен быть больше 100 символов 171
172,3,2025-09-09 09:04:11.420316,Заголовок про программирование 172,Текст про программирование должен быть больше 100 символов 172
173,2,2025-09-09 09:04:11.420317,Заголовок про программирование 173,Текст про программирование должен быть больше 100 символов 173
174,1,2025-09-09 09:04:11.420318,Заголовок про программирование 174,Текст про программирование должен быть больше 100 символов 174
175,2,2025-09-09 09:04:11.420319,Заголовок про программирование 175,Текст про программирование должен быть больше 100 символов 175
176,1,2025-09-09 09:04:11.420320,Заголовок про программирование 176,Текст про программирование должен быть больше 100 символов 176
177,2,2025-09-09 09:04:11.420321,Заголовок про программирование 177,Текст про программирование должен быть больше 100 символов 177
178,1,2025-09-09 09:04:11.420322,Заголовок про программирование 178,Текст про программирование должен быть больше 100 символов 178
179,2,2025-09-09 09:04:11.420323,Заголовок про программирование 179,Текст про программирование должен быть больше 100 символов 179
180,1,2025-09-09 09:04:11.420324,Заголовок про программирование 180,Текст про программирование должен быть больше 100 символов 180
181,3,2025-09-09 09:04:11.420325,Заголовок про программирование 181,Текст про программирование должен быть больше 100 символов 181
182,2,2025-09-09 09:04:11.420326,Заголовок про программирование 182,Текст про программирование должен быть больше 100 символов 182
183,1,2025-09-09 09:04:11.420327,Заголовок про программирование 183,Текст про программирование должен быть больше 100 символов 183
184,1,2025-09-09 09:04:11.420328,Заголовок про программирование 184,Текст про программирование должен быть больше 100 символов 184
185,3,2025-09-09 09:04:11.420329,Заголовок про программирование 185,Текст про программирование должен быть больше 100 символов 185
186,1,2025-09-09 09:04:11.420330,Заголовок про программирование 186,Текст про программирование должен быть больше 100 символов 186
187,2,2025-09-09 09:04:11.420331,Заголовок про программирование 187,Текст про программирование должен быть больше 100 символов 187
188,2,2025-09-09 09:04:11.420332,Заголовок про программирование 188,Текст про программирование должен быть больше 100 символов 188
189,1,2025-09-09 09:04:11.420333,Заголовок про программирование 189,Текст про программирование должен быть больше 100 символов 189
190,1,2025-09-09 09:04:11.420334,Заголовок про программирование 190,Текст про программирование должен быть больше 100 символов 190
191,2,2025-09-09 09:04:11.420335,Заголовок про программирование 191,Текст про программирование должен быть больше 100 символов 191
192,1,2025-09-09 09:04:11.420336,Заголовок про программирование 192,Текст про программирование должен быть больше 100 символов 192
193,1,2025-09-09 09:04:11.420337,Заголовок про программирование 193,Текст про программирование должен быть больше 100 символов 193
194,1,2025-09-09 09:04:11.420338,Заголовок про программирование 194,Текст про программирование должен быть больше 100 символов 194
195,3,2025-09-09 09:04:11.420339,Заголовок про программирование 195,Текст про программирование должен быть больше 100 символов 195
196,3,2025-09-09 09:04:11.420340,Заголовок про программирование 196,Текст про программирование должен быть больше 100 символов 196
197,2,2025-09-09 09:04:11.420341,Заголовок про программирование 197,Текст про программирование должен быть больше 100 символов 197
198,3,2025-09-09 09:04:11.420342,Заголовок про программирование 198,Текст про программирование должен быть больше 100 символов 198
199,2,2025-09-09 09:04:11.420343,Заголовок про программирование 199,Текст про программирование должен быть больше 100 символов 199
200,1,2025-09-09 09:04:11.420344,Заголовок про программирование 200,Текст про программирование должен быть больше 100 символов 200
201,2,2025-09-09 09:04:11.420345,Заголовок про программирование 201,Текст про программирование должен быть больше 100 символов 201
202,3,2025-09-09 09:04:11.420346,Заголовок про программирование 202,Текст про программирование должен быть больше 100 символов 202
203,2,2025-09-09 09:04:11.420347,Заголовок про программирование 203,Текст про программирование должен быть больше 100 символов 203
204,2,2025-09-09 09:04:11.420348,Заголовок про программирование 204,Текст про программирование должен быть больше 100 символов 204
205,3,2025-09-09 09:04:11.420349,Заголовок про программирование 205,Текст про программирование должен быть больше 100 символов 205
206,1,2025-09-09 09:04:11.420350,Заголовок про программирование 206,Текст про программирование должен быть больше 100 символов 206
207,1,2025-09-09 09:04:11.420351,Заголовок про программирование 207,Текст про программирование должен быть больше 100 символов 207
208,1,2025-09-09 09:04:11.420352,Заголовок про программирование 208,Текст про программирование должен быть больше 100 символов 208
209,2,2025-09-09 09:04:11.420353,Заголовок про программирование 209,Текст про программирование должен быть больше 100 символов 209
210,1,2025-09-09 09:04:11.420354,Заголовок про программирование 210,Текст про программирование должен быть больше 100 символов 210
211,2,2025-09-09 09:04:11.420355,Заголовок про программирование 211,Текст про программирование должен быть больше 100 символов 211
212,3,2025-09-09 09:04:11.420356,Заголовок про программирование 212,Текст про программирование должен быть больше 100 символов 212
213,2,2025-09-09 09:04:11.420357,Заголовок про программирование 213,Текст про программирование должен быть больше 100 символов 213
214,3,2025-09-09 09:04:11.420358,Заголовок про программирование 214,Текст про программирование должен быть больше 100 символов 214
215,2,2025-09-09 09:04:11.420359,Заголовок про программирование 215,Текст про программирование должен быть больше 100 символов 215
216,3,2025-09-09 09:04:11.420360,Заголовок про программирование 216,Текст про программирование должен быть больше 100 символов 216
217,2,2025-09-09 09:04:11.420361,Заголовок про программирование 217,Текст про программирование должен быть больше 100 символов 217
218,1,2025-09-09 09:04:11.420362,Заголовок про программирование 218,Текст про программирование должен быть больше 100 символов 218
219,1,2025-09-09 09:04:11.420363,Заголовок про программирование 219,Текст про программирование должен быть больше 100 символов 219
220,2,2025-09-09 09:04:11.420364,Заголовок про программирование 220,Текст про программирование должен быть больше 100 символов 220
221,1,2025-09-09 09:04:11.420365,Заголовок про программирование 221,Текст про программирование должен быть больше 100 символов 221
222,1,2025-09-09 09:04:11.420366,Заголовок про программирование 222,Текст про программирование должен быть больше 100 символов 222
223,3,2025-09-09 09:04:11.420367,Заголовок про программирование 223,Текст про программирование должен быть больше 100 символов 223
224,3,2025-09-09 09:04:11.420368,Заголовок про программирование 224,Текст про программирование должен быть больше 100 символов 224
225,3,2025-09-09 09:04:11.420369,Заголовок про программирование 225,Текст про программирование должен быть больше 100 символов 225
226,1,2025-09-09 09:04:11.420370,Заголовок про программирование 226,Текст про программирование должен быть больше 100 символов 226
227,1,2025-09-09 09:04:11.420371,Заголовок про программирование 227,Текст про программирование должен быть больше 100 символов 227
228,1,2025-09-09 09:04:11.420372,Заголовок про программирование 228,Текст про программирование должен быть больше 100 символов 228
229,2,2025-09-09 09:04:11.420373,Заголовок про программирование 229,Текст про программирование должен быть больше 100 символов 229
230,2,2025-09-09 09:04:11.420374,Заголовок про программирование 230,Текст про программирование должен быть больше 100 символов 230
231,1,2025-09-09 09:04:11.420375,Заголовок про программирование 231,Текст про программирование должен быть больше 100 символов 231
232,2,2025-09-09 09:04:11.420376,Заголовок про программирование 232,Текст про программирование должен быть больше 100 символов 232
233,1,2025-09-09 09:04:11.420377,Заголовок про программирование 233,Текст про программирование должен быть больше 100 символов 233
234,1,2025-09-09 09:04:11.420378,Заголовок про программирование 234,Текст про программирование должен быть больше 100 символов 234
235,3,2025-09-09 09:04:11.420379,Заголовок про программирование 235,Текст про программирование должен быть больше 100 символов 235
236,1,2025-09-09 09:04:11.420380,Заголовок про программирование 236,Текст про программирование должен быть больше 100 символов 236
237,1,2025-09-09 09:04:11.420381,Заголовок про программирование 237,Текст про программирование должен быть больше 100 символов 237
238,3,2025-09-09 09:04:11.420382,Заголовок про программирование 238,Текст про программирование должен быть больше 100 символов 238
239,2,2025-09-09 09:04:11.420383,Заголовок про программирование 239,Текст про программирование должен быть больше 100 символов 239
240,1,2025-09-09 09:04:11.420384,Заголовок про программирование 240,Текст про программирование должен быть больше 100 символов 240
241,2,2025-09-09 09:04:11.420385,Заголовок про программирование 241,Текст про программирование должен быть больше 100 символов 241
242,1,2025-09-09 09:04:11.420386,Заголовок про программирование 242,Текст про программирование должен быть больше 100 символов 242
243,1,2025-09-09 09:04:11.420387,Заголовок про программирование 243,Текст про программирование должен быть больше 100 символов 243
244,1,2025-09-09 09:04:11.420388,Заголовок про программирование 244,Текст про программирование должен быть больше 100 символов 244
245,2,2025-09-09 09:04:11.420389,Заголовок про программирование 245,Текст про программирование должен быть больше 100 символов 245
246,1,2025-09-09 09:04:11.420390,Заголовок про программирование 246,Текст про программирование должен быть больше 100 символов 246
247,3,2025-09-09 09:04:11.420391,Заголовок про программирование 247,Текст про программирование должен быть больше 100 символов 247
248,1,2025-09-09 09:04:11.420392,Заголовок про программирование 248,Текст про программирование должен быть больше 100 символов 248
249,3,2025-09-09 09:04:11.420393,Заголовок про программирование 249,Текст про программирование должен быть больше 100 символов 249
250,2,2025-09-09 09:04:11.420394,Заголовок про программирование 250,Текст про программирование должен быть больше 100 символов 250
251,2,2025-09-09 09:04:11.420395,Заголовок про программирование 251,Текст про программирование должен быть больше 100 символов 251
252,1,2025-09-09 09:04:11.420396,Заголовок про программирование 252,Текст про программирование должен быть больше 100 символов 252
253,2,2025-09-09 09:04:11.420397,Заголовок про программирование 253,Текст про программирование должен быть больше 100 символов 253
254,3,2025-09-09 09:04:11.420398,Заголовок про программирование 254,Текст про программирование должен быть больше 100 символов 254
255,1,2025-09-09 09:04:11.420399,Заголовок про программирование 255,Текст про программирование должен быть больше 100 символов 255
256,3,2025-09-09 09:04:11.420400,Заголовок про программирование 256,Текст про программирование должен быть больше 100 символов 256
257,1,2025-09-09 09:04:11.420401,Заголовок про программирование 257,Текст про программирование должен быть больше 100 символов 257
258,1,2025-09-09 09:04:11.420402,Заголовок про программирование 258,Текст про программирование должен быть больше 100 символов 258
259,3,2025-09-09 09:04:11.420403,Заголовок про программирование 259,Текст про программирование должен быть больше 100 символов 259
260,2,2025-09-09 09:04:11.420404,Заголовок про программирование 260,Текст про программирование должен быть больше 100 символов 260
261,1,2025-09-09 09:04:11.420405,Заголовок про программирование 261,Текст про программирование должен быть больше 100 символов 261
262,3,2025-09-09 09:04:11.420406,Заголовок про программирование 262,Текст про программирование должен быть больше 100 символов 262
263,3,2025-09-09 09:04:11.420407,Заголовок про программирование 263,Текст про программирование должен быть больше 100 символов 263
264,1,2025-09-09 09:04:11.420408,Заголовок про программирование 264,Текст про программирование должен быть больше 100 символов 264
265,1,2025-09-09 09:04:11.420409,Заголовок про программирование 265,Текст про программирование должен быть больше 100 символов 265
266,1,2025-09-09 09:04:11.420410,Заголовок про программирование 266,Текст про программирование должен быть больше 100 символов 266
267,1,2025-09-09 09:04:11.420411,Заголовок про программирование 267,Текст про программирование должен быть больше 100 символов 267
268,3,2025-09-09 09:04:11.420412,Заголовок про программирование 268,Текст про программирование должен быть больше 100 символов 268
269,1,2025-09-09 09:04:11.420413,Заголовок про программирование 269,Текст про программирование должен быть больше 100 символов 269
270,2,2025-09-09 09:04:11.420414,Заголовок про программирование 270,Текст про программирование должен быть больше 100 символов 270
271,1,2025-09-09 09:04:11.420415,Заголовок про программирование 271,Текст про программирование должен быть больше 100 символов 271
272,3,2025-09-09 09:04:11.420416,Заголовок про программирование 272,Текст про программирование должен быть больше 100 символов 272
273,1,2025-09-09 09:04:11.420417,Заголовок про программирование 273,Текст про программирование должен быть больше 100 символов 273
274,3,2025-09-09 09:04:11.420418,Заголовок про программирование 274,Текст про программирование должен быть больше 100 символов 274
275,2,2025-09-09 09:04:11.420419,Заголовок про программирование 275,Текст про программирование должен быть больше 100 символов 275
276,1,2025-09-09 09:04:11.420420,Заголовок про программирование 276,Текст про программирование должен быть больше 100 символов 276
277,1,2025-09-09 09:04:11.420421,Заголовок про программирование 277,Текст про программирование должен быть больше 100 символов 277
278,3,2025-09-09 09:04:11.420422,Заголовок про программирование 278,Текст про программирование должен быть больше 100 символов 278
279,3,2025-09-09 09:04:11.420423,Заголовок про программирование 279,Текст про программирование должен быть больше 100 символов 279
280,1,2025-09-09 09:04:11.420424,Заголовок про программирование 280,Текст про программирование должен быть больше 100 символов 280
281,2,2025-09-09 09:04:11.420425,Заголовок про программирование 281,Текст про программирование должен быть больше 100 символов 281
282,2,2025-09-09 09:04:11.420426,Заголовок про программирование 282,Текст про программирование должен быть больше 100 символов 282
283,3,2025-09-09 09:04:11.420427,Заголовок про программирование 283,Текст про программирование должен быть больше 100 символов 283
284,1,2025-09-09 09:04:11.420428,Заголовок про программирование 284,Текст про программирование должен быть больше 100 символов 284
285,1,2025-09-09 09:04:11.420429,Заголовок про программирование 285,Текст про программирование должен быть больше 100 символов 285
286,1,2025-09-09 09:04:11.420430,Заголовок про программирование 286,Текст про программирование должен быть больше 100 символов 286
287,2,2025-09-09 09:04:11.420431,Заголовок про программирование 287,Текст про программирование должен быть больше 100 символов 287
288,3,2025-09-09 09:04:11.420432,Заголовок про программирование 288,Текст про программирование должен быть больше 100 символов 288
289,1,2025-09-09 09:04:11.420433,Заголовок про программирование 289,Текст про программирование должен быть больше 100 символов 289
290,1,2025-09-09 09:04:11.420434,Заголовок про программирование 290,Текст про программирование должен быть больше 100 символов 290
291,2,2025-09-09 09:04:11.420435,Заголовок про программирование 291,Текст про программирование должен быть больше 100 символов 291
292,3,2025-09-09 09:04:11.420436,Заголовок про программирование 292,Текст про программирование должен быть больше 100 символов 292
293,2,2025-09-09 09:04:11.420437,Заголовок про программирование 293,Текст про программирование должен быть больше 100 символов 293
294,2,2025-09-09 09:04:11.420438,Заголовок про программирование 294,Текст про программирование должен быть больше 100 символов 294
295,1,2025-09-09 09:04:11.420439,Заголовок про программирование 295,Текст про программирование должен быть больше 100 символов 295
296,2,2025-09-09 09:04:11.420440,Заголовок про программирование 296,Текст про программирование должен быть больше 100 символов 296
297,2,2025-09-09 09:04:11.420441,Заголовок про программирование 297,Текст про программирование должен быть больше 100 символов 297
298,1,2025-09-09 09:04:11.420442,Заголовок про программирование 298,Текст про программирование должен быть больше 100 символов 298
299,2,2025-09-09 09:04:11.420443,Заголовок про программирование 299,Текст про программирование должен быть больше 100 символов 299
300,2,2025-09-09 09:04:11.420444,Заголовок про программирование 300,Текст про программирование должен быть больше 100 символов 300
301,3,2025-09-09 09:04:11.420445,Заголовок про программирование 301,Текст про программирование должен быть больше 100 символов 301
302,2,2025-09-09 09:04:11.420446,Заголовок про программирование 302,Текст про программирование должен быть больше 100 символов 302
303,2,2025-09-09 09:04:11.420447,Заголовок про программирование 303,Текст про программирование должен быть больше 100 символов 303
304,2,2025-09-09 09:04:11.420448,Заголовок про программирование 304,Текст про программирование должен быть больше 100 символов 304
305,1,2025-09-09 09:04:11.420449,Заголовок про программирование 305,Текст про программирование должен быть больше 100 символов 305
306,3,2025-09-09 09:04:11.420450,Заголовок про программирование 306,Текст про программирование должен быть больше 100 символов 306
307,3,2025-09-09 09:04:11.420451,Заголовок про программирование 307,Текст про программирование должен быть больше 100 символов 307
308,3,2025-09-09 09:04:11.420452,Заголовок про программирование 308,Текст про программирование должен быть больше 100 символов 308
309,3,2025-09-09 09:04:11.420453,Заголовок про программирование 309,Текст про программирование должен быть больше 100 символов 309
310,3,2025-09-09 09:04:11.420454,Заголовок про программирование 310,Текст про программирование должен быть больше 100 символов 310
311,3,2025-09-09 09:04:11.420455,Заголовок про программирование 311,Текст про программирование должен быть больше 100 символов 311
312,2,2025-09-09 09:04:11.420456,Заголовок про программирование 312,Текст про программирование должен быть больше 100 символов 312
313,3,2025-09-09 09:04:11.420457,Заголовок про программирование 313,Текст про программирование должен быть больше 100 символов 313
314,1,2025-09-09 09:04:11.420458,Заголовок про программирование 314,Текст про программирование должен быть больше 100 символов 314
315,2,2025-09-09 09:04:11.420459,Заголовок про программирование 315,Текст про программирование должен быть больше 100 символов 315
316,1,2025-09-09 09:04:11.420460,Заголовок про программирование 316,Текст про программирование должен быть больше 100 символов 316
317,1,2025-09-09 09:04:11.420461,Заголовок про программирование 317,Текст про программирование должен быть больше 100 символов 317
318,1,2025-09-09 09:04:11.420462,Заголовок про программирование 318,Текст про программирование должен быть больше 100 символов 318
319,3,2025-09-09 09:04:11.420463,Заголовок про программирование 319,Текст про программирование должен быть больше 100 символов 319
320,1,2025-09-09 09:04:11.420464,Заголовок про программирование 320,Текст про программирование должен быть больше 100 символов 320
321,3,2025-09-09 09:04:11.420465,Заголовок про программирование 321,Текст про программирование должен быть больше 100 символов 321
322,1,2025-09-09 09:04:11.420466,Заголовок про программирование 322,Текст про программирование должен быть больше 100 символов 322
323,2,2025-09-09 09:04:11.420467,Заголовок про программирование 323,Текст про программирование должен быть больше 100 символов 323
324,3,2025-09-09 09:04:11.420468,Заголовок про программирование 324,Текст про программирование должен быть больше 100 символов 324
325,2,2025-09-09 09:04:11.420469,Заголовок про программирование 325,Текст про программирование должен быть больше 100 символов 325
326,1,2025-09-09 09:04:11.420470,Заголовок про программирование 326,Текст про программирование должен быть больше 100 символов 326
327,1,2025-09-09 09:04:11.420471,Заголовок про программирование 327,Текст про программирование должен быть больше 100 символов 327
328,1,2025-09-09 09:04:11.420472,Заголовок про программирование 328,Текст про программирование должен быть больше 100 символов 328
329,1,2025-09-09 09:04:11.420473,Заголовок про программирование 329,Текст про программирование должен быть больше 100 символов 329
330,3,2025-09-09 09:04:11.420474,Заголовок про программирование 330,Текст про программирование должен быть больше 100 символов 330
331,3,2025-09-09 09:04:11.420475,Заголовок про программирование 331,Текст про программирование должен быть больше 100 символов 331
332,3,2025-09-09 09:04:11.420476,Заголовок про программирование 332,Текст про программирование должен быть больше 100 символов 332
333,3,2025-09-09 09:04:11.420477,Заголовок про программирование 333,Текст про программирование должен быть больше 100 символов 333
334,2,2025-09-09 09:04:11.420478,Заголовок про программирование 334,Текст про программирование должен быть больше 100 символов 334
335,3,2025-09-09 09:04:11.420479,Заголовок про программирование 335,Текст про программирование должен быть больше 100 символов 335
336,1,2025-09-09 09:04:11.420480,Заголовок про программирование 336,Текст про программирование должен быть больше 100 символов 336
337,1,2025-09-09 09:04:11.420481,Заголовок про программирование 337,Текст про программирование должен быть больше 100 символов 337
338,2,2025-09-09 09:04:11.420482,Заголовок про программирование 338,Текст про программирование должен быть больше 100 символов 338
339,1,2025-09-09 09:04:11.420483,Заголовок про программирование 339,Текст про программирование должен быть больше 100 символов 339
340,1,2025-09-09 09:04:11.420484,Заголовок про программирование 340,Текст про программирование должен быть больше 100 символов 340
341,3,2025-09-09 09:04:11.420485,Заголовок про программирование 341,Текст про программирование должен быть больше 100 символов 341
342,3,2025-09-09 09:04:11.420486,Заголовок про программирование 342,Текст про программирование должен быть больше 100 символов 342
343,3,2025-09-09 09:04:11.420487,Заголовок про программирование 343,Текст про программирование должен быть больше 100 символов 343
344,2,2025-09-09 09:04:11.420488,Заголовок про программирование 344,Текст про программирование должен быть больше 100 символов 344
345,3,2025-09-09 09:04:11.420489,Заголовок про программирование 345,Текст про программирование должен быть больше 100 символов 345
346,2,2025-09-09 09:04:11.420490,Заголовок про программирование 346,Текст про программирование должен быть больше 100 символов 346
347,3,2025-09-09 09:04:11.420491,Заголовок про программирование 347,Текст про программирование должен быть больше 100 символов 347
348,3,2025-09-09 09:04:11.420492,Заголовок про программирование 348,Текст про программирование должен быть больше 100 символов 348
349,1,2025-09-09 09:04:11.420493,Заголовок про программирование 349,Текст про программирование должен быть больше 100 символов 349
350,3,2025-09-09 09:04:11.420494,Заголовок про программирование 350,Текст про программирование должен быть больше 100 символов 350
351,2,2025-09-09 09:04:11.420495,Заголовок про программирование 351,Текст про программирование должен быть больше 100 символов 351
352,1,2025-09-09 09:04:11.420496,Заголовок про программирование 352,Текст про программирование должен быть больше 100 символов 352
353,2,2025-09-09 09:04:11.420497,Заголовок про программирование 353,Текст про программирование должен быть больше 100 символов 353
354,2,2025-09-09 09:04:11.420498,Заголовок про программирование 354,Текст про программирование должен быть больше 100 символов 354
355,3,2025-09-09 09:04:11.420499,Заголовок про программирование 355,Текст про программирование должен быть больше 100 символов 355
356,3,2025-09-09 09:04:11.420500,Заголовок про программирование 356,Текст про программирование должен быть больше 100 символов 356
357,1,2025-09-09 09:04:11.420501,Заголовок про программирование 357,Текст про программирование должен быть больше 100 символов 357
358,2,2025-09-09 09:04:11.420502,Заголовок про программирование 358,Текст про программирование должен быть больше 100 символов 358
359,2,2025-09-09 09:04:11.420503,Заголовок про программирование 359,Текст про программирование должен быть больше 100 символов 359
360,3,2025-09-09 09:04:11.420504,Заголовок про программирование 360,Текст про программирование должен быть больше 100 символов 360
361,3,2025-09-09 09:04:11.420505,Заголовок про программирование 361,Текст про программирование должен быть больше 100 символов 361
362,2,2025-09-09 09:04:11.420506,Заголовок про программирование 362,Текст про программирование должен быть больше 100 символов 362
363,2,2025-09-09 09:04:11.420507,Заголовок про программирование 363,Текст про программирование должен быть больше 100 символов 363
364,3,2025-09-09 09:04:11.420508,Заголовок про программирование 364,Текст про программирование должен быть больше 100 символов 364
365,1,2025-09-09 09:04:11.420509,Заголовок про программирование 365,Текст про программирование должен быть больше 100 символов 365
366,2,2025-09-09 09:04:11.420510,Заголовок про программирование 366,Текст про программирование должен быть больше 100 символов 366
367,3,2025-09-09 09:04:11.420511,Заголовок про программирование 367,Текст про программирование должен быть больше 100 символов 367
368,2,2025-09-09 09:04:11.420512,Заголовок про программирование 368,Текст про программирование должен быть больше 100 символов 368
369,3,2025-09-09 09:04:11.420513,Заголовок про программирование 369,Текст про программирование должен быть больше 100 символов 369
370,2,2025-09-09 09:04:11.420514,Заголовок про программирование 370,Текст про программирование должен быть больше 100 символов 370
371,2,2025-09-09 09:04:11.420515,Заголовок про программирование 371,Текст про программирование должен быть больше 100 символов 371
372,3,2025-09-09 09:04:11.420516,Заголовок про программирование 372,Текст про программирование должен быть больше 100 символов 372
373,1,2025-09-09 09:04:11.420517,Заголовок про программирование 373,Текст про программирование должен быть больше 100 символов 373
374,1,2025-09-09 09:04:11.420518,Заголовок про программирование 374,Текст про программирование должен быть больше 100 символов 374
375,2,2025-09-09 09:04:11.420519,Заголовок про программирование 375,Текст про программирование должен быть больше 100 символов 375
376,1,2025-09-09 09:04:11.420520,Заголовок про программирование 376,Текст про программирование должен быть больше 100 символов 376
377,3,2025-09-09 09:04:11.420521,Заголовок про программирование 377,Текст про программирование должен быть больше 100 символов 377
378,1,2025-09-09 09:04:11.420522,Заголовок про программирование 378,Текст про программирование должен быть больше 100 символов 378
379,3,2025-09-09 09:04:11.420523,Заголовок про программирование 379,Текст про программирование должен быть больше 100 символов 379
380,3,2025-09-09 09:04:11.420524,Заголовок про программирование 380,Текст про программирование должен быть больше 100 символов 380
381,2,2025-09-09 09:04:11.420525,Заголовок про программирование 381,Текст про программирование должен быть больше 100 символов 381
382,2,2025-09-09 09:04:11.420526,Заголовок про программирование 382,Текст про программирование должен быть больше 100 символов 382
383,2,2025-09-09 09:04:11.420527,Заголовок про программирование 383,Текст про программирование должен быть больше 100 символов 383
384,3,2025-09-09 09:04:11.420528,Заголовок про программирование 384,Текст про программирование должен быть больше 100 символов 384
385,3,2025-09-09 09:04:11.420529,Заголовок про программирование 385,Текст про программирование должен быть больше 100 символов 385
386,1,2025-09-09 09:04:11.420530,Заголовок про программирование 386,Текст про программирование должен быть больше 100 символов 386
387,1,2025-09-09 09:04:11.420531,Заголовок про программирование 387,Текст про программирование должен быть больше 100 символов 387
388,2,2025-09-09 09:04:11.420532,Заголовок про программирование 388,Текст про программирование должен быть больше 100 символов 388
389,3,2025-09-09 09:04:11.420533,Заголовок про программирование 389,Текст про программирование должен быть больше 100 символов 389
390,3,2025-09-09 09:04:11.420534,Заголовок про программирование 390,Текст про программирование должен быть больше 100 символов 390
391,2,2025-09-09 09:04:11.420535,Заголовок про программирование 391,Текст про программирование должен быть больше 100 символов 391
392,2,2025-09-09 09:04:11.420536,Заголовок про программирование 392,Текст про программирование должен быть больше 100 символов 392
393,3,2025-09-09 09:04:11.420537,Заголовок про программирование 393,Текст про программирование должен быть больше 100 символов 393
394,2,2025-09-09 09:04:11.420538,Заголовок про программирование 394,Текст про программирование должен быть больше 100 символов 394
395,3,2025-09-09 09:04:11.420539,Заголовок про программирование 395,Текст про программирование должен быть больше 100 символов 395
396,1,2025-09-09 09:04:11.420540,Заголовок про программирование 396,Текст про программирование должен быть больше 100 символов 396
397,2,2025-09-09 09:04:11.420541,Заголовок про программирование 397,Текст про программирование должен быть больше 100 символов 397
398,1,2025-09-09 09:04:11.420542,Заголовок про программирование 398,Текст про программирование должен быть больше 100 символов 398
399,2,2025-09-09 09:04:11.420543,Заголовок про программирование 399,Текст про программирование должен быть больше 100 символов 399
400,3,2025-09-09 09:04:11.420544,Заголовок про программирование 400,Текст про программирование должен быть больше 100 символов 400
401,1,2025-09-09 09:04:11.420545,Заголовок про программирование 401,Текст про программирование должен быть больше 100 символов 401
402,3,2025-09-09 09:04:11.420546,Заголовок про программирование 402,Текст про программирование должен быть больше 100 символов 402
403,1,2025-09-09 09:04:11.420547,Заголовок про программирование 403,Текст про программирование должен быть больше 100 символов 403
404,1,2025-09-09 09:04:11.420548,Заголовок про программирование 404,Текст про программирование должен быть больше 100 символов 404
405,1,2025-09-09 09:04:11.420549,Заголовок про программирование 405,Текст про программирование должен быть больше 100 символов 405
406,1,2025-09-09 09:04:11.420550,Заголовок про программирование 406,Текст про программирование должен быть больше 100 символов 406
407,2,2025-09-09 09:04:11.420551,Заголовок про программирование 407,Текст про программирование должен быть больше 100 символов 407
408,3,2025-09-09 09:04:11.420552,Заголовок про программирование 408,Текст про программирование должен быть больше 100 символов 408
409,1,2025-09-09 09:04:11.420553,Заголовок про программирование 409,Текст про программирование должен быть больше 100 символов 409
410,2,2025-09-09 09:04:11.420554,Заголовок про программирование 410,Текст про программирование должен быть больше 100 символов 410
411,2,2025-09-09 09:04:11.420555,Заголовок про программирование 411,Текст про программирование должен быть больше 100 символов 411
412,3,2025-09-09 09:04:11.420556,Заголовок про программирование 412,Текст про программирование должен быть больше 100 символов 412
413,3,2025-09-09 09:04:11.420557,Заголовок про программирование 413,Текст про программирование должен быть больше 100 символов 413
414,1,2025-09-09 09:04:11.420558,Заголовок про программирование 414,Текст про программирование должен быть больше 100 символов 414
415,2,2025-09-09 09:04:11.420559,Заголовок про программирование 415,Текст про программирование должен быть больше 100 символов 415
416,2,2025-09-09 09:04:11.420560,Заголовок про программирование 416,Текст про программирование должен быть больше 100 символов 416
417,2,2025-09-09 09:04:11.420561,Заголовок про программирование 417,Текст про программирование должен быть больше 100 символов 417
418,3,2025-09-09 09:04:11.420562,Заголовок про программирование 418,Текст про программирование должен быть больше 100 символов 418
419,2,2025-09-09 09:04:11.420563,Заголовок про программирование 419,Текст про программирование должен быть больше 100 символов 419
420,3,2025-09-09 09:04:11.420564,Заголовок про программирование 420,Текст про программирование должен быть больше 100 символов 420
421,1,2025-09-09 09:04:11.420565,Заголовок про программирование 421,Текст про программирование должен быть больше 100 символов 421
422,2,2025-09-09 09:04:11.420566,Заголовок про программирование 422,Текст про программирование должен быть больше 100 символов 422
423,2,2025-09-09 09:04:11.420567,Заголовок про программирование 423,Текст про программирование должен быть больше 100 символов 423
424,2,2025-09-09 09:04:11.420568,Заголовок про программирование 424,Текст про программирование должен быть больше 100 символов 424
425,1,2025-09-09 09:04:11.420569,Заголовок про программирование 425,Текст про программирование должен быть больше 100 символов 425
426,2,2025-09-09 09:04:11.420570,Заголовок про программирование 426,Текст про программирование должен быть больше 100 символов 426
427,3,2025-09-09 09:04:11.420571,Заголовок про программирование 427,Текст про программирование должен быть больше 100 символов 427
428,2,2025-09-09 09:04:11.420572,Заголовок про программирование 428,Текст про программирование должен быть больше 100 символов 428
429,3,2025-09-09 09:04:11.420573,Заголовок про программирование 429,Текст про программирование должен быть больше 100 символов 429
430,3,2025-09-09 09:04:11.420574,Заголовок про программирование 430,Текст про программирование должен быть больше 100 символов 430
431,3,2025-09-09 09:04:11.420575,Заголовок про программирование 431,Текст про программирование должен быть больше 100 символов 431
432,3,2025-09-09 09:04:11.420576,Заголовок про программирование 432,Текст про программирование должен быть больше 100 символов 432
433,1,2025-09-09 09:04:11.420577,Заголовок про программирование 433,Текст про программирование должен быть больше 100 символов 433
434,3,2025-09-09 09:04:11.420578,Заголовок про программирование 434,Текст про программирование должен быть больше 100 символов 434
435,1,2025-09-09 09:04:11.420579,Заголовок про программирование 435,Текст про программирование должен быть больше 100 символов 435
436,1,2025-09-09 09:04:11.420580,Заголовок про программирование 436,Текст про программирование должен быть больше 100 символов 436
437,1,2025-09-09 09:04:11.420581,Заголовок про программирование 437,Текст про программирование должен быть больше 100 символов 437
438,2,2025-09-09 09:04:11.420582,Заголовок про программирование 438,Текст про программирование должен быть больше 100 символов 438
439,3,2025-09-09 09:04:11.420583,Заголовок про программирование 439,Текст про программирование должен быть больше 100 символов 439
440,3,2025-09-09 09:04:11.420584,Заголовок про программирование 440,Текст про программирование должен быть больше 100 символов 440
441,2,2025-09-09 09:04:11.420585,Заголовок про программирование 441,Текст про программирование должен быть больше 100 символов 441
442,1,2025-09-09 09:04:11.420586,Заголовок про программирование 442,Текст про программирование должен быть больше 100 символов 442
443,1,2025-09-09 09:04:11.420587,Заголовок про программирование 443,Текст про программирование должен быть больше 100 символов 443
444,2,2025-09-09 09:04:11.420588,Заголовок про программирование 444,Текст про программирование должен быть больше 100 символов 444
445,1,2025-09-09 09:04:11.420589,Заголовок про программирование 445,Текст про программирование должен быть больше 100 символов 445
446,2,2025-09-09 09:04:11.420590,Заголовок про программирование 446,Текст про программирование должен быть больше 100 символов 446
447,1,2025-09-09 09:04:11.420591,Заголовок про программирование 447,Текст про программирование должен быть больше 100 символов 447
448,3,2025-09-09 09:04:11.420592,Заголовок про программирование 448,Текст про программирование должен быть больше 100 символов 448
449,3,2025-09-09 09:04:11.420593,Заголовок про программирование 449,Текст про программирование должен быть больше 100 символов 449
450,1,2025-09-09 09:04:11.420594,Заголовок про программирование 450,Текст про программирование должен быть больше 100 символов 450
451,2,2025-09-09 09:04:11.420595,Заголовок про программирование 451,Текст про программирование должен быть больше 100 символов 451
452,2,2025-09-09 09:04:11.420596,Заголовок про программирование 452,Текст про программирование должен быть больше 100 символов 452
453,2,2025-09-09 09:04:11.420597,Заголовок про программирование 453,Текст про программирование должен быть больше 100 символов 453
454,3,2025-09-09 09:04:11.420598,Заголовок про программирование 454,Текст про программирование должен быть больше 100 символов 454
455,2,2025-09-09 09:04:11.420599,Заголовок про программирование 455,Текст про программирование должен быть больше 100 символов 455
456,1,2025-09-09 09:04:11.420600,Заголовок про программирование 456,Текст про программирование должен быть больше 100 символов 456
457,1,2025-09-09 09:04:11.420601,Заголовок про программирование 457,Текст про программирование должен быть больше 100 символов 457
458,3,2025-09-09 09:04:11.420602,Заголовок про программирование 458,Текст про программирование должен быть больше 100 символов 458
459,1,2025-09-09 09:04:11.420603,Заголовок про программирование 459,Текст про программирование должен быть больше 100 символов 459
460,2,2025-09-09 09:04:11.420604,Заголовок про программирование 460,Текст про программирование должен быть больше 100 символов 460
461,3,2025-09-09 09:04:11.420605,Заголовок про программирование 461,Текст про программирование должен быть больше 100 символов 461
462,1,2025-09-09 09:04:11.420606,Заголовок про программирование 462,Текст про программирование должен быть больше 100 символов 462
463,1,2025-09-09 09:04:11.420607,Заголовок про программирование 463,Текст про программирование должен быть больше 100 символов 463
464,3,2025-09-09 09:04:11.420608,Заголовок про программирование 464,Текст про программирование должен быть больше 100 символов 464
465,1,2025-09-09 09:04:11.420609,Заголовок про программирование 465,Текст про программирование должен быть больше 100 символов 465
466,3,2025-09-09 09:04:11.420610,Заголовок про программирование 466,Текст про программирование должен быть больше 100 символов 466
467,3,2025-09-09 09:04:11.420611,Заголовок про программирование 467,Текст про программирование должен быть больше 100 символов 467
468,3,2025-09-09 09:04:11.420612,Заголовок про программирование 468,Текст про программирование должен быть больше 100 символов 468
469,1,2025-09-09 09:04:11.420613,Заголовок про программирование 469,Текст про программирование должен быть больше 100 символов 469
470,2,2025-09-09 09:04:11.420614,Заголовок про программирование 470,Текст про программирование должен быть больше 100 символов 470
471,2,2025-09-09 09:04:11.420615,Заголовок про программирование 471,Текст про программирование должен быть больше 100 символов 471
472,2,2025-09-09 09:04:11.420616,Заголовок про программирование 472,Текст про программирование должен быть больше 100 символов 472
473,3,2025-09-09 09:04:11.420617,Заголовок про программирование 473,Текст про программирование должен быть больше 100 символов 473
474,2,2025-09-09 09:04:11.420618,Заголовок про программирование 474,Текст про программирование должен быть больше 100 символов 474
475,3,2025-09-09 09:04:11.420619,Заголовок про программирование 475,Текст про программирование должен быть больше 100 символов 475
476,1,2025-09-09 09:04:11.420620,Заголовок про программирование 476,Текст про программирование должен быть больше 100 символов 476
477,1,2025-09-09 09:04:11.420621,Заголовок про программирование 477,Текст про программирование должен быть больше 100 символов 477
478,2,2025-09-09 09:04:11.420622,Заголовок про программирование 478,Текст про программирование должен быть больше 100 символов 478
479,1,2025-09-09 09:04:11.420623,Заголовок про программирование 479,Текст про программирование должен быть больше 100 символов 479
480,2,2025-09-09 09:04:11.420624,Заголовок про программирование 480,Текст про программирование должен быть больше 100 символов 480
481,2,2025-09-09 09:04:11.420625,Заголовок про программирование 481,Текст про программирование должен быть больше 100 символов 481
482,2,2025-09-09 09:04:11.420626,Заголовок про программирование 482,Текст про программирование должен быть больше 100 символов 482
483,2,2025-09-09 09:04:11.420627,Заголовок про программирование 483,Текст про программирование должен быть больше 100 символов 483
484,3,2025-09-09 09:04:11.420628,Заголовок про программирование 484,Текст про программирование должен быть больше 100 символов 484
485,1,2025-09-09 09:04:11.420629,Заголовок про программирование 485,Текст про программирование должен быть больше 100 символов 485
486,3,2025-09-09 09:04:11.420630,Заголовок про программирование 486,Текст про программирование должен быть больше 100 символов 486
487,1,2025-09-09 09:04:11.420631,Заголовок про программирование 487,Текст про программирование должен быть больше 100 символов 487
488,3,2025-09-09 09:04:11.420632,Заголовок про программирование 488,Текст про программирование должен быть больше 100 символов 488
489,2,2025-09-09 09:04:11.420633,Заголовок про программирование 489,Текст про программирование должен быть больше 100 символов 489
490,2,2025-09-09 09:04:11.420634,Заголовок про программирование 490,Текст про программирование должен быть больше 100 символов 490
491,3,2025-09-09 09:04:11.420635,Заголовок про программирование 491,Текст про программирование должен быть больше 100 символов 491
492,3,2025-09-09 09:04:11.420636,Заголовок про программирование 492,Текст про программирование должен быть больше 100 символов 492
493,3,2025-09-09 09:04:11.420637,Заголовок про программирование 493,Текст про программирование должен быть больше 100 символов 493
494,2,2025-09-09 09:04:11.420638,Заголовок про программирование 494,Текст про программирование должен быть больше 100 символов 494
495,3,2025-09-09 09:04:11.420639,Заголовок про программирование 495,Текст про программирование должен быть больше 100 символов 495
496,1,2025-09-09 09:04:11.420640,Заголовок про программирование 496,Текст про программирование должен быть больше 100 символов 496
497,3,2025-09-09 09:04:11.420641,Заголовок про программирование 497,Текст про программирование должен быть больше 100 символов 497
498,1,2025-09-09 09:04:11.420642,Заголовок про программирование 498,Текст про программирование должен быть больше 100 символов 498
499,1,2025-09-09 09:04:11.420643,Заголовок про программирование 499,Текст про программирование должен быть больше 100 символов 499
500,3,2025-09-09 09:04:11.420644,Заголовок про программирование 500,Текст про программирование должен быть больше 100 символов 500
501,1,2025-09-09 09:04:11.420645,Заголовок про программирование 501,Текст про программирование должен быть больше 100 символов 501
502,2,2025-09-09 09:04:11.420646,Заголовок про программирование 502,Текст про программирование должен быть больше 100 символов 502
503,3,2025-09-09 09:04:11.420647,Заголовок про программирование 503,Текст про программирование должен быть больше 100 символов 503
504,1,2025-09-09 09:04:11.420648,Заголовок про программирование 504,Текст про программирование должен быть больше 100 символов 504
505,3,2025-09-09 09:04:11.420649,Заголовок про программирование 505,Текст про программирование должен быть больше 100 символов 505
506,3,2025-09-09 09:04:11.420650,Заголовок про программирование 506,Текст про программирование должен быть больше 100 символов 506
507,1,2025-09-09 09:04:11.420651,Заголовок про программирование 507,Текст про программирование должен быть больше 100 символов 507
508,3,2025-09-09 09:04:11.420652,Заголовок про программирование 508,Текст про программирование должен быть больше 100 символов 508
509,3,2025-09-09 09:04:11.420653,Заголовок про программирование 509,Текст про программирование должен быть больше 100 символов 509
510,1,2025-09-09 09:04:11.420654,Заголовок про программирование 510,Текст про программирование должен быть больше 100 символов 510
511,3,2025-09-09 09:04:11.420655,Заголовок про программирование 511,Текст про программирование должен быть больше 100 символов 511
512,2,2025-09-09 09:04:11.420656,Заголовок про программирование 512,Текст про программирование должен быть больше 100 символов 512
513,2,2025-09-09 09:04:11.420657,Заголовок про программирование 513,Текст про программирование должен быть больше 100 символов 513
514,1,2025-09-09 09:04:11.420658,Заголовок про программирование 514,Текст про программирование должен быть больше 100 символов 514
515,1,2025-09-09 09:04:11.420659,Заголовок про программирование 515,Текст про программирование должен быть больше 100 символов 515
516,3,2025-09-09 09:04:11.420660,Заголовок про программирование 516,Текст про программирование должен быть больше 100 символов 516
517,2,2025-09-09 09:04:11.420661,Заголовок про программирование 517,Текст про программирование должен быть больше 100 символов 517
518,2,2025-09-09 09:04:11.420662,Заголовок про программирование 518,Текст про программирование должен быть больше 100 символов 518
519,1,2025-09-09 09:04:11.420663,Заголовок про программирование 519,Текст про программирование должен быть больше 100 символов 519
520,1,2025-09-09 09:04:11.420664,Заголовок про программирование 520,Текст про программирование должен быть больше 100 символов 520
521,2,2025-09-09 09:04:11.420665,Заголовок про программирование 521,Текст про программирование должен быть больше 100 символов 521
522,1,2025-09-09 09:04:11.420666,Заголовок про программирование 522,Текст про программирование должен быть больше 100 символов 522
523,3,2025-09-09 09:04:11.420667,Заголовок про программирование 523,Текст про программирование должен быть больше 100 символов 523
524,1,2025-09-09 09:04:11.420668,Заголовок про программирование 524,Текст про программирование должен быть больше 100 символов 524
525,3,2025-09-09 09:04:11.420669,Заголовок про программирование 525,Текст про программирование должен быть больше 100 символов 525
526,3,2025-09-09 09:04:11.420670,Заголовок про программирование 526,Текст про программирование должен быть больше 100 символов 526
527,1,2025-09-09 09:04:11.420671,Заголовок про программирование 527,Текст про программирование должен быть больше 100 символов 527
528,1,2025-09-09 09:04:11.420672,Заголовок про программирование 528,Текст про программирование должен быть больше 100 символов 528
529,2,2025-09-09 09:04:11.420673,Заголовок про программирование 529,Текст про программирование должен быть больше 100 символов 529
530,1,2025-09-09 09:04:11.420674,Заголовок про программирование 530,Текст про программирование должен быть больше 100 символов 530
531,2,2025-09-09 09:04:11.420675,Заголовок про программирование 531,Текст про программирование должен быть больше 100 символов 531
532,3,2025-09-09 09:04:11.420676,Заголовок про программирование 532,Текст про программирование должен быть больше 100 символов 532
533,2,2025-09-09 09:04:11.420677,Заголовок про программирование 533,Текст про программирование должен быть больше 100 символов 533
534,2,2025-09-09 09:04:11.420678,Заголовок про программирование 534,Текст про программирование должен быть больше 100 символов 534
535,3,2025-09-09 09:04:11.420679,Заголовок про программирование 535,Текст про программирование должен быть больше 100 символов 535
536,1,2025-09-09 09:04:11.420680,Заголовок про программирование 536,Текст про программирование должен быть больше 100 символов 536
537,2,2025-09-09 09:04:11.420681,Заголовок про программирование 537,Текст про программирование должен быть больше 100 символов 537
538,3,2025-09-09 09:04:11.420682,Заголовок про программирование 538,Текст про программирование должен быть больше 100 символов 538
539,2,2025-09-09 09:04:11.420683,Заголовок про программирование 539,Текст про программирование должен быть больше 100 символов 539
540,2,2025-09-09 09:04:11.420684,Заголовок про программирование 540,Текст про программирование должен быть больше 100 символов 540
541,1,2025-09-09 09:04:11.420685,Заголовок про программирование 541,Текст про программирование должен быть больше 100 символов 541
542,2,2025-09-09 09:04:11.420686,Заголовок про программирование 542,Текст про программирование должен быть больше 100 символов 542
543,3,2025-09-09 09:04:11.420687,Заголовок про программирование 543,Текст про программирование должен быть больше 100 символов 543
544,1,2025-09-09 09:04:11.420688,Заголовок про программирование 544,Текст про программирование должен быть больше 100 символов 544
545,2,2025-09-09 09:04:11.420689,Заголовок про программирование 545,Текст про программирование должен быть больше 100 символов 545
546,1,2025-09-09 09:04:11.420690,Заголовок про программирование 546,Текст про программирование должен быть больше 100 символов 546
547,1,2025-09-09 09:04:11.420691,Заголовок про программирование 547,Текст про программирование должен быть больше 100 символов 547
548,1,2025-09-09 09:04:11.420692,Заголовок про программирование 548,Текст про программирование должен быть больше 100 символов 548
549,2,2025-09-09 09:04:11.420693,Заголовок про программирование 549,Текст про программирование должен быть больше 100 символов 549
550,1,2025-09-09 09:04:11.420694,Заголовок про программирование 550,Текст про программирование должен быть больше 100 символов 550
551,1,2025-09-09 09:04:11.420695,Заголовок про программирование 551,Текст про программирование должен быть больше 100 символов 551
552,2,2025-09-09 09:04:11.420696,Заголовок про программирование 552,Текст про программирование должен быть больше 100 символов 552
553,2,2025-09-09 09:04:11.420697,Заголовок про программирование 553,Текст про программирование должен быть больше 100 символов 553
554,2,2025-09-09 09:04:11.420698,Заголовок про программирование 554,Текст про программирование должен быть больше 100 символов 554
555,2,2025-09-09 09:04:11.420699,Заголовок про программирование 555,Текст про программирование должен быть больше 100 символов 555
556,3,2025-09-09 09:04:11.420700,Заголовок про программирование 556,Текст про программирование должен быть больше 100 символов 556
557,3,2025-09-09 09:04:11.420701,Заголовок про программирование 557,Текст про программирование должен быть больше 100 символов 557
558,1,2025-09-09 09:04:11.420702,Заголовок про программирование 558,Текст про программирование должен быть больше 100 символов 558
559,1,2025-09-09 09:04:11.420703,Заголовок про программирование 559,Текст про программирование должен быть больше 100 символов 559
560,3,2025-09-09 09:04:11.420704,Заголовок про программирование 560,Текст про программирование должен быть больше 100 символов 560
561,3,2025-09-09 09:04:11.420705,Заголовок про программирование 561,Текст про программирование должен быть больше 100 символов 561
562,1,2025-09-09 09:04:11.420706,Заголовок про программирование 562,Текст про программирование должен быть больше 100 символов 562
563,3,2025-09-09 09:04:11.420707,Заголовок про программирование 563,Текст про программирование должен быть больше 100 символов 563
564,2,2025-09-09 09:04:11.420708,Заголовок про программирование 564,Текст про программирование должен быть больше 100 символов 564
565,3,2025-09-09 09:04:11.420709,Заголовок про программирование 565,Текст про программирование должен быть больше 100 символов 565
566,2,2025-09-09 09:04:11.420710,Заголовок про программирование 566,Текст про программирование должен быть больше 100 символов 566
567,3,2025-09-09 09:04:11.420711,Заголовок про программирование 567,Текст про программирование должен быть больше 100 символов 567
568,2,2025-09-09 09:04:11.420712,Заголовок про программирование 568,Текст про программирование должен быть больше 100 символов 568
569,3,2025-09-09 09:04:11.420713,Заголовок про программирование 569,Текст про программирование должен быть больше 100 символов 569
570,2,2025-09-09 09:04:11.420714,Заголовок про программирование 570,Текст про программирование должен быть больше 100 символов 570
571,2,2025-09-09 09:04:11.420715,Заголовок про программирование 571,Текст про программирование должен быть больше 100 символов 571
572,3,2025-09-09 09:04:11.420716,Заголовок про программирование 572,Текст про программирование должен быть больше 100 символов 572
573,3,2025-09-09 09:04:11.420717,Заголовок про программирование 573,Текст про программирование должен быть больше 100 символов 573
574,1,2025-09-09 09:04:11.420718,Заголовок про программирование 574,Текст про программирование должен быть больше 100 символов 574
575,2,2025-09-09 09:04:11.420719,Заголовок про программирование 575,Текст про программирование должен быть больше 100 символов 575
576,1,2025-09-09 09:04:11.420720,Заголовок про программирование 576,Текст про программирование должен быть больше 100 символов 576
577,1,2025-09-09 09:04:11.420721,Заголовок про программирование 577,Текст про программирование должен быть больше 100 символов 577
578,3,2025-09-09 09:04:11.420722,Заголовок про программирование 578,Текст про программирование должен быть больше 100 символов 578
579,2,2025-09-09 09:04:11.420723,Заголовок про программирование 579,Текст про программирование должен быть больше 100 символов 579
580,3,2025-09-09 09:04:11.420724,Заголовок про программирование 580,Текст про программирование должен быть больше 100 символов 580
581,3,2025-09-09 09:04:11.420725,Заголовок про программирование 581,Текст про программирование должен быть больше 100 символов 581
582,2,2025-09-09 09:04:11.420726,Заголовок про программирование 582,Текст про программирование должен быть больше 100 символов 582
583,3,2025-09-09 09:04:11.420727,Заголовок про программирование 583,Текст про программирование должен быть больше 100 символов 583
584,3,2025-09-09 09:04:11.420728,Заголовок про программирование 584,Текст про программирование должен быть больше 100 символов 584
585,2,2025-09-09 09:04:11.420729,Заголовок про программирование 585,Текст про программирование должен быть больше 100 символов 585
586,3,2025-09-09 09:04:11.420730,Заголовок про программирование 586,Текст про программирование должен быть больше 100 символов 586
587,2,2025-09-09 09:04:11.420731,Заголовок про программирование 587,Текст про программирование должен быть больше 100 символов 587
588,3,2025-09-09 09:04:11.420732,Заголовок про программирование 588,Текст про программирование должен быть больше 100 символов 588
589,3,2025-09-09 09:04:11.420733,Заголовок про программирование 589,Текст про программирование должен быть больше 100 символов 589
590,1,2025-09-09 09:04:11.420734,Заголовок про программирование 590,Текст про программирование должен быть больше 100 символов 590
591,2,2025-09-09 09:04:11.420735,Заголовок про программирование 591,Текст про программирование должен быть больше 100 символов 591
592,3,2025-09-09 09:04:11.420736,Заголовок про программирование 592,Текст про программирование должен быть больше 100 символов 592
593,3,2025-09-09 09:04:11.420737,Заголовок про программирование 593,Текст про программирование должен быть больше 100 символов 593
594,3,2025-09-09 09:04:11.420738,Заголовок про программирование 594,Текст про программирование должен быть больше 100 символов 594
595,2,2025-09-09 09:04:11.420739,Заголовок про программирование 595,Текст про программирование должен быть больше 100 символов 595
596,2,2025-09-09 09:04:11.420740,Заголовок про программирование 596,Текст про программирование должен быть больше 100 символов 596
597,1,2025-09-09 09:04:11.420741,Заголовок про программирование 597,Текст про программирование должен быть больше 100 символов 597
598,3,2025-09-09 09:04:11.420742,Заголовок про программирование 598,Текст про программирование должен быть больше 100 символов 598
599,3,2025-09-09 09:04:11.420743,Заголовок про программирование 599,Текст про программирование должен быть больше 100 символов 599
600,3,2025-09-09 09:04:11.420744,Заголовок про программирование 600,Текст про программирование должен быть больше 100 символов 600
601,3,2025-09-09 09:04:11.420745,Заголовок про программирование 601,Текст про программирование должен быть больше 100 символов 601
602,2,2025-09-09 09:04:11.420746,Заголовок про программирование 602,Текст про программирование должен быть больше 100 символов 602
603,3,2025-09-09 09:04:11.420747,Заголовок про программирование 603,Текст про программирование должен быть больше 100 символов 603
604,3,2025-09-09 09:04:11.420748,Заголовок про программирование 604,Текст про программирование должен быть больше 100 символов 604
605,3,2025-09-09 09:04:11.420749,Заголовок про программирование 605,Текст про программирование должен быть больше 100 символов 605
606,2,2025-09-09 09:04:11.420750,Заголовок про программирование 606,Текст про программирование должен быть больше 100 символов 606
607,3,2025-09-09 09:04:11.420751,Заголовок про программирование 607,Текст про программирование должен быть больше 100 символов 607
608,1,2025-09-09 09:04:11.420752,Заголовок про программирование 608,Текст про программирование должен быть больше 100 символов 608
609,2,2025-09-09 09:04:11.420753,Заголовок про программирование 609,Текст про программирование должен быть больше 100 символов 609
610,1,2025-09-09 09:04:11.420754,Заголовок про программирование 610,Текст про программирование должен быть больше 100 символов 610
611,2,2025-09-09 09:04:11.420755,Заголовок про программирование 611,Текст про программирование должен быть больше 100 символов 611
612,3,2025-09-09 09:04:11.420756,Заголовок про программирование 612,Текст про программирование должен быть больше 100 символов 612
613,2,2025-09-09 09:04:11.420757,Заголовок про программирование 613,Текст про программирование должен быть больше 100 символов 613
614,3,2025-09-09 09:04:11.420758,Заголовок про программирование 614,Текст про программирование должен быть больше 100 символов 614
615,2,2025-09-09 09:04:11.420759,Заголовок про программирование 615,Текст про программирование должен быть больше 100 символов 615
616,1,2025-09-09 09:04:11.420760,Заголовок про программирование 616,Текст про программирование должен быть больше 100 символов 616
617,1,2025-09-09 09:04:11.420761,Заголовок про программирование 617,Текст про программирование должен быть больше 100 символов 617
618,1,2025-09-09 09:04:11.420762,Заголовок про программирование 618,Текст про программирование должен быть больше 100 символов 618
619,1,2025-09-09 09:04:11.420763,Заголовок про программирование 619,Текст про программирование должен быть больше 100 символов 619
620,2,2025-09-09 09:04:11.420764,Заголовок про программирование 620,Текст про программирование должен быть больше 100 символов 620
621,1,2025-09-09 09:04:11.420765,Заголовок про программирование 621,Текст про программирование должен быть больше 100 символов 621
622,1,2025-09-09 09:04:11.420766,Заголовок про программирование 622,Текст про программирование должен быть больше 100 символов 622
623,1,2025-09-09 09:04:11.420767,Заголовок про программирование 623,Текст про программирование должен быть больше 100 символов 623
624,3,2025-09-09 09:04:11.420768,Заголовок про программирование 624,Текст про программирование должен быть больше 100 символов 624
625,1,2025-09-09 09:04:11.420769,Заголовок про программирование 625,Текст про программирование должен быть больше 100 символов 625
626,1,2025-09-09 09:04:11.420770,Заголовок про программирование 626,Текст про программирование должен быть больше 100 символов 626
627,3,2025-09-09 09:04:11.420771,Заголовок про программирование 627,Текст про программирование должен быть больше 100 символов 627
628,3,2025-09-09 09:04:11.420772,Заголовок про программирование 628,Текст про программирование должен быть больше 100 символов 628
629,3,2025-09-09 09:04:11.420773,Заголовок про программирование 629,Текст про программирование должен быть больше 100 символов 629
630,1,2025-09-09 09:04:11.420774,Заголовок про программирование 630,Текст про программирование должен быть больше 100 символов 630
631,3,2025-09-09 09:04:11.420775,Заголовок про программирование 631,Текст про программирование должен быть больше 100 символов 631
632,3,2025-09-09 09:04:11.420776,Заголовок про программирование 632,Текст про программирование должен быть больше 100 символов 632
633,2,2025-09-09 09:04:11.420777,Заголовок про программирование 633,Текст про программирование должен быть больше 100 символов 633
634,1,2025-09-09 09:04:11.420778,Заголовок про программирование 634,Текст про программирование должен быть больше 100 символов 634
635,1,2025-09-09 09:04:11.420779,Заголовок про программирование 635,Текст про программирование должен быть больше 100 символов 635
636,3,2025-09-09 09:04:11.420780,Заголовок про программирование 636,Текст про программирование должен быть больше 100 символов 636
637,2,2025-09-09 09:04:11.420781,Заголовок про программирование 637,Текст про программирование должен быть больше 100 символов 637
638,3,2025-09-09 09:04:11.420782,Заголовок про программирование 638,Текст про программирование должен быть больше 100 символов 638
639,2,2025-09-09 09:04:11.420783,Заголовок про программирование 639,Текст про программирование должен быть больше 100 символов 639
640,3,2025-09-09 09:04:11.420784,Заголовок про программирование 640,Текст про программирование должен быть больше 100 символов 640
641,3,2025-09-09 09:04:11.420785,Заголовок про программирование 641,Текст про программирование должен быть больше 100 символов 641
642,3,2025-09-09 09:04:11.420786,Заголовок про программирование 642,Текст про программирование должен быть больше 100 символов 642
643,2,2025-09-09 09:04:11.420787,Заголовок про программирование 643,Текст про программирование должен быть больше 100 символов 643
644,1,2025-09-09 09:04:11.420788,Заголовок про программирование 644,Текст про программирование должен быть больше 100 символов 644
645,2,2025-09-09 09:04:11.420789,Заголовок про программирование 645,Текст про программирование должен быть больше 100 символов 645
646,2,2025-09-09 09:04:11.420790,Заголовок про программирование 646,Текст про программирование должен быть больше 100 символов 646
647,3,2025-09-09 09:04:11.420791,Заголовок про программирование 647,Текст про программирование должен быть больше 100 символов 647
648,2,2025-09-09 09:04:11.420792,Заголовок про программирование 648,Текст про программирование должен быть больше 100 символов 648
649,3,2025-09-09 09:04:11.420793,Заголовок про программирование 649,Текст про программирование должен быть больше 100 символов 649
650,2,2025-09-09 09:04:11.420794,Заголовок про программирование 650,Текст про программирование должен быть больше 100 символов 650
651,1,2025-09-09 09:04:11.420795,Заголовок про программирование 651,Текст про программирование должен быть больше 100 символов 651
652,2,2025-09-09 09:04:11.420796,Заголовок про программирование 652,Текст про программирование должен быть больше 100 символов 652
653,2,2025-09-09 09:04:11.420797,Заголовок про программирование 653,Текст про программирование должен быть больше 100 символов 653
654,3,2025-09-09 09:04:11.420798,Заголовок про программирование 654,Текст про программирование должен быть больше 100 символов 654
655,2,2025-09-09 09:04:11.420799,Заголовок про программирование 655,Текст про программирование должен быть больше 100 символов 655
656,2,2025-09-09 09:04:11.420800,Заголовок про программирование 656,Текст про программирование должен быть больше 100 символов 656
657,1,2025-09-09 09:04:11.420801,Заголовок про программирование 657,Текст про программирование должен быть больше 100 символов 657
658,1,2025-09-09 09:04:11.420802,Заголовок про программирование 658,Текст про программирование должен быть больше 100 символов 658
659,2,2025-09-09 09:04:11.420803,Заголовок про программирование 659,Текст про программирование должен быть больше 100 символов 659
660,3,2025-09-09 09:04:11.420804,Заголовок про программирование 660,Текст про программирование должен быть больше 100 символов 660
661,3,2025-09-09 09:04:11.420805,Заголовок про программирование 661,Текст про программирование должен быть больше 100 символов 661
662,3,2025-09-09 09:04:11.420806,Заголовок про программирование 662,Текст про программирование должен быть больше 100 символов 662
663,2,2025-09-09 09:04:11.420807,Заголовок про программирование 663,Текст про программирование должен быть больше 100 символов 663
664,3,2025-09-09 09:04:11.420808,Заголовок про программирование 664,Текст про программирование должен быть больше 100 символов 664
665,3,2025-09-09 09:04:11.420809,Заголовок про программирование 665,Текст про программирование должен быть больше 100 символов 665
666,2,2025-09-09 09:04:11.420810,Заголовок про программирование 666,Текст про программирование должен быть больше 100 символов 666
667,3,2025-09-09 09:04:11.420811,Заголовок про программирование 667,Текст про программирование должен быть больше 100 символов 667
668,3,2025-09-09 09:04:11.420812,Заголовок про программирование 668,Текст про программирование должен быть больше 100 символов 668
669,2,2025-09-09 09:04:11.420813,Заголовок про программирование 669,Текст про программирование должен быть больше 100 символов 669
670,2,2025-09-09 09:04:11.420814,Заголовок про программирование 670,Текст про программирование должен быть больше 100 символов 670
671,1,2025-09-09 09:04:11.420815,Заголовок про программирование 671,Текст про программирование должен быть больше 100 символов 671
672,1,2025-09-09 09:04:11.420816,Заголовок про программирование 672,Текст про программирование должен быть больше 100 символов 672
673,2,2025-09-09 09:04:11.420817,Заголовок про программирование 673,Текст про программирование должен быть больше 100 символов 673
674,3,2025-09-09 09:04:11.420818,Заголовок про программирование 674,Текст про программирование должен быть больше 100 символов 674
675,3,2025-09-09 09:04:11.420819,Заголовок про программирование 675,Текст про программирование должен быть больше 100 символов 675
676,3,2025-09-09 09:04:11.420820,Заголовок про программирование 676,Текст про программирование должен быть больше 100 символов 676
677,2,2025-09-09 09:04:11.420821,Заголовок про программирование 677,Текст про программирование должен быть больше 100 символов 677
678,1,2025-09-09 09:04:11.420822,Заголовок про программирование 678,Текст про программирование должен быть больше 100 символов 678
679,2,2025-09-09 09:04:11.420823,Заголовок про программирование 679,Текст про программирование должен быть больше 100 символов 679
680,3,2025-09-09 09:04:11.420824,Заголовок про программирование 680,Текст про программирование должен быть больше 100 символов 680
681,3,2025-09-09 09:04:11.420825,Заголовок про программирование 681,Текст про программирование должен быть больше 100 символов 681
682,2,2025-09-09 09:04:11.420826,Заголовок про программирование 682,Текст про программирование должен быть больше 100 символов 682
683,2,2025-09-09 09:04:11.420827,Заголовок про программирование 683,Текст про программирование должен быть больше 100 символов 683
684,2,2025-09-09 09:04:11.420828,Заголовок про программирование 684,Текст про программирование должен быть больше 100 символов 684
685,3,2025-09-09 09:04:11.420829,Заголовок про программирование 685,Текст про программирование должен быть больше 100 символов 685
686,1,2025-09-09 09:04:11.420830,Заголовок про программирование 686,Текст про программирование должен быть больше 100 символов 686
687,2,2025-09-09 09:04:11.420831,Заголовок про программирование 687,Текст про программирование должен быть больше 100 символов 687
688,2,2025-09-09 09:04:11.420832,Заголовок про программирование 688,Текст про программирование должен быть больше 100 символов 688
689,2,2025-09-09 09:04:11.420833,Заголовок про программирование 689,Текст про программирование должен быть больше 100 символов 689
690,3,2025-09-09 09:04:11.420834,Заголовок про программирование 690,Текст про программирование должен быть больше 100 символов 690
691,1,2025-09-09 09:04:11.420835,Заголовок про программирование 691,Текст про программирование должен быть больше 100 символов 691
692,2,2025-09-09 09:04:11.420836,Заголовок про программирование 692,Текст про программирование должен быть больше 100 символов 692
693,3,2025-09-09 09:04:11.420837,Заголовок про программирование 693,Текст про программирование должен быть больше 100 символов 693
694,1,2025-09-09 09:04:11.420838,Заголовок про программирование 694,Текст про программирование должен быть больше 100 символов 694
695,3,2025-09-09 09:04:11.420839,Заголовок про программирование 695,Текст про программирование должен быть больше 100 символов 695
696,1,2025-09-09 09:04:11.420840,Заголовок про программирование 696,Текст про программирование должен быть больше 100 символов 696
697,2,2025-09-09 09:04:11.420841,Заголовок про программирование 697,Текст про программирование должен быть больше 100 символов 697
698,1,2025-09-09 09:04:11.420842,Заголовок про программирование 698,Текст про программирование должен быть больше 100 символов 698
699,3,2025-09-09 09:04:11.420843,Заголовок про программирование 699,Текст про программирование должен быть больше 100 символов 699
700,3,2025-09-09 09:04:11.420844,Заголовок про программирование 700,Текст про программирование должен быть больше 100 символов 700
701,1,2025-09-09 09:04:11.420845,Заголовок про программирование 701,Текст про программирование должен быть больше 100 символов 701
702,1,2025-09-09 09:04:11.420846,Заголовок про программирование 702,Текст про программирование должен быть больше 100 символов 702
703,1,2025-09-09 09:04:11.420847,Заголовок про программирование 703,Текст про программирование должен быть больше 100 символов 703
704,3,2025-09-09 09:04:11.420848,Заголовок про программирование 704,Текст про программирование должен быть больше 100 символов 704
705,1,2025-09-09 09:04:11.420849,Заголовок про программирование 705,Текст про программирование должен быть больше 100 символов 705
706,2,2025-09-09 09:04:11.420850,Заголовок про программирование 706,Текст про программирование должен быть больше 100 символов 706
707,1,2025-09-09 09:04:11.420851,Заголовок про программирование 707,Текст про программирование должен быть больше 100 символов 707
708,2,2025-09-09 09:04:11.420852,Заголовок про программирование 708,Текст про программирование должен быть больше 100 символов 708
709,3,2025-09-09 09:04:11.420853,Заголовок про программирование 709,Текст про программирование должен быть больше 100 символов 709
710,3,2025-09-09 09:04:11.420854,Заголовок про программирование 710,Текст про программирование должен быть больше 100 символов 710
711,3,2025-09-09 09:04:11.420855,Заголовок про программирование 711,Текст про программирование должен быть больше 100 символов 711
712,2,2025-09-09 09:04:11.420856,Заголовок про программирование 712,Текст про программирование должен быть больше 100 символов 712
713,1,2025-09-09 09:04:11.420857,Заголовок про программирование 713,Текст про программирование должен быть больше 100 символов 713
714,1,2025-09-09 09:04:11.420858,Заголовок про программирование 714,Текст про программирование должен быть больше 100 символов 714
715,3,2025-09-09 09:04:11.420859,Заголовок про программирование 715,Текст про программирование должен быть больше 100 символов 715
716,1,2025-09-09 09:04:11.420860,Заголовок про программирование 716,Текст про программирование должен быть больше 100 символов 716
717,2,2025-09-09 09:04:11.420861,Заголовок про программирование 717,Текст про программирование должен быть больше 100 символов 717
718,2,2025-09-09 09:04:11.420862,Заголовок про программирование 718,Текст про программирование должен быть больше 100 символов 718
719,2,2025-09-09 09:04:11.420863,Заголовок про программирование 719,Текст про программирование должен быть больше 100 символов 719
720,2,2025-09-09 09:04:11.420864,Заголовок про программирование 720,Текст про программирование должен быть больше 100 символов 720
721,1,2025-09-09 09:04:11.420865,Заголовок про программирование 721,Текст про программирование должен быть больше 100 символов 721
722,2,2025-09-09 09:04:11.420866,Заголовок про программирование 722,Текст про программирование должен быть больше 100 символов 722
723,1,2025-09-09 09:04:11.420867,Заголовок про программирование 723,Текст про программирование должен быть больше 100 символов 723
724,3,2025-09-09 09:04:11.420868,Заголовок про программирование 724,Текст про программирование должен быть больше 100 символов 724
725,2,2025-09-09 09:04:11.420869,Заголовок про программирование 725,Текст про программирование должен быть больше 100 символов 725
726,1,2025-09-09 09:04:11.420870,Заголовок про программирование 726,Текст про программирование должен быть больше 100 символов 726
727,3,2025-09-09 09:04:11.420871,Заголовок про программирование 727,Текст про программирование должен быть больше 100 символов 727
728,3,2025-09-09 09:04:11.420872,Заголовок про программирование 728,Текст про программирование должен быть больше 100 символов 728
729,1,2025-09-09 09:04:11.420873,Заголовок про программирование 729,Текст про программирование должен быть больше 100 символов 729
730,1,2025-09-09 09:04:11.420874,Заголовок про программирование 730,Текст про программирование должен быть больше 100 символов 730
731,3,2025-09-09 09:04:11.420875,Заголовок про программирование 731,Текст про программирование должен быть больше 100 символов 731
732,3,2025-09-09 09:04:11.420876,Заголовок про программирование 732,Текст про программирование должен быть больше 100 символов 732
733,2,2025-09-09 09:04:11.420877,Заголовок про программирование 733,Текст про программирование должен быть больше 100 символов 733
734,3,2025-09-09 09:04:11.420878,Заголовок про программирование 734,Текст про программирование должен быть больше 100 символов 734
735,1,2025-09-09 09:04:11.420879,Заголовок про программирование 735,Текст про программирование должен быть больше 100 символов 735
736,1,2025-09-09 09:04:11.420880,Заголовок про программирование 736,Текст про программирование должен быть больше 100 символов 736
737,1,2025-09-09 09:04:11.420881,Заголовок про программирование 737,Текст про программирование должен быть больше 100 символов 737
738,1,2025-09-09 09:04:11.420882,Заголовок про программирование 738,Текст про программирование должен быть больше 100 символов 738
739,1,2025-09-09 09:04:11.420883,Заголовок про программирование 739,Текст про программирование должен быть больше 100 символов 739
740,1,2025-09-09 09:04:11.420884,Заголовок про программирование 740,Текст про программирование должен быть больше 100 символов 740
741,1,2025-09-09 09:04:11.420885,Заголовок про программирование 741,Текст про программирование должен быть больше 100 символов 741
742,1,2025-09-09 09:04:11.420886,Заголовок про программирование 742,Текст про программирование должен быть больше 100 символов 742
743,1,2025-09-09 09:04:11.420887,Заголовок про программирование 743,Текст про программирование должен быть больше 100 символов 743
744,1,2025-09-09 09:04:11.420888,Заголовок про программирование 744,Текст про программирование должен быть больше 100 символов 744
745,3,2025-09-09 09:04:11.420889,Заголовок про программирование 745,Текст про программирование должен быть больше 100 символов 745
746,1,2025-09-09 09:04:11.420890,Заголовок про программирование 746,Текст про программирование должен быть больше 100 символов 746
747,1,2025-09-09 09:04:11.420891,Заголовок про программирование 747,Текст про программирование должен быть больше 100 символов 747
748,1,2025-09-09 09:04:11.420892,Заголовок про программирование 748,Текст про программирование должен быть больше 100 символов 748
749,2,2025-09-09 09:04:11.420893,Заголовок про программирование 749,Текст про программирование должен быть больше 100 символов 749
750,1,2025-09-09 09:04:11.420894,Заголовок про программирование 750,Текст про программирование должен быть больше 100 символов 750
751,3,2025-09-09 09:04:11.420895,Заголовок про программирование 751,Текст про программирование должен быть больше 100 символов 751
752,2,2025-09-09 09:04:11.420896,Заголовок про программирование 752,Текст про программирование должен быть больше 100 символов 752
753,2,2025-09-09 09:04:11.420897,Заголовок про программирование 753,Текст про программирование должен быть больше 100 символов 753
754,1,2025-09-09 09:04:11.420898,Заголовок про программирование 754,Текст про программирование должен быть больше 100 символов 754
755,1,2025-09-09 09:04:11.420899,Заголовок про программирование 755,Текст про программирование должен быть больше 100 символов 755
756,2,2025-09-09 09:04:11.420900,Заголовок про программирование 756,Текст про программирование должен быть больше 100 символов 756
757,1,2025-09-09 09:04:11.420901,Заголовок про программирование 757,Текст про программирование должен быть больше 100 символов 757
758,2,2025-09-09 09:04:11.420902,Заголовок про программирование 758,Текст про программирование должен быть больше 100 символов 758
759,3,2025-09-09 09:04:11.420903,Заголовок про программирование 759,Текст про программирование должен быть больше 100 символов 759
760,1,2025-09-09 09:04:11.420904,Заголовок про программирование 760,Текст про программирование должен быть больше 100 символов 760
761,1,2025-09-09 09:04:11.420905,Заголовок про программирование 761,Текст про программирование должен быть больше 100 символов 761
762,3,2025-09-09 09:04:11.420906,Заголовок про программирование 762,Текст про программирование должен быть больше 100 символов 762
763,2,2025-09-09 09:04:11.420907,Заголовок про программирование 763,Текст про программирование должен быть больше 100 символов 763
764,2,2025-09-09 09:04:11.420908,Заголовок про программирование 764,Текст про программирование должен быть больше 100 символов 764
765,3,2025-09-09 09:04:11.420909,Заголовок про программирование 765,Текст про программирование должен быть больше 100 символов 765
766,1,2025-09-09 09:04:11.420910,Заголовок про программирование 766,Текст про программирование должен быть больше 100 символов 766
767,1,2025-09-09 09:04:11.420911,Заголовок про программирование 767,Текст про программирование должен быть больше 100 символов 767
768,2,2025-09-09 09:04:11.420912,Заголовок про программирование 768,Текст про программирование должен быть больше 100 символов 768
769,3,2025-09-09 09:04:11.420913,Заголовок про программирование 769,Текст про программирование должен быть больше 100 символов 769
770,2,2025-09-09 09:04:11.420914,Заголовок про программирование 770,Текст про программирование должен быть больше 100 символов 770
771,3,2025-09-09 09:04:11.420915,Заголовок про программирование 771,Текст про программирование должен быть больше 100 символов 771
772,2,2025-09-09 09:04:11.420916,Заголовок про программирование 772,Текст про программирование должен быть больше 100 символов 772
773,3,2025-09-09 09:04:11.420917,Заголовок про программирование 773,Текст про программирование должен быть больше 100 символов 773
774,1,2025-09-09 09:04:11.420918,Заголовок про программирование 774,Текст про программирование должен быть больше 100 символов 774
775,1,2025-09-09 09:04:11.420919,Заголовок про программирование 775,Текст про программирование должен быть больше 100 символов 775
776,2,2025-09-09 09:04:11.420920,Заголовок про программирование 776,Текст про программирование должен быть больше 100 символов 776
777,1,2025-09-09 09:04:11.420921,Заголовок про программирование 777,Текст про программирование должен быть больше 100 символов 777
778,1,2025-09-09 09:04:11.420922,Заголовок про программирование 778,Текст про программирование должен быть больше 100 символов 778
779,2,2025-09-09 09:04:11.420923,Заголовок про программирование 779,Текст про программирование должен быть больше 100 символов 779
780,2,2025-09-09 09:04:11.420924,Заголовок про программирование 780,Текст про программирование должен быть больше 100 символов 780
781,1,2025-09-09 09:04:11.420925,Заголовок про программирование 781,Текст про программирование должен быть больше 100 символов 781
782,3,2025-09-09 09:04:11.420926,Заголовок про программирование 782,Текст про программирование должен быть больше 100 символов 782
783,3,2025-09-09 09:04:11.420927,Заголовок про программирование 783,Текст про программирование должен быть больше 100 символов 783
784,3,2025-09-09 09:04:11.420928,Заголовок про программирование 784,Текст про программирование должен быть больше 100 символов 784
785,3,2025-09-09 09:04:11.420929,Заголовок про программирование 785,Текст про программирование должен быть больше 100 символов 785
786,1,2025-09-09 09:04:11.420930,Заголовок про программирование 786,Текст про программирование должен быть больше 100 символов 786
787,3,2025-09-09 09:04:11.420931,Заголовок про программирование 787,Текст про программирование должен быть больше 100 символов 787
788,1,2025-09-09 09:04:11.420932,Заголовок про программирование 788,Текст про программирование должен быть больше 100 символов 788
789,3,2025-09-09 09:04:11.420933,Заголовок про программирование 789,Текст про программирование должен быть больше 100 символов 789
790,1,2025-09-09 09:04:11.420934,Заголовок про программирование 790,Текст про программирование должен быть больше 100 символов 790
791,2,2025-09-09 09:04:11.420935,Заголовок про программирование 791,Текст про программирование должен быть больше 100 символов 791
792,3,2025-09-09 09:04:11.420936,Заголовок про программирование 792,Текст про программирование должен быть больше 100 символов 792
793,3,2025-09-09 09:04:11.420937,Заголовок про программирование 793,Текст про программирование должен быть больше 100 символов 793
794,2,2025-09-09 09:04:11.420938,Заголовок про программирование 794,Текст про программирование должен быть больше 100 символов 794
795,2,2025-09-09 09:04:11.420939,Заголовок про программирование 795,Текст про программирование должен быть больше 100 символов 795
796,2,2025-09-09 09:04:11.420940,Заголовок про программирование 796,Текст про программирование должен быть больше 100 символов 796
797,1,2025-09-09 09:04:11.420941,Заголовок про программирование 797,Текст про программирование должен быть больше 100 символов 797
798,1,2025-09-09 09:04:11.420942,Заголовок про программирование 798,Текст про программирование должен быть больше 100 символов 798
799,1,2025-09-09 09:04:11.420943,Заголовок про программирование 799,Текст про программирование должен быть больше 100 символов 799
800,2,2025-09-09 09:04:11.420944,Заголовок про программирование 800,Текст про программирование должен быть больше 100 символов 800
801,2,2025-09-09 09:04:11.420945,Заголовок про программирование 801,Текст про программирование должен быть больше 100 символов 801
802,3,2025-09-09 09:04:11.420946,Заголовок про программирование 802,Текст про программирование должен быть больше 100 символов 802
803,1,2025-09-09 09:04:11.420947,Заголовок про программирование 803,Текст про программирование должен быть больше 100 символов 803
804,2,2025-09-09 09:04:11.420948,Заголовок про программирование 804,Текст про программирование должен быть больше 100 символов 804
805,3,2025-09-09 09:04:11.420949,Заголовок про программирование 805,Текст про программирование должен быть больше 100 символов 805
806,3,2025-09-09 09:04:11.420950,Заголовок про программирование 806,Текст про программирование должен быть больше 100 символов 806
807,3,2025-09-09 09:04:11.420951,Заголовок про программирование 807,Текст про программирование должен быть больше 100 символов 807
808,2,2025-09-09 09:04:11.420952,Заголовок про программирование 808,Текст про программирование должен быть больше 100 символов 808
809,2,2025-09-09 09:04:11.420953,Заголовок про программирование 809,Текст про программирование должен быть больше 100 символов 809
810,1,2025-09-09 09:04:11.420954,Заголовок про программирование 810,Текст про программирование должен быть больше 100 символов 810
811,1,2025-09-09 09:04:11.420955,Заголовок про программирование 811,Текст про программирование должен быть больше 100 символов 811
812,2,2025-09-09 09:04:11.420956,Заголовок про программирование 812,Текст про программирование должен быть больше 100 символов 812
813,2,2025-09-09 09:04:11.420957,Заголовок про программирование 813,Текст про программирование должен быть больше 100 символов 813
814,2,2025-09-09 09:04:11.420958,Заголовок про программирование 814,Текст про программирование должен быть больше 100 символов 814
815,2,2025-09-09 09:04:11.420959,Заголовок про программирование 815,Текст про программирование должен быть больше 100 символов 815
816,3,2025-09-09 09:04:11.420960,Заголовок про программирование 816,Текст про программирование должен быть больше 100 символов 816
817,3,2025-09-09 09:04:11.420961,Заголовок про программирование 817,Текст про программирование должен быть больше 100 символов 817
818,2,2025-09-09 09:04:11.420962,Заголовок про программирование 818,Текст про программирование должен быть больше 100 символов 818
819,3,2025-09-09 09:04:11.420963,Заголовок про программирование 819,Текст про программирование должен быть больше 100 символов 819
820,2,2025-09-09 09:04:11.420964,Заголовок про программирование 820,Текст про программирование должен быть больше 100 символов 820
821,3,2025-09-09 09:04:11.420965,Заголовок про программирование 821,Текст про программирование должен быть больше 100 символов 821
822,1,2025-09-09 09:04:11.420966,Заголовок про программирование 822,Текст про программирование должен быть больше 100 символов 822
823,2,2025-09-09 09:04:11.420967,Заголовок про программирование 823,Текст про программирование должен быть больше 100 символов 823
824,1,2025-09-09 09:04:11.420968,Заголовок про программирование 824,Текст про программирование должен быть больше 100 символов 824
825,2,2025-09-09 09:04:11.420969,Заголовок про программирование 825,Текст про программирование должен быть больше 100 символов 825
826,3,2025-09-09 09:04:11.420970,Заголовок про программирование 826,Текст про программирование должен быть больше 100 символов 826
827,1,2025-09-09 09:04:11.420971,Заголовок про программирование 827,Текст про программирование должен быть больше 100 символов 827
828,2,2025-09-09 09:04:11.420972,Заголовок про программирование 828,Текст про программирование должен быть больше 100 символов 828
829,1,2025-09-09 09:04:11.420973,Заголовок про программирование 829,Текст про программирование должен быть больше 100 символов 829
830,2,2025-09-09 09:04:11.420974,Заголовок про программирование 830,Текст про программирование должен быть больше 100 символов 830
831,3,2025-09-09 09:04:11.420975,Заголовок про программирование 831,Текст про программирование должен быть больше 100 символов 831
832,2,2025-09-09 09:04:11.420976,Заголовок про программирование 832,Текст про программирование должен быть больше 100 символов 832
833,2,2025-09-09 09:04:11.420977,Заголовок про программирование 833,Текст про программирование должен быть больше 100 символов 833
834,2,2025-09-09 09:04:11.420978,Заголовок про программирование 834,Текст про программирование должен быть больше 100 символов 834
835,2,2025-09-09 09:04:11.420979,Заголовок про программирование 835,Текст про программирование должен быть больше 100 символов 835
836,2,2025-09-09 09:04:11.420980,Заголовок про программирование 836,Текст про программирование должен быть больше 100 символов 836
837,1,2025-09-09 09:04:11.420981,Заголовок про программирование 837,Текст про программирование должен быть больше 100 символов 837
838,3,2025-09-09 09:04:11.420982,Заголовок про программирование 838,Текст про программирование должен быть больше 100 символов 838
839,1,2025-09-09 09:04:11.420983,Заголовок про программирование 839,Текст про программирование должен быть больше 100 символов 839
840,2,2025-09-09 09:04:11.420984,Заголовок про программирование 840,Текст про программирование должен быть больше 100 символов 840
841,1,2025-09-09 09:04:11.420985,Заголовок про программирование 841,Текст про программирование должен быть больше 100 символов 841
842,2,2025-09-09 09:04:11.420986,Заголовок про программирование 842,Текст про программирование должен быть больше 100 символов 842
843,2,2025-09-09 09:04:11.420987,Заголовок про программирование 843,Текст про программирование должен быть больше 100 символов 843
844,2,2025-09-09 09:04:11.420988,Заголовок про программирование 844,Текст про программирование должен быть больше 100 символов 844
845,3,2025-09-09 09:04:11.420989,Заголовок про программирование 845,Текст про программирование должен быть больше 100 символов 845
846,2,2025-09-09 09:04:11.420990,Заголовок про программирование 846,Текст про программирование должен быть больше 100 символов 846
847,2,2025-09-09 09:04:11.420991,Заголовок про программирование 847,Текст про программирование должен быть больше 100 символов 847
848,3,2025-09-09 09:04:11.420992,Заголовок про программирование 848,Текст про программирование должен быть больше 100 символов 848
849,3,2025-09-09 09:04:11.420993,Заголовок про программирование 849,Текст про программирование должен быть больше 100 символов 849
850,3,2025-09-09 09:04:11.420994,Заголовок про программирование 850,Текст про программирование должен быть больше 100 символов 850
851,2,2025-09-09 09:04:11.420995,Заголовок про программирование 851,Текст про программирование должен быть больше 100 символов 851
852,2,2025-09-09 09:04:11.420996,Заголовок про программирование 852,Текст про программирование должен быть больше 100 символов 852
853,3,2025-09-09 09:04:11.420997,Заголовок про программирование 853,Текст про программирование должен быть больше 100 символов 853
854,3,2025-09-09 09:04:11.420998,Заголовок про программирование 854,Текст про программирование должен быть больше 100 символов 854
855,2,2025-09-09 09:04:11.420999,Заголовок про программирование 855,Текст про программирование должен быть больше 100 символов 855
856,3,2025-09-09 09:04:11.421000,Заголовок про программирование 856,Текст про программирование должен быть больше 100 символов 856
857,2,2025-09-09 09:04:11.421001,Заголовок про программирование 857,Текст про программирование должен быть больше 100 символов 857
858,2,2025-09-09 09:04:11.421002,Заголовок про программирование 858,Текст про программирование должен быть больше 100 символов 858
859,3,2025-09-09 09:04:11.421003,Заголовок про программирование 859,Текст про программирование должен быть больше 100 символов 859
860,3,2025-09-09 09:04:11.421004,Заголовок про программирование 860,Текст про программирование должен быть больше 100 символов 860
861,1,2025-09-09 09:04:11.421005,Заголовок про программирование 861,Текст про программирование должен быть больше 100 символов 861
862,3,2025-09-09 09:04:11.421006,Заголовок про программирование 862,Текст про программирование должен быть больше 100 символов 862
863,3,2025-09-09 09:04:11.421007,Заголовок про программирование 863,Текст про программирование должен быть больше 100 символов 863
864,1,2025-09-09 09:04:11.421008,Заголовок про программирование 864,Текст про программирование должен быть больше 100 символов 864
865,3,2025-09-09 09:04:11.421009,Заголовок про программирование 865,Текст про программирование должен быть больше 100 символов 865
866,3,2025-09-09 09:04:11.421010,Заголовок про программирование 866,Текст про программирование должен быть больше 100 символов 866
867,2,2025-09-09 09:04:11.421011,Заголовок про программирование 867,Текст про программирование должен быть больше 100 символов 867
868,3,2025-09-09 09:04:11.421012,Заголовок про программирование 868,Текст про программирование должен быть больше 100 символов 868
869,2,2025-09-09 09:04:11.421013,Заголовок про программирование 869,Текст про программирование должен быть больше 100 символов 869
870,1,2025-09-09 09:04:11.421014,Заголовок про программирование 870,Текст про программирование должен быть больше 100 символов 870
871,3,2025-09-09 09:04:11.421015,Заголовок про программирование 871,Текст про программирование должен быть больше 100 символов 871
872,3,2025-09-09 09:04:11.421016,Заголовок про программирование 872,Текст про программирование должен быть больше 100 символов 872
873,3,2025-09-09 09:04:11.421017,Заголовок про программирование 873,Текст про программирование должен быть больше 100 символов 873
874,2,2025-09-09 09:04:11.421018,Заголовок про программирование 874,Текст про программирование должен быть больше 100 символов 874
875,3,2025-09-09 09:04:11.421019,Заголовок про программирование 875,Текст про программирование должен быть больше 100 символов 875
876,3,2025-09-09 09:04:11.421020,Заголовок про программирование 876,Текст про программирование должен быть больше 100 символов 876
877,1,2025-09-09 09:04:11.421021,Заголовок про программирование 877,Текст про программирование должен быть больше 100 символов 877
878,3,2025-09-09 09:04:11.421022,Заголовок про программирование 878,Текст про программирование должен быть больше 100 символов 878
879,3,2025-09-09 09:04:11.421023,Заголовок про программирование 879,Текст про программирование должен быть больше 100 символов 879
880,2,2025-09-09 09:04:11.421024,Заголовок про программирование 880,Текст про программирование должен быть больше 100 символов 880
881,1,2025-09-09 09:04:11.421025,Заголовок про программирование 881,Текст про программирование должен быть больше 100 символов 881
882,3,2025-09-09 09:04:11.421026,Заголовок про программирование 882,Текст про программирование должен быть больше 100 символов 882
883,1,2025-09-09 09:04:11.421027,Заголовок про программирование 883,Текст про программирование должен быть больше 100 символов 883
884,3,2025-09-09 09:04:11.421028,Заголовок про программирование 884,Текст про программирование должен быть больше 100 символов 884
885,2,2025-09-09 09:04:11.421029,Заголовок про программирование 885,Текст про программирование должен быть больше 100 символов 885
886,2,2025-09-09 09:04:11.421030,Заголовок про программирование 886,Текст про программирование должен быть больше 100 символов 886
887,3,2025-09-09 09:04:11.421031,Заголовок про программирование 887,Текст про программирование должен быть больше 100 символов 887
888,1,2025-09-09 09:04:11.421032,Заголовок про программирование 888,Текст про программирование должен быть больше 100 символов 888
889,2,2025-09-09 09:04:11.421033,Заголовок про программирование 889,Текст про программирование должен быть больше 100 символов 889
890,3,2025-09-09 09:04:11.421034,Заголовок про программирование 890,Текст про программирование должен быть больше 100 символов 890
891,3,2025-09-09 09:04:11.421035,Заголовок про программирование 891,Текст про программирование должен быть больше 100 символов 891
892,1,2025-09-09 09:04:11.421036,Заголовок про программирование 892,Текст про программирование должен быть больше 100 символов 892
893,2,2025-09-09 09:04:11.421037,Заголовок про программирование 893,Текст про программирование должен быть больше 100 символов 893
894,1,2025-09-09 09:04:11.421038,Заголовок про программирование 894,Текст про программирование должен быть больше 100 символов 894
895,1,2025-09-09 09:04:11.421039,Заголовок про программирование 895,Текст про программирование должен быть больше 100 символов 895
896,3,2025-09-09 09:04:11.421040,Заголовок про программирование 896,Текст про программирование должен быть больше 100 символов 896
897,1,2025-09-09 09:04:11.421041,Заголовок про программирование 897,Текст про программирование должен быть больше 100 символов 897
898,2,2025-09-09 09:04:11.421042,Заголовок про программирование 898,Текст про программирование должен быть больше 100 символов 898
899,2,2025-09-09 09:04:11.421043,Заголовок про программирование 899,Текст про программирование должен быть больше 100 символов 899
900,1,2025-09-09 09:04:11.421044,Заголовок про программирование 900,Текст про программирование должен быть больше 100 символов 900
901,1,2025-09-09 09:04:11.421045,Заголовок про программирование 901,Текст про программирование должен быть больше 100 символов 901
902,2,2025-09-09 09:04:11.421046,Заголовок про программирование 902,Текст про программирование должен быть больше 100 символов 902
903,3,2025-09-09 09:04:11.421047,Заголовок про программирование 903,Текст про программирование должен быть больше 100 символов 903
904,1,2025-09-09 09:04:11.421048,Заголовок про программирование 904,Текст про программирование должен быть больше 100 символов 904
905,3,2025-09-09 09:04:11.421049,Заголовок про программирование 905,Текст про программирование должен быть больше 100 символов 905
906,2,2025-09-09 09:04:11.421050,Заголовок про программирование 906,Текст про программирование должен быть больше 100 символов 906
907,1,2025-09-09 09:04:11.421051,Заголовок про программирование 907,Текст про программирование должен быть больше 100 символов 907
908,2,2025-09-09 09:04:11.421052,Заголовок про программирование 908,Текст про программирование должен быть больше 100 символов 908
909,1,2025-09-09 09:04:11.421053,Заголовок про программирование 909,Текст про программирование должен быть больше 100 символов 909
910,2,2025-09-09 09:04:11.421054,Заголовок про программирование 910,Текст про программирование должен быть больше 100 символов 910
911,2,2025-09-09 09:04:11.421055,Заголовок про программирование 911,Текст про программирование должен быть больше 100 символов 911
912,2,2025-09-09 09:04:11.421056,Заголовок про программирование 912,Текст про программирование должен быть больше 100 символов 912
913,2,2025-09-09 09:04:11.421057,Заголовок про программирование 913,Текст про программирование должен быть больше 100 символов 913
914,3,2025-09-09 09:04:11.421058,Заголовок про программирование 914,Текст про программирование должен быть больше 100 символов 914
915,1,2025-09-09 09:04:11.421059,Заголовок про программирование 915,Текст про программирование должен быть больше 100 символов 915
916,2,2025-09-09 09:04:11.421060,Заголовок про программирование 916,Текст про программирование должен быть больше 100 символов 916
917,2,2025-09-09 09:04:11.421061,Заголовок про программирование 917,Текст про программирование должен быть больше 100 символов 917
918,1,2025-09-09 09:04:11.421062,Заголовок про программирование 918,Текст про программирование должен быть больше 100 символов 918
919,3,2025-09-09 09:04:11.421063,Заголовок про программирование 919,Текст про программирование должен быть больше 100 символов 919
920,2,2025-09-09 09:04:11.421064,Заголовок про программирование 920,Текст про программирование должен быть больше 100 символов 920
921,1,2025-09-09 09:04:11.421065,Заголовок про программирование 921,Текст про программирование должен быть больше 100 символов 921
922,1,2025-09-09 09:04:11.421066,Заголовок про программирование 922,Текст про программирование должен быть больше 100 символов 922
923,1,2025-09-09 09:04:11.421067,Заголовок про программирование 923,Текст про программирование должен быть больше 100 символов 923
924,3,2025-09-09 09:04:11.421068,Заголовок про программирование 924,Текст про программирование должен быть больше 100 символов 924
925,2,2025-09-09 09:04:11.421069,Заголовок про программирование 925,Текст про программирование должен быть больше 100 символов 925
926,1,2025-09-09 09:04:11.421070,Заголовок про программирование 926,Текст про программирование должен быть больше 100 символов 926
927,1,2025-09-09 09:04:11.421071,Заголовок про программирование 927,Текст про программирование должен быть больше 100 символов 927
928,2,2025-09-09 09:04:11.421072,Заголовок про программирование 928,Текст про программирование должен быть больше 100 символов 928
929,1,2025-09-09 09:04:11.421073,Заголовок про программирование 929,Текст про программирование должен быть больше 100 символов 929
930,1,2025-09-09 09:04:11.421074,Заголовок про программирование 930,Текст про программирование должен быть больше 100 символов 930
931,1,2025-09-09 09:04:11.421075,Заголовок про программирование 931,Текст про программирование должен быть больше 100 символов 931
932,2,2025-09-09 09:04:11.421076,Заголовок про программирование 932,Текст про программирование должен быть больше 100 символов 932
933,1,2025-09-09 09:04:11.421077,Заголовок про программирование 933,Текст про программирование должен быть больше 100 символов 933
934,1,2025-09-09 09:04:11.421078,Заголовок про программирование 934,Текст про программирование должен быть больше 100 символов 934
935,1,2025-09-09 09:04:11.421079,Заголовок про программирование 935,Текст про программирование должен быть больше 100 символов 935
936,3,2025-09-09 09:04:11.421080,Заголовок про программирование 936,Текст про программирование должен быть больше 100 символов 936
937,2,2025-09-09 09:04:11.421081,Заголовок про программирование 937,Текст про программирование должен быть больше 100 символов 937
938,3,2025-09-09 09:04:11.421082,Заголовок про программирование 938,Текст про программирование должен быть больше 100 символов 938
939,1,2025-09-09 09:04:11.421083,Заголовок про программирование 939,Текст про программирование должен быть больше 100 символов 939
940,3,2025-09-09 09:04:11.421084,Заголовок про программирование 940,Текст про программирование должен быть больше 100 символов 940
941,3,2025-09-09 09:04:11.421085,Заголовок про программирование 941,Текст про программирование должен быть больше 100 символов 941
942,3,2025-09-09 09:04:11.421086,Заголовок про программирование 942,Текст про программирование должен быть больше 100 символов 942
943,2,2025-09-09 09:04:11.421087,Заголовок про программирование 943,Текст про программирование должен быть больше 100 символов 943
944,2,2025-09-09 09:04:11.421088,Заголовок про программирование 944,Текст про программирование должен быть больше 100 символов 944
945,3,2025-09-09 09:04:11.421089,Заголовок про программирование 945,Текст про программирование должен быть больше 100 символов 945
946,2,2025-09-09 09:04:11.421090,Заголовок про программирование 946,Текст про программирование должен быть больше 100 символов 946
947,2,2025-09-09 09:04:11.421091,Заголовок про программирование 947,Текст про программирование должен быть больше 100 символов 947
948,3,2025-09-09 09:04:11.421092,Заголовок про программирование 948,Текст про программирование должен быть больше 100 символов 948
949,1,2025-09-09 09:04:11.421093,Заголовок про программирование 949,Текст про программирование должен быть больше 100 символов 949
950,1,2025-09-09 09:04:11.421094,Заголовок про программирование 950,Текст про программирование должен быть больше 100 символов 950
951,1,2025-09-09 09:04:11.421095,Заголовок про программирование 951,Текст про программирование должен быть больше 100 символов 951
952,3,2025-09-09 09:04:11.421096,Заголовок про программирование 952,Текст про программирование должен быть больше 100 символов 952
953,1,2025-09-09 09:04:11.421097,Заголовок про программирование 953,Текст про программирование должен быть больше 100 символов 953
954,2,2025-09-09 09:04:11.421098,Заголовок про программирование 954,Текст про программирование должен быть больше 100 символов 954
955,2,2025-09-09 09:04:11.421099,Заголовок про программирование 955,Текст про программирование должен быть больше 100 символов 955
956,2,2025-09-09 09:04:11.421100,Заголовок про программирование 956,Текст про программирование должен быть больше 100 символов 956
957,3,2025-09-09 09:04:11.421101,Заголовок про программирование 957,Текст про программирование должен быть больше 100 символов 957
958,1,2025-09-09 09:04:11.421102,Заголовок про программирование 958,Текст про программирование должен быть больше 100 символов 958
959,2,2025-09-09 09:04:11.421103,Заголовок про программирование 959,Текст про программирование должен быть больше 100 символов 959
960,2,2025-09-09 09:04:11.421104,Заголовок про программирование 960,Текст про программирование должен быть больше 100 символов 960
961,2,2025-09-09 09:04:11.421105,Заголовок про программирование 961,Текст про программирование должен быть больше 100 символов 961
962,2,2025-09-09 09:04:11.421106,Заголовок про программирование 962,Текст про программирование должен быть больше 100 символов 962
963,2,2025-09-09 09:04:11.421107,Заголовок про программирование 963,Текст про программирование должен быть больше 100 символов 963
964,2,2025-09-09 09:04:11.421108,Заголовок про программирование 964,Текст про программирование должен быть больше 100 символов 964
965,1,2025-09-09 09:04:11.421109,Заголовок про программирование 965,Текст про программирование должен быть больше 100 символов 965
966,2,2025-09-09 09:04:11.421110,Заголовок про программирование 966,Текст про программирование должен быть больше 100 символов 966
967,2,2025-09-09 09:04:11.421111,Заголовок про программирование 967,Текст про программирование должен быть больше 100 символов 967
968,2,2025-09-09 09:04:11.421112,Заголовок про программирование 968,Текст про программирование должен быть больше 100 символов 968
969,2,2025-09-09 09:04:11.421113,Заголовок про программирование 969,Текст про программирование должен быть больше 100 символов 969
970,3,2025-09-09 09:04:11.421114,Заголовок про программирование 970,Текст про программирование должен быть больше 100 символов 970
971,2,2025-09-09 09:04:11.421115,Заголовок про программирование 971,Текст про программирование должен быть больше 100 символов 971
972,1,2025-09-09 09:04:11.421116,Заголовок про программирование 972,Текст про программирование должен быть больше 100 символов 972
973,2,2025-09-09 09:04:11.421117,Заголовок про программирование 973,Текст про программирование должен быть больше 100 символов 973
974,2,2025-09-09 09:04:11.421118,Заголовок про программирование 974,Текст про программирование должен быть больше 100 символов 974
975,1,2025-09-09 09:04:11.421119,Заголовок про программирование 975,Текст про программирование должен быть больше 100 символов 975
976,1,2025-09-09 09:04:11.421120,Заголовок про программирование 976,Текст про программирование должен быть больше 100 символов 976
977,2,2025-09-09 09:04:11.421121,Заголовок про программирование 977,Текст про программирование должен быть больше 100 символов 977
978,1,2025-09-09 09:04:11.421122,Заголовок про программирование 978,Текст про программирование должен быть больше 100 символов 978
979,1,2025-09-09 09:04:11.421123,Заголовок про программирование 979,Текст про программирование должен быть больше 100 символов 979
980,1,2025-09-09 09:04:11.421124,Заголовок про программирование 980,Текст про программирование должен быть больше 100 символов 980
981,1,2025-09-09 09:04:11.421125,Заголовок про программирование 981,Текст про программирование должен быть больше 100 символов 981
982,3,2025-09-09 09:04:11.421126,Заголовок про программирование 982,Текст про программирование должен быть больше 100 символов 982
983,1,2025-09-09 09:04:11.421127,Заголовок про программирование 983,Текст про программирование должен быть больше 100 символов 983
984,3,2025-09-09 09:04:11.421128,Заголовок про программирование 984,Текст про программирование должен быть больше 100 символов 984
985,3,2025-09-09 09:04:11.421129,Заголовок про программирование 985,Текст про программирование должен быть больше 100 символов 985
986,1,2025-09-09 09:04:11.421130,Заголовок про программирование 986,Текст про программирование должен быть больше 100 символов 986
987,2,2025-09-09 09:04:11.421131,Заголовок про программирование 987,Текст про программирование должен быть больше 100 символов 987
988,2,2025-09-09 09:04:11.421132,Заголовок про программирование 988,Текст про программирование должен быть больше 100 символов 988
989,1,2025-09-09 09:04:11.421133,Заголовок про программирование 989,Текст про программирование должен быть больше 100 символов 989
990,1,2025-09-09 09:04:11.421134,Заголовок про программирование 990,Текст про программирование должен быть больше 100 символов 990
991,3,2025-09-09 09:04:11.421135,Заголовок про программирование 991,Текст про программирование должен быть больше 100 символов 991
992,2,2025-09-09 09:04:11.421136,Заголовок про программирование 992,Текст про программирование должен быть больше 100 символов 992
993,2,2025-09-09 09:04:11.421137,Заголовок про программирование 993,Текст про программирование должен быть больше 100 символов 993
994,1,2025-09-09 09:04:11.421138,Заголовок про программирование 994,Текст про программирование должен быть больше 100 символов 994
995,1,2025-09-09 09:04:11.421139,Заголовок про программирование 995,Текст про программирование должен быть больше 100 символов 995
996,3,2025-09-09 09:04:11.421140,Заголовок про программирование 996,Текст про программирование должен быть больше 100 символов 996
997,3,2025-09-09 09:04:11.421141,Заголовок про программирование 997,Текст про программирование должен быть больше 100 символов 997
998,1,2025-09-09 09:04:11.421142,Заголовок про программирование 998,Текст про программирование должен быть больше 100 символов 998
999,1,2025-09-09 09:04:11.421143,Заголовок про программирование 999,Текст про программирование должен быть больше 100 символов 999
1000,2,2025-09-09 09:04:11.421144,Заголовок про программирование 1000,Текст про программирование должен быть больше 100 символов 1000
1001,1,2025-09-09 09:04:11.421145,Заголовок про программирование 1001,Текст про программирование должен быть больше 100 символов 1001
1002,3,2025-09-09 09:04:11.421146,Заголовок про программирование 1002,Текст про программирование должен быть больше 100 символов 1002
1003,1,2025-09-09 09:04:11.421147,Заголовок про программирование 1003,Текст про программирование должен быть больше 100 символов 1003
1004,3,2025-09-09 09:04:11.421148,Заголовок про программирование 1004,Текст про программирование должен быть больше 100 символов 1004
1005,1,2025-09-09 09:04:11.421149,Заголовок про программирование 1005,Текст про программирование должен быть больше 100 символов 1005
1006,2,2025-09-09 09:04:11.421150,Заголовок про программирование 1006,Текст про программирование должен быть больше 100 символов 1006
1007,3,2025-09-09 09:04:11.421151,Заголовок про программирование 1007,Текст про программирование должен быть больше 100 символов 1007
1008,3,2025-09-09 09:04:11.421152,Заголовок про программирование 1008,Текст про программирование должен быть больше 100 символов 1008
1009,1,2025-09-09 09:04:11.421153,Заголовок про программирование 1009,Текст про программирование должен быть больше 100 символов 1009
1010,1,2025-09-09 09:04:11.421154,Заголовок про программирование 1010,Текст про программирование должен быть больше 100 символов 1010
1011,3,2025-09-09 09:04:11.421155,Заголовок про программирование 1011,Текст про программирование должен быть больше 100 символов 1011
1012,2,2025-09-09 09:04:11.421156,Заголовок про программирование 1012,Текст про программирование должен быть больше 100 символов 1012
1013,2,2025-09-09 09:04:11.421157,Заголовок про программирование 1013,Текст про программирование должен быть больше 100 символов 1013
1014,3,2025-09-09 09:04:11.421158,Заголовок про программирование 1014,Текст про программирование должен быть больше 100 символов 1014
1015,1,2025-09-09 09:04:11.421159,Заголовок про программирование 1015,Текст про программирование должен быть больше 100 символов 1015
1016,1,2025-09-09 09:04:11.421160,Заголовок про программирование 1016,Текст про программирование должен быть больше 100 символов 1016
1017,3,2025-09-09 09:04:11.421161,Заголовок про программирование 1017,Текст про программирование должен быть больше 100 символов 1017
1018,1,2025-09-09 09:04:11.421162,Заголовок про программирование 1018,Текст про программирование должен быть больше 100 символов 1018
1019,1,2025-09-09 09:04:11.421163,Заголовок про программирование 1019,Текст про программирование должен быть больше 100 символов 1019
1020,3,2025-09-09 09:04:11.421164,Заголовок про программирование 1020,Текст про программирование должен быть больше 100 символов 1020
1021,1,2025-09-09 09:04:11.421165,Заголовок про программирование 1021,Текст про программирование должен быть больше 100 символов 1021
1022,3,2025-09-09 09:04:11.421166,Заголовок про программирование 1022,Текст про программирование должен быть больше 100 символов 1022
1023,3,2025-09-09 09:04:11.421167,Заголовок про программирование 1023,Текст про программирование должен быть больше 100 символов 1023
1024,2,2025-09-09 09:04:11.421168,Заголовок про программирование 1024,Текст про программирование должен быть больше 100 символов 1024
1025,2,2025-09-09 09:04:11.421169,Заголовок про программирование 1025,Текст про программирование должен быть больше 100 символов 1025
1026,2,2025-09-09 09:04:11.421170,Заголовок про программирование 1026,Текст про программирование должен быть больше 100 символов 1026
1027,2,2025-09-09 09:04:11.421171,Заголовок про программирование 1027,Текст про программирование должен быть больше 100 символов 1027
1028,2,2025-09-09 09:04:11.421172,Заголовок про программирование 1028,Текст про программирование должен быть больше 100 символов 1028
1029,1,2025-09-09 09:04:11.421173,Заголовок про программирование 1029,Текст про программирование должен быть больше 100 символов 1029
1030,2,2025-09-09 09:04:11.421174,Заголовок про программирование 1030,Текст про программирование должен быть больше 100 символов 1030
1031,3,2025-09-09 09:04:11.421175,Заголовок про программирование 1031,Текст про программирование должен быть больше 100 символов 1031
1032,2,2025-09-09 09:04:11.421176,Заголовок про программирование 1032,Текст про программирование должен быть больше 100 символов 1032
1033,2,2025-09-09 09:04:11.421177,Заголовок про программирование 1033,Текст про программирование должен быть больше 100 символов 1033
1034,3,2025-09-09 09:04:11.421178,Заголовок про программирование 1034,Текст про программирование должен быть больше 100 символов 1034
1035,3,2025-09-09 09:04:11.421179,Заголовок про программирование 1035,Текст про программирование должен быть больше 100 символов 1035
1036,3,2025-09-09 09:04:11.421180,Заголовок про программирование 1036,Текст про программирование должен быть больше 100 символов 1036
1037,2,2025-09-09 09:04:11.421181,Заголовок про программирование 1037,Текст про программирование должен быть больше 100 символов 1037
1038,3,2025-09-09 09:04:11.421182,Заголовок про программирование 1038,Текст про программирование должен быть больше 100 символов 1038
1039,1,2025-09-09 09:04:11.421183,Заголовок про программирование 1039,Текст про программирование должен быть больше 100 символов 1039
1040,1,2025-09-09 09:04:11.421184,Заголовок про программирование 1040,Текст про программирование должен быть больше 100 символов 1040
1041,3,2025-09-09 09:04:11.421185,Заголовок про программирование 1041,Текст про программирование должен быть больше 100 символов 1041
1042,2,2025-09-09 09:04:11.421186,Заголовок про программирование 1042,Текст про программирование должен быть больше 100 символов 1042
1043,3,2025-09-09 09:04:11.421187,Заголовок про программирование 1043,Текст про программирование должен быть больше 100 символов 1043
1044,1,2025-09-09 09:04:11.421188,Заголовок про программирование 1044,Текст про программирование должен быть больше 100 символов 1044
1045,2,2025-09-09 09:04:11.421189,Заголовок про программирование 1045,Текст про программирование должен быть больше 100 символов 1045
1046,2,2025-09-09 09:04:11.421190,Заголовок про программирование 1046,Текст про программирование должен быть больше 100 символов 1046
1047,1,2025-09-09 09:04:11.421191,Заголовок про программирование 1047,Текст про программирование должен быть больше 100 символов 1047
1048,1,2025-09-09 09:04:11.421192,Заголовок про программирование 1048,Текст про программирование должен быть больше 100 символов 1048
1049,3,2025-09-09 09:04:11.421193,Заголовок про программирование 1049,Текст про программирование должен быть больше 100 символов 1049
1050,3,2025-09-09 09:04:11.421194,Заголовок про программирование 1050,Текст про программирование должен быть больше 100 символов 1050
1051,2,2025-09-09 09:04:11.421195,Заголовок про программирование 1051,Текст про программирование должен быть больше 100 символов 1051
1052,3,2025-09-09 09:04:11.421196,Заголовок про программирование 1052,Текст про программирование должен быть больше 100 символов 1052
1053,2,2025-09-09 09:04:11.421197,Заголовок про программирование 1053,Текст про программирование должен быть больше 100 символов 1053
1054,3,2025-09-09 09:04:11.421198,Заголовок про программирование 1054,Текст про программирование должен быть больше 100 символов 1054
1055,1,2025-09-09 09:04:11.421199,Заголовок про программирование 1055,Текст про программирование должен быть больше 100 символов 1055
1056,3,2025-09-09 09:04:11.421200,Заголовок про программирование 1056,Текст про программирование должен быть больше 100 символов 1056
1057,2,2025-09-09 09:04:11.421201,Заголовок про программирование 1057,Текст про программирование должен быть больше 100 символов 1057
1058,2,2025-09-09 09:04:11.421202,Заголовок про программирование 1058,Текст про программирование должен быть больше 100 символов 1058
1059,2,2025-09-09 09:04:11.421203,Заголовок про программирование 1059,Текст про программирование должен быть больше 100 символов 1059
1060,3,2025-09-09 09:04:11.421204,Заголовок про программирование 1060,Текст про программирование должен быть больше 100 символов 1060
1061,2,2025-09-09 09:04:11.421205,Заголовок про программирование 1061,Текст про программирование должен быть больше 100 символов 1061
1062,1,2025-09-09 09:04:11.421206,Заголовок про программирование 1062,Текст про программирование должен быть больше 100 символов 1062
1063,1,2025-09-09 09:04:11.421207,Заголовок про программирование 1063,Текст про программирование должен быть больше 100 символов 1063
1064,1,2025-09-09 09:04:11.421208,Заголовок про программирование 1064,Текст про программирование должен быть больше 100 символов 1064
1065,1,2025-09-09 09:04:11.421209,Заголовок про программирование 1065,Текст про программирование должен быть больше 100 символов 1065
1066,2,2025-09-09 09:04:11.421210,Заголовок про программирование 1066,Текст про программирование должен быть больше 100 символов 1066
1067,3,2025-09-09 09:04:11.421211,Заголовок про программирование 1067,Текст про программирование должен быть больше 100 символов 1067
1068,2,2025-09-09 09:04:11.421212,Заголовок про программирование 1068,Текст про программирование должен быть больше 100 символов 1068
1069,3,2025-09-09 09:04:11.421213,Заголовок про программирование 1069,Текст про программирование должен быть больше 100 символов 1069
