post_id,user_id,create_dttm,title,content
1,1,2025-09-09 09:04:11.420145,Заголовок про программирование 1,Текст про программирование должен быть больше 100 символов 1
2,2,2025-09-09 09:04:11.420146,Заголовок про программирование 2,Текст про программирование должен быть больше 100 символов 2
3,1,2025-09-09 09:04:11.420147,Заголовок про программирование 3,Текст про программирование должен быть больше 100 символов 3
4,2,2025-09-09 09:04:11.420148,Заголовок про программирование 4,Текст про программирование должен быть больше 100 символов 4
5,1,2025-09-09 09:04:11.420149,Заголовок про программирование 5,Текст про программирование должен быть больше 100 символов 5
6,1,2025-09-09 09:04:11.420150,Заголовок про программирование 6,Текст про программирование должен быть больше 100 символов 6
7,1,2025-09-09 09:04:11.420151,Заголовок про программирование 7,Текст про программирование должен быть больше 100 символов 7
8,1,2025-09-09 09:04:11.420152,Заголовок про программирование 8,Текст про программирование должен быть больше 100 символов 8
9,2,2025-09-09 09:04:11.420153,Заголовок про программирование 9,Текст про программирование должен быть больше 100 символов 9
10,3,2025-09-09 09:04:11.420154,Заголовок про программирование 10,Текст про программирование должен быть больше 100 символов 10
11,1,2025-09-09 09:04:11.420155,Заголовок про программирование 11,Текст про программирование должен быть больше 100 символов 11
12,3,2025-09-09 09:04:11.420156,Заголовок про программирование 12,Текст про программирование должен быть больше 100 символов 12
13,3,2025-09-09 09:04:11.420157,Заголовок про программирование 13,Текст про программирование должен быть больше 100 символов 13
14,3,2025-09-09 09:04:11.420158,Заголовок про программирование 14,Текст про программирование должен быть больше 100 символов 14
15,2,2025-09-09 09:04:11.420159,Заголовок про программирование 15,Текст про программирование должен быть больше 100 символов 15
16,2,2025-09-09 09:04:11.420160,Заголовок про программирование 16,Текст про программирование должен быть больше 100 символов 16
17,3,2025-09-09 09:04:11.420161,Заголовок про программирование 17,Текст про программирование должен быть больше 100 символов 17
18,1,2025-09-09 09:04:11.420162,Заголовок про программирование 18,Текст про программирование должен быть больше 100 символов 18
19,3,2025-09-09 09:04:11.420163,Заголовок про программирование 19,Текст про программирование должен быть больше 100 символов 19
20,2,2025-09-09 09:04:11.420164,Заголовок про программирование 20,Текст про программирование должен быть больше 100 символов 20
21,2,2025-09-09 09:04:11.420165,Заголовок про программирование 21,Текст про программирование должен быть больше 100 символов 21
22,2,2025-09-09 09:04:11.420166,Заголовок про программирование 22,Текст про программирование должен быть больше 100 символов 22
23,1,2025-09-09 09:04:11.420167,Заголовок про программирование 23,Текст про программирование должен быть больше 100 символов 23
24,1,2025-09-09 09:04:11.420168,Заголовок про программирование 24,Текст про программирование должен быть больше 100 символов 24
25,3,2025-09-09 09:04:11.420169,Заголовок про программирование 25,Текст про программирование должен быть больше 100 символов 25
26,2,2025-09-09 09:04:11.420170,Заголовок про программирование 26,Текст про программирование должен быть больше 100 символов 26
27,1,2025-09-09 09:04:11.420171,Заголовок про программирование 27,Текст про программирование должен быть больше 100 символов 27
28,2,2025-09-09 09:04:11.420172,Заголовок про программирование 28,Текст про программирование должен быть больше 100 символов 28
29,3,2025-09-09 09:04:11.420173,Заголовок про программирование 29,Текст про программирование должен быть больше 100 символов 29
30,3,2025-09-09 09:04:11.420174,Заголовок про программирование 30,Текст про программирование должен быть больше 100 символов 30
31,2,2025-09-09 09:04:11.420175,Заголовок про программирование 31,Текст про программирование должен быть больше 100 символов 31
32,2,2025-09-09 09:04:11.420176,Заголовок про программирование 32,Текст про программирование должен быть больше 100 символов 32
33,2,2025-09-09 09:04:11.420177,Заголовок про программирование 33,Текст про программирование должен быть больше 100 символов 33
34,3,2025-09-09 09:04:11.420178,Заголовок про программирование 34,Текст про программирование должен быть больше 100 символов 34
35,1,2025-09-09 09:04:11.420179,Заголовок про программирование 35,Текст про программирование должен быть больше 100 символов 35
36,1,2025-09-09 09:04:11.420180,Заголовок про программирование 36,Текст про программирование должен быть больше 100 символов 36
37,3,2025-09-09 09:04:11.420181,Заголовок про программирование 37,Текст про программирование должен быть больше 100 символов 37
38,2,2025-09-09 09:04:11.420182,Заголовок про программирование 38,Текст про программирование должен быть больше 100 символов 38
39,2,2025-09-09 09:04:11.420183,Заголовок про программирование 39,Текст про программирование должен быть больше 100 символов 39
40,3,2025-09-09 09:04:11.420184,Заголовок про программирование 40,Текст про программирование должен быть больше 100 символов 40
41,3,2025-09-09 09:04:11.420185,Заголовок про программирование 41,Текст про программирование должен быть больше 100 символов 41
42,3,2025-09-09 09:04:11.420186,Заголовок про программирование 42,Текст про программирование должен быть больше 100 символов 42
43,1,2025-09-09 09:04:11.420187,Заголовок про программирование 43,Текст про программирование должен быть больше 100 символов 43
44,3,2025-09-09 09:04:11.420188,Заголовок про программирование 44,Текст про программирование должен быть больше 100 символов 44
45,1,2025-09-09 09:04:11.420189,Заголовок про программирование 45,Текст про программирование должен быть больше 100 символов 45
46,2,2025-09-09 09:04:11.420190,Заголовок про программирование 46,Текст про программирование должен быть больше 100 символов 46
47,1,2025-09-09 09:04:11.420191,Заголовок про программирование 47,Текст про программирование должен быть больше 100 символов 47
48,1,2025-09-09 09:04:11.420192,Заголовок про программирование 48,Текст про программирование должен быть больше 100 символов 48
49,2,2025-09-09 09:04:11.420193,Заголовок про программирование 49,Текст про программирование должен быть больше 100 символов 49
50,2,2025-09-09 09:04:11.420194,Заголовок про программирование 50,Текст про программирование должен быть больше 100 символов 50
51,3,2025-09-09 09:04:11.420195,Заголовок про программирование 51,Текст про программирование должен быть больше 100 символов 51
52,1,2025-09-09 09:04:11.420196,Заголовок про программирование 52,Текст про программирование должен быть больше 100 символов 52
53,2,2025-09-09 09:04:11.420197,Заголовок про программирование 53,Текст про программирование должен быть больше 100 символов 53
54,2,2025-09-09 09:04:11.420198,Заголовок про программирование 54,Текст про программирование должен быть больше 100 символов 54
55,1,2025-09-09 09:04:11.420199,Заголовок про программирование 55,Текст про программирование должен быть больше 100 символов 55
56,3,2025-09-09 09:04:11.420200,Заголовок про программирование 56,Текст про программирование должен быть больше 100 символов 56
57,3,2025-09-09 09:04:11.420201,Заголовок про программирование 57,Текст про программирование должен быть больше 100 символов 57
58,2,2025-09-09 09:04:11.420202,Заголовок про программирование 58,Текст про программирование должен быть больше 100 символов 58
59,1,2025-09-09 09:04:11.420203,Заголовок про программирование 59,Текст про программирование должен быть больше 100 символов 59
60,1,2025-09-09 09:04:11.420204,Заголовок про программирование 60,Текст про программирование должен быть больше 100 символов 60
61,1,2025-09-09 09:04:11.420205,Заголовок про программирование 61,Текст про программирование должен быть больше 100 символов 61
62,3,2025-09-09 09:04:11.420206,Заголовок про программирование 62,Текст про программирование должен быть больше 100 символов 62
63,1,2025-09-09 09:04:11.420207,Заголовок про программирование 63,Текст про программирование должен быть больше 100 символов 63
64,1,2025-09-09 09:04:11.420208,Заголовок про программирование 64,Текст про программирование должен быть больше 100 символов 64
65,1,2025-09-09 09:04:11.420209,Заголовок про программирование 65,Текст про программирование должен быть больше 100 символов 65
66,2,2025-09-09 09:04:11.420210,Заголовок про программирование 66,Текст про программирование должен быть больше 100 символов 66
67,2,2025-09-09 09:04:11.420211,Заголовок про программирование 67,Текст про программирование должен быть больше 100 символов 67
68,3,2025-09-09 09:04:11.420212,Заголовок про программирование 68,Текст про программирование должен быть больше 100 символов 68
69,2,2025-09-09 09:04:11.420213,Заголовок про программирование 69,Текст про программирование должен быть больше 100 символов 69
70,2,2025-09-09 09:04:11.420214,Заголовок про программирование 70,Текст про программирование должен быть больше 100 символов 70
71,3,2025-09-09 09:04:11.420215,Заголовок про программирование 71,Текст про программирование должен быть больше 100 символов 71
72,2,2025-09-09 09:04:11.420216,Заголовок про программирование 72,Текст про программирование должен быть больше 100 символов 72
73,1,2025-09-09 09:04:11.420217,Заголовок про программирование 73,Текст про программирование должен быть больше 100 символов 73
74,2,2025-09-09 09:04:11.420218,Заголовок про программирование 74,Текст про программирование должен быть больше 100 символов 74
75,1,2025-09-09 09:04:11.420219,Заголовок про программирование 75,Текст про программирование должен быть больше 100 символов 75
76,2,2025-09-09 09:04:11.420220,Заголовок про программирование 76,Текст про программирование должен быть больше 100 символов 76
77,2,2025-09-09 09:04:11.420221,Заголовок про программирование 77,Текст про программирование должен быть больше 100 символов 77
78,3,2025-09-09 09:04:11.420222,Заголовок про программирование 78,Текст про программирование должен быть больше 100 символов 78
79,1,2025-09-09 09:04:11.420223,Заголовок про программирование 79,Текст про программирование должен быть больше 100 символов 79
80,1,2025-09-09 09:04:11.420224,Заголовок про программирование 80,Текст про программирование должен быть больше 100 символов 80
81,3,2025-09-09 09:04:11.420225,Заголовок про программирование 81,Текст про программирование должен быть больше 100 символов 81
82,2,2025-09-09 09:04:11.420226,Заголовок про программирование 82,Текст про программирование должен быть больше 100 символов 82
83,3,2025-09-09 09:04:11.420227,Заголовок про программирование 83,Текст про программирование должен быть больше 100 символов 83
84,1,2025-09-09 09:04:11.420228,Заголовок про программирование 84,Текст про программирование должен быть больше 100 символов 84
85,1,2025-09-09 09:04:11.420229,Заголовок про программирование 85,Текст про программирование должен быть больше 100 символов 85
86,3,2025-09-09 09:04:11.420230,Заголовок про программирование 86,Текст про программирование должен быть больше 100 символов 86
87,1,2025-09-09 09:04:11.420231,Заголовок про программирование 87,Текст про программирование должен быть больше 100 символов 87
88,1,2025-09-09 09:04:11.420232,Заголовок про программирование 88,Текст про программирование должен быть больше 100 символов 88
89,2,2025-09-09 09:04:11.420233,Заголовок про программирование 89,Текст про программирование должен быть больше 100 символов 89
90,3,2025-09-09 09:04:11.420234,Заголовок про программирование 90,Текст про программирование должен быть больше 100 символов 90
91,2,2025-09-09 09:04:11.420235,Заголовок про программирование 91,Текст про программирование должен быть больше 100 символов 91
92,2,2025-09-09 09:04:11.420236,Заголовок про программирование 92,Текст про программирование должен быть больше 100 символов 92
93,3,2025-09-09 09:04:11.420237,Заголовок про программирование 93,Текст про программирование должен быть больше 100 символов 93
94,2,2025-09-09 09:04:11.420238,Заголовок про программирование 94,Текст про программирование должен быть больше 100 символов 94
95,2,2025-09-09 09:04:11.420239,Заголовок про программирование 95,Текст про программирование должен быть больше 100 символов 95
96,1,2025-09-09 09:04:11.420240,Заголовок про программирование 96,Текст про программирование должен быть больше 100 символов 96
97,1,2025-09-09 09:04:11.420241,Заголовок про программирование 97,Текст про программирование должен быть больше 100 символов 97
98,3,2025-09-09 09:04:11.420242,Заголовок про программирование 98,Текст про программирование должен быть больше 100 символов 98
99,1,2025-09-09 09:04:11.420243,Заголовок про программирование 99,Текст про программирование должен быть больше 100 символов 99
100,2,2025-09-09 09:04:11.420244,Заголовок про программирование 100,Текст про программирование должен быть больше 100 символов 100
101,3,2025-09-09 09:04:11.420245,Заголовок про программирование 101,Текст про программирование должен быть больше 100 символов 101
102,3,2025-09-09 09:04:11.420246,Заголовок про программирование 102,Текст про программирование должен быть больше 100 символов 102
103,2,2025-09-09 09:04:11.420247,Заголовок про программирование 103,Текст про программирование должен быть больше 100 символов 103
104,3,2025-09-09 09:04:11.420248,Заголовок про программирование 104,Текст про программирование должен быть больше 100 символов 104
105,1,2025-09-09 09:04:11.420249,Заголовок про программирование 105,Текст про программирование должен быть больше 100 символов 105
106,3,2025-09-09 09:04:11.420250,Заголовок про программирование 106,Текст про программирование должен быть больше 100 символов 106
107,1,2025-09-09 09:04:11.420251,Заголовок про программирование 107,Текст про программирование должен быть больше 100 символов 107
108,2,2025-09-09 09:04:11.420252,Заголовок про программирование 108,Текст про программирование должен быть больше 100 символов 108
109,2,2025-09-09 09:04:11.420253,Заголовок про программирование 109,Текст про программирование должен быть больше 100 символов 109
110,2,2025-09-09 09:04:11.420254,Заголовок про программирование 110,Текст про программирование должен быть больше 100 символов 110
111,1,2025-09-09 09:04:11.420255,Заголовок про программирование 111,Текст про программирование должен быть больше 100 символов 111
112,3,2025-09-09 09:04:11.420256,Заголовок про программирование 112,Текст про программирование должен быть больше 100 символов 112
113,2,2025-09-09 09:04:11.420257,Заголовок про программирование 113,Текст про программирование должен быть больше 100 символов 113
114,1,2025-09-09 09:04:11.420258,Заголовок про программирование 114,Текст про программирование должен быть больше 100 символов 114
115,3,2025-09-09 09:04:11.420259,Заголовок про программирование 115,Текст про программирование должен быть больше 100 символов 115
116,3,2025-09-09 09:04:11.420260,Заголовок про программирование 116,Текст про программирование должен быть больше 100 символов 116
117,1,2025-09-09 09:04:11.420261,Заголовок про программирование 117,Текст про программирование должен быть больше 100 символов 117
118,3,2025-09-09 09:04:11.420262,Заголовок про программирование 118,Текст про программирование должен быть больше 100 символов 118
119,2,2025-09-09 09:04:11.420263,Заголовок про программирование 119,Текст про программирование должен быть больше 100 символов 119
120,2,2025-09-09 09:04:11.420264,Заголовок про программирование 120,Текст про программирование должен быть больше 100 символов 120
121,3,2025-09-09 09:04:11.420265,Заголовок про программирование 121,Текст про программирование должен быть больше 100 символов 121
122,3,2025-09-09 09:04:11.420266,Заголовок про программирование 122,Текст про программирование должен быть больше 100 символов 122
123,3,2025-09-09 09:04:11.420267,Заголовок про программирование 123,Текст про программирование должен быть больше 100 символов 123
124,2,2025-09-09 09:04:11.420268,Заголовок про программирование 124,Текст про программирование должен быть больше 100 символов 124
125,3,2025-09-09 09:04:11.420269,Заголовок про программирование 125,Текст про программирование должен быть больше 100 символов 125
126,2,2025-09-09 09:04:11.420270,Заголовок про программирование 126,Текст про программирование должен быть больше 100 символов 126
127,1,2025-09-09 09:04:11.420271,Заголовок про программирование 127,Текст про программирование должен быть больше 100 символов 127
128,2,2025-09-09 09:04:11.420272,Заголовок про программирование 128,Текст про программирование должен быть больше 100 символов 128
129,3,2025-09-09 09:04:11.420273,Заголовок про программирование 129,Текст про программирование должен быть больше 100 символов 129
130,2,2025-09-09 09:04:11.420274,Заголовок про программирование 130,Текст про программирование должен быть больше 100 символов 130
131,1,2025-09-09 09:04:11.420275,Заголовок про программирование 131,Текст про программирование должен быть больше 100 символов 131
132,1,2025-09-09 09:04:11.420276,Заголовок про программирование 132,Текст про программирование должен быть больше 100 символов 132
133,1,2025-09-09 09:04:11.420277,Заголовок про программирование 133,Текст про программирование должен быть больше 100 символов 133
134,1,2025-09-09 09:04:11.420278,Заголовок про программирование 134,Текст про программирование должен быть больше 100 символов 134
135,3,2025-09-09 09:04:11.420279,Заголовок про программирование 135,Текст про программирование должен быть больше 100 символов 135
136,1,2025-09-09 09:04:11.420280,Заголовок про программирование 136,Текст про программирование должен быть больше 100 символов 136
137,3,2025-09-09 09:04:11.420281,Заголовок про программирование 137,Текст про программирование должен быть больше 100 символов 137
138,3,2025-09-09 09:04:11.420282,Заголовок про программирование 138,Текст про программирование должен быть больше 100 символов 138
139,3,2025-09-09 09:04:11.420283,Заголовок про программирование 139,Текст про программирование должен быть больше 100 символов 139
140,2,2025-09-09 09:04:11.420284,Заголовок про программирование 140,Текст про программирование должен быть больше 100 символов 140
141,3,2025-09-09 09:04:11.420285,Заголовок про программирование 141,Текст про программирование должен быть больше 100 символов 141
142,2,2025-09-09 09:04:11.420286,Заголовок про программирование 142,Текст про программирование должен быть больше 100 символов 142
143,3,2025-09-09 09:04:11.420287,Заголовок про программирование 143,Текст про программирование должен быть больше 100 символов 143
144,3,2025-09-09 09:04:11.420288,Заголовок про программирование 144,Текст про программирование должен быть больше 100 символов 144
145,3,2025-09-09 09:04:11.420289,Заголовок про программирование 145,Текст про программирование должен быть больше 100 символов 145
146,2,2025-09-09 09:04:11.420290,Заголовок про программирование 146,Текст про программирование должен быть больше 100 символов 146
147,3,2025-09-09 09:04:11.420291,Заголовок про программирование 147,Текст про программирование должен быть больше 100 символов 147
148,3,2025-09-09 09:04:11.420292,Заголовок про программирование 148,Текст про программирование должен быть больше 100 символов 148
149,1,2025-09-09 09:04:11.420293,Заголовок про программирование 149,Текст про программирование должен быть больше 100 символов 149
150,2,2025-09-09 09:04:11.420294,Заголовок про программирование 150,Текст про программирование должен быть больше 100 символов 150
151,3,2025-09-09 09:04:11.420295,Заголовок про программирование 151,Текст про программирование должен быть больше 100 символов 151
152,3,2025-09-09 09:04:11.420296,Заголовок про программирование 152,Текст про программирование должен быть больше 100 символов 152
153,3,2025-09-09 09:04:11.420297,Заголовок про программирование 153,Текст про программирование должен быть больше 100 символов 153
154,3,2025-09-09 09:04:11.420298,Заголовок про программирование 154,Текст про программирование должен быть больше 100 символов 154
155,2,2025-09-09 09:04:11.420299,Заголовок про программирование 155,Текст про программирование должен быть больше 100 символов 155
156,2,2025-09-09 09:04:11.420300,Заголовок про программирование 156,Текст про программирование должен быть больше 100 символов 156
157,1,2025-09-09 09:04:11.420301,Заголовок про программирование 157,Текст про программирование должен быть больше 100 символов 157
158,3,2025-09-09 09:04:11.420302,Заголовок про программирование 158,Текст про программирование должен быть больше 100 символов 158
159,1,2025-09-09 09:04:11.420303,Заголовок про программирование 159,Текст про программирование должен быть больше 100 символов 159
160,1,2025-09-09 09:04:11.420304,Заголовок про программирование 160,Текст про программирование должен быть больше 100 символов 160
161,2,2025-09-09 09:04:11.420305,Заголовок про программирование 161,Текст про программирование должен быть больше 100 символов 161
162,3,2025-09-09 09:04:11.420306,Заголовок про программирование 162,Текст про программирование должен быть больше 100 символов 162
163,1,2025-09-09 09:04:11.420307,Заголовок про программирование 163,Текст про программирование должен быть больше 100 символов 163
164,3,2025-09-09 09:04:11.420308,Заголовок про программирование 164,Текст про программирование должен быть больше 100 символов 164
165,2,2025-09-09 09:04:11.420309,Заголовок про программирование 165,Текст про программирование должен быть больше 100 символов 165
166,1,2025-09-09 09:04:11.420310,Заголовок про программирование 166,Текст про программирование должен быть больше 100 символов 166
167,1,2025-09-09 09:04:11.420311,Заголовок про программирование 167,Текст про программирование должен быть больше 100 символов 167
168,1,2025-09-09 09:04:11.420312,Заголовок про программирование 168,Текст про программирование должен быть больше 100 символов 168
169,1,2025-09-09 09:04:11.420313,Заголовок про программирование 169,Текст про программирование должен быть больше 100 символов 169
170,2,2025-09-09 09:04:11.420314,Заголовок про программирование 170,Текст про программирование должен быть больше 100 символов 170
171,3,2025-09-09 09:04:11.420315,Заголовок про программирование 171,Текст про программирование должен быть больше 100 символов 171
172,3,2025-09-09 09:04:11.420316,Заголовок про программирование 172,Текст про программирование должен быть больше 100 символов 172
173,2,2025-09-09 09:04:11.420317,Заголовок про программирование 173,Текст про программирование должен быть больше 100 символов 173
174,1,2025-09-09 09:04:11.420318,Заголовок про программирование 174,Текст про программирование должен быть больше 100 символов 174
175,2,2025-09-09 09:04:11.420319,Заголовок про программирование 175,Текст про программирование должен быть больше 100 символов 175
176,1,2025-09-09 09:04:11.420320,Заголовок про программирование 176,Текст про программирование должен быть больше 100 символов 176
177,2,2025-09-09 09:04:11.420321,Заголовок про программирование 177,Текст про программирование должен быть больше 100 символов 177
178,1,2025-09-09 09:04:11.420322,Заголовок про программирование 178,Текст про программирование должен быть больше 100 символов 178
179,2,2025-09-09 09:04:11.420323,Заголовок про программирование 179,Текст про программирование должен быть больше 100 символов 179
180,1,2025-09-09 09:04:11.420324,Заголовок про программирование 180,Текст про программирование должен быть больше 100 символов 180
181,3,2025-09-09 09:04:11.420325,Заголовок про программирование 181,Текст про программирование должен быть больше 100 символов 181
182,2,2025-09-09 09:04:11.420326,Заголовок про программирование 182,Текст про программирование должен быть больше 100 символов 182
183,1,2025-09-09 09:04:11.420327,Заголовок про программирование 183,Текст про программирование должен быть больше 100 символов 183
184,1,2025-09-09 09:04:11.420328,Заголовок про программирование 184,Текст про программирование должен быть больше 100 символов 184
185,3,2025-09-09 09:04:11.420329,Заголовок про программирование 185,Текст про программирование должен быть больше 100 символов 185
186,1,2025-09-09 09:04:11.420330,Заголовок про программирование 186,Текст про программирование должен быть больше 100 символов 186
187,2,2025-09-09 09:04:11.420331,Заголовок про программирование 187,Текст про программирование должен быть больше 100 символов 187
188,2,2025-09-09 09:04:11.420332,Заголовок про программирование 188,Текст про программирование должен быть больше 100 символов 188
189,1,2025-09-09 09:04:11.420333,Заголовок про программирование 189,Текст про программирование должен быть больше 100 символов 189
190,1,2025-09-09 09:04:11.420334,Заголовок про программирование 190,Текст про программирование должен быть больше 100 символов 190
191,2,2025-09-09 09:04:11.420335,Заголовок про программирование 191,Текст про программирование должен быть больше 100 символов 191
192,1,2025-09-09 09:04:11.420336,Заголовок про программирование 192,Текст про программирование должен быть больше 100 символов 192
193,1,2025-09-09 09:04:11.420337,Заголовок про программирование 193,Текст про программирование должен быть больше 100 символов 193
194,1,2025-09-09 09:04:11.420338,Заголовок про программирование 194,Текст про программирование должен быть больше 100 символов 194
195,3,2025-09-09 09:04:11.420339,Заголовок про программирование 195,Текст про программирование должен быть больше 100 символов 195
196,3,2025-09-09 09:04:11.420340,Заголовок про программирование 196,Текст про программирование должен быть больше 100 символов 196
197,2,2025-09-09 09:04:11.420341,Заголовок про программирование 197,Текст про программирование должен быть больше 100 символов 197
198,3,2025-09-09 09:04:11.420342,Заголовок про программирование 198,Текст про программирование должен быть больше 100 символов 198
199,2,2025-09-09 09:04:11.420343,Заголовок про программирование 199,Текст про программирование должен быть больше 100 символов 199
200,1,2025-09-09 09:04:11.420344,Заголовок про программирование 200,Текст про программирование должен быть больше 100 символов 200
201,2,2025-09-09 09:04:11.420345,Заголовок про программирование 201,Текст про программирование должен быть больше 100 символов 201
202,3,2025-09-09 09:04:11.420346,Заголовок про программирование 202,Текст про программирование должен быть больше 100 символов 202
203,2,2025-09-09 09:04:11.420347,Заголовок про программирование 203,Текст про программирование должен быть больше 100 символов 203
204,2,2025-09-09 09:04:11.420348,Заголовок про программирование 204,Текст про программирование должен быть больше 100 символов 204
205,3,2025-09-09 09:04:11.420349,Заголовок про программирование 205,Текст про программирование должен быть больше 100 символов 205
206,1,2025-09-09 09:04:11.420350,Заголовок про программирование 206,Текст про программирование должен быть больше 100 символов 206
207,1,2025-09-09 09:04:11.420351,Заголовок про программирование 207,Текст про программирование должен быть больше 100 символов 207
208,1,2025-09-09 09:04:11.420352,Заголовок про программирование 208,Текст про программирование должен быть больше 100 символов 208
209,2,2025-09-09 09:04:11.420353,Заголовок про программирование 209,Текст про программирование должен быть больше 100 символов 209
210,1,2025-09-09 09:04:11.420354,Заголовок про программирование 210,Текст про программирование должен быть больше 100 символов 210
211,2,2025-09-09 09:04:11.420355,Заголовок про программирование 211,Текст про программирование должен быть больше 100 символов 211
212,3,2025-09-09 09:04:11.420356,Заголовок про программирование 212,Текст про программирование должен быть больше 100 символов 212
213,2,2025-09-09 09:04:11.420357,Заголовок про программирование 213,Текст про программирование должен быть больше 100 символов 213
214,3,2025-09-09 09:04:11.420358,Заголовок про программирование 214,Текст про программирование должен быть больше 100 символов 214
215,2,2025-09-09 09:04:11.420359,Заголовок про программирование 215,Текст про программирование должен быть больше 100 символов 215
216,3,2025-09-09 09:04:11.420360,Заголовок про программирование 216,Текст про программирование должен быть больше 100 символов 216
217,2,2025-09-09 09:04:11.420361,Заголовок про программирование 217,Текст про программирование должен быть больше 100 символов 217
218,1,2025-09-09 09:04:11.420362,Заголовок про программирование 218,Текст про программирование должен быть больше 100 символов 218
219,1,2025-09-09 09:04:11.420363,Заголовок про программирование 219,Текст про программирование должен быть больше 100 символов 219
220,2,2025-09-09 09:04:11.420364,Заголовок про программирование 220,Текст про программирование должен быть больше 100 символов 220
221,1,2025-09-09 09:04:11.420365,Заголовок про программирование 221,Текст про программирование должен быть больше 100 символов 221
222,1,2025-09-09 09:04:11.420366,Заголовок про программирование 222,Текст про программирование должен быть больше 100 символов 222
223,3,2025-09-09 09:04:11.420367,Заголовок про программирование 223,Текст про программирование должен быть больше 100 символов 223
224,3,2025-09-09 09:04:11.420368,Заголовок про программирование 224,Текст про программирование должен быть больше 100 символов 224
225,3,2025-09-09 09:04:11.420369,Заголовок про программирование 225,Текст про программирование должен быть больше 100 символов 225
226,1,2025-09-09 09:04:11.420370,Заголовок про программирование 226,Текст про программирование должен быть больше 100 символов 226
227,1,2025-09-09 09:04:11.420371,Заголовок про программирование 227,Текст про программирование должен быть больше 100 символов 227
228,1,2025-09-09 09:04:11.420372,Заголовок про программирование 228,Текст про программирование должен быть больше 100 символов 228
229,2,2025-09-09 09:04:11.420373,Заголовок про программирование 229,Текст про программирование должен быть больше 100 символов 229
230,2,2025-09-09 09:04:11.420374,Заголовок про программирование 230,Текст про программирование должен быть больше 100 символов 230
231,1,2025-09-09 09:04:11.420375,Заголовок про программирование 231,Текст про программирование должен быть больше 100 символов 231
232,2,2025-09-09 09:04:11.420376,Заголовок про программирование 232,Текст про программирование должен быть больше 100 символов 232
233,1,2025-09-09 09:04:11.420377,Заголовок про программирование 233,Текст про программирование должен быть больше 100 символов 233
234,1,2025-09-09 09:04:11.420378,Заголовок про программирование 234,Текст про программирование должен быть больше 100 символов 234
235,3,2025-09-09 09:04:11.420379,Заголовок про программирование 235,Текст про программирование должен быть больше 100 символов 235
236,1,2025-09-09 09:04:11.420380,Заголовок про программирование 236,Текст про программирование должен быть больше 100 символов 236
237,1,2025-09-09 09:04:11.420381,Заголовок про программирование 237,Текст про программирование должен быть больше 100 символов 237
238,3,2025-09-09 09:04:11.420382,Заголовок про программирование 238,Текст про программирование должен быть больше 100 символов 238
239,2,2025-09-09 09:04:11.420383,Заголовок про программирование 239,Текст про программирование должен быть больше 100 символов 239
240,1,2025-09-09 09:04:11.420384,Заголовок про программирование 240,Текст про программирование должен быть больше 100 символов 240
241,2,2025-09-09 09:04:11.420385,Заголовок про программирование 241,Текст про программирование должен быть больше 100 символов 241
242,1,2025-09-09 09:04:11.420386,Заголовок про программирование 242,Текст про программирование должен быть больше 100 символов 242
243,1,2025-09-09 09:04:11.420387,Заголовок про программирование 243,Текст про программирование должен быть больше 100 символов 243
244,1,2025-09-09 09:04:11.420388,Заголовок про программирование 244,Текст про программирование должен быть больше 100 символов 244
245,2,2025-09-09 09:04:11.420389,Заголовок про программирование 245,Текст про программирование должен быть больше 100 символов 245
246,1,2025-09-09 09:04:11.420390,Заголовок про программирование 246,Текст про программирование должен быть больше 100 символов 246
247,3,2025-09-09 09:04:11.420391,Заголовок про программирование 247,Текст про программирование должен быть больше 100 символов 247
248,1,2025-09-09 09:04:11.420392,Заголовок про программирование 248,Текст про программирование должен быть больше 100 символов 248
249,3,2025-09-09 09:04:11.420393,Заголовок про программирование 249,Текст про программирование должен быть больше 100 символов 249
250,2,2025-09-09 09:04:11.420394,Заголовок про программирование 250,Текст про программирование должен быть больше 100 символов 250
251,2,2025-09-09 09:04:11.420395,Заголовок про программирование 251,Текст про программирование должен быть больше 100 символов 251
252,1,2025-09-09 09:04:11.420396,Заголовок про программирование 252,Текст про программирование должен быть больше 100 символов 252
253,2,2025-09-09 09:04:11.420397,Заголовок про программирование 253,Текст про программирование должен быть больше 100 символов 253
254,3,2025-09-09 09:04:11.420398,Заголовок про программирование 254,Текст про программирование должен быть больше 100 символов 254
255,1,2025-09-09 09:04:11.420399,Заголовок про программирование 255,Текст про программирование должен быть больше 100 символов 255
256,3,2025-09-09 09:04:11.420400,Заголовок про программирование 256,Текст про программирование должен быть больше 100 символов 256
257,1,2025-09-09 09:04:11.420401,Заголовок про программирование 257,Текст про программирование должен быть больше 100 символов 257
258,1,2025-09-09 09:04:11.420402,Заголовок про программирование 258,Текст про программирование должен быть больше 100 символов 258
259,3,2025-09-09 09:04:11.420403,Заголовок про программирование 259,Текст про программирование должен быть больше 100 символов 259
260,2,2025-09-09 09:04:11.420404,Заголовок про программирование 260,Текст про программирование должен быть больше 100 символов 260
261,1,2025-09-09 09:04:11.420405,Заголовок про программирование 261,Текст про программирование должен быть больше 100 символов 261
262,3,2025-09-09 09:04:11.420406,Заголовок про программирование 262,Текст про программирование должен быть больше 100 символов 262
263,3,2025-09-09 09:04:11.420407,Заголовок про программирование 263,Текст про программирование должен быть больше 100 символов 263
264,1,2025-09-09 09:04:11.420408,Заголовок про программирование 264,Текст про программирование должен быть больше 100 символов 264
265,1,2025-09-09 09:04:11.420409,Заголовок про программирование 265,Текст про программирование должен быть больше 100 символов 265
266,1,2025-09-09 09:04:11.420410,Заголовок про программирование 266,Текст про программирование должен быть больше 100 символов 266
267,1,2025-09-09 09:04:11.420411,Заголовок про программирование 267,Текст про программирование должен быть больше 100 символов 267
268,3,2025-09-09 09:04:11.420412,Заголовок про программирование 268,Текст про программирование должен быть больше 100 символов 268
269,1,2025-09-09 09:04:11.420413,Заголовок про программирование 269,Текст про программирование должен быть больше 100 символов 269
270,2,2025-09-09 09:04:11.420414,Заголовок про программирование 270,Текст про программирование должен быть больше 100 символов 270
271,1,2025-09-09 09:04:11.420415,Заголовок про программирование 271,Текст про программирование должен быть больше 100 символов 271
272,3,2025-09-09 09:04:11.420416,Заголовок про программирование 272,Текст про программирование должен быть больше 100 символов 272
273,1,2025-09-09 09:04:11.420417,Заголовок про программирование 273,Текст про программирование должен быть больше 100 символов 273
274,3,2025-09-09 09:04:11.420418,Заголовок про программирование 274,Текст про программирование должен быть больше 100 символов 274
275,2,2025-09-09 09:04:11.420419,Заголовок про программирование 275,Текст про программирование должен быть больше 100 символов 275
276,1,2025-09-09 09:04:11.420420,Заголовок про программирование 276,Текст про программирование должен быть больше 100 символов 276
277,1,2025-09-09 09:04:11.420421,Заголовок про программирование 277,Текст про программирование должен быть больше 100 символов 277
278,3,2025-09-09 09:04:11.420422,Заголовок про программирование 278,Текст про программирование должен быть больше 100 символов 278
279,3,2025-09-09 09:04:11.420423,Заголовок про программирование 279,Текст про программирование должен быть больше 100 символов 279
280,1,2025-09-09 09:04:11.420424,Заголовок про программирование 280,Текст про программирование должен быть больше 100 символов 280
281,2,2025-09-09 09:04:11.420425,Заголовок про программирование 281,Текст про программирование должен быть больше 100 символов 281
282,2,2025-09-09 09:04:11.420426,Заголовок про программирование 282,Текст про программирование должен быть больше 100 символов 282
283,3,2025-09-09 09:04:11.420427,Заголовок про программирование 283,Текст про программирование должен быть больше 100 символов 283
284,1,2025-09-09 09:04:11.420428,Заголовок про программирование 284,Текст про программирование должен быть больше 100 символов 284
285,1,2025-09-09 09:04:11.420429,Заголовок про программирование 285,Текст про программирование должен быть больше 100 символов 285
286,1,2025-09-09 09:04:11.420430,Заголовок про программирование 286,Текст про программирование должен быть больше 100 символов 286
287,2,2025-09-09 09:04:11.420431,Заголовок про программирование 287,Текст про программирование должен быть больше 100 символов 287
288,3,2025-09-09 09:04:11.420432,Заголовок про программирование 288,Текст про программирование должен быть больше 100 символов 288
289,1,2025-09-09 09:04:11.420433,Заголовок про программирование 289,Текст про программирование должен быть больше 100 символов 289
290,1,2025-09-09 09:04:11.420434,Заголовок про программирование 290,Текст про программирование должен быть больше 100 символов 290
291,2,2025-09-09 09:04:11.420435,Заголовок про программирование 291,Текст про программирование должен быть больше 100 символов 291
292,3,2025-09-09 09:04:11.420436,Заголовок про программирование 292,Текст про программирование должен быть больше 100 символов 292
293,2,2025-09-09 09:04:11.420437,Заголовок про программирование 293,Текст про программирование должен быть больше 100 символов 293
294,2,2025-09-09 09:04:11.420438,Заголовок про программирование 294,Текст про программирование должен быть больше 100 символов 294
295,1,2025-09-09 09:04:11.420439,Заголовок про программирование 295,Текст про программирование должен быть больше 100 символов 295
296,2,2025-09-09 09:04:11.420440,Заголовок про программирование 296,Текст про программирование должен быть больше 100 символов 296
297,2,2025-09-09 09:04:11.420441,Заголовок про программирование 297,Текст про программирование должен быть больше 100 символов 297
298,1,2025-09-09 09:04:11.420442,Заголовок про программирование 298,Текст про программирование должен быть больше 100 символов 298
299,2,2025-09-09 09:04:11.420443,Заголовок про программирование 299,Текст про программирование должен быть больше 100 символов 299
300,2,2025-09-09 09:04:11.420444,Заголовок про программирование 300,Текст про программирование должен быть больше 100 символов 300
301,3,2025-09-09 09:04:11.420445,Заголовок про программирование 301,Текст про программирование должен быть больше 100 символов 301
302,2,2025-09-09 09:04:11.420446,Заголовок про программирование 302,Текст про программирование должен быть больше 100 символов 302
303,2,2025-09-09 09:04:11.420447,Заголовок про программирование 303,Текст про программирование должен быть больше 100 символов 303
304,2,2025-09-09 09:04:11.420448,Заголовок про программирование 304,Текст про программирование должен быть больше 100 символов 304
305,1,2025-09-09 09:04:11.420449,Заголовок про программирование 305,Текст про программирование должен быть больше 100 символов 305
306,3,2025-09-09 09:04:11.420450,Заголовок про программирование 306,Текст про программирование должен быть больше 100 символов 306
307,3,2025-09-09 09:04:11.420451,Заголовок про программирование 307,Текст про программирование должен быть больше 100 символов 307
308,3,2025-09-09 09:04:11.420452,Заголовок про программирование 308,Текст про программирование должен быть больше 100 символов 308
309,3,2025-09-09 09:04:11.420453,Заголовок про программирование 309,Текст про программирование должен быть больше 100 символов 309
310,3,2025-09-09 09:04:11.420454,Заголовок про программирование 310,Текст про программирование должен быть больше 100 символов 310
311,3,2025-09-09 09:04:11.420455,Заголовок про программирование 311,Текст про программирование должен быть больше 100 символов 311
312,2,2025-09-09 09:04:11.420456,Заголовок про программирование 312,Текст про программирование должен быть больше 100 символов 312
313,3,2025-09-09 09:04:11.420457,Заголовок про программирование 313,Текст про программирование должен быть больше 100 символов 313
314,1,2025-09-09 09:04:11.420458,Заголовок про программирование 314,Текст про программирование должен быть больше 100 символов 314
315,2,2025-09-09 09:04:11.420459,Заголовок про программирование 315,Текст про программирование должен быть больше 100 символов 315
316,1,2025-09-09 09:04:11.420460,Заголовок про программирование 316,Текст про программирование должен быть больше 100 символов 316
317,1,2025-09-09 09:04:11.420461,Заголовок про программирование 317,Текст про программирование должен быть больше 100 символов 317
318,1,2025-09-09 09:04:11.420462,Заголовок про программирование 318,Текст про программирование должен быть больше 100 символов 318
319,3,2025-09-09 09:04:11.420463,Заголовок про программирование 319,Текст про программирование должен быть больше 100 символов 319
320,1,2025-09-09 09:04:11.420464,Заголовок про программирование 320,Текст про программирование должен быть больше 100 символов 320
321,3,2025-09-09 09:04:11.420465,Заголовок про программирование 321,Текст про программирование должен быть больше 100 символов 321
322,1,2025-09-09 09:04:11.420466,Заголовок про программирование 322,Текст про программирование должен быть больше 100 символов 322
323,2,2025-09-09 09:04:11.420467,Заголовок про программирование 323,Текст про программирование должен быть больше 100 символов 323
324,3,2025-09-09 09:04:11.420468,Заголовок про программирование 324,Текст про программирование должен быть больше 100 символов 324
325,2,2025-09-09 09:04:11.420469,Заголовок про программирование 325,Текст про программирование должен быть больше 100 символов 325
326,1,2025-09-09 09:04:11.420470,Заголовок про программирование 326,Текст про программирование должен быть больше 100 символов 326
327,1,2025-09-09 09:04:11.420471,Заголовок про программирование 327,Текст про программирование должен быть больше 100 символов 327
328,1,2025-09-09 09:04:11.420472,Заголовок про программирование 328,Текст про программирование должен быть больше 100 символов 328
329,1,2025-09-09 09:04:11.420473,Заголовок про программирование 329,Текст про программирование должен быть больше 100 символов 329
330,3,2025-09-09 09:04:11.420474,Заголовок про программирование 330,Текст про программирование должен быть больше 100 символов 330
331,3,2025-09-09 09:04:11.420475,Заголовок про программирование 331,Текст про программирование должен быть больше 100 символов 331
332,3,2025-09-09 09:04:11.420476,Заголовок про программирование 332,Текст про программирование должен быть больше 100 символов 332
333,3,2025-09-09 09:04:11.420477,Заголовок про программирование 333,Текст про программирование должен быть больше 100 символов 333
334,2,2025-09-09 09:04:11.420478,Заголовок про программирование 334,Текст про программирование должен быть больше 100 символов 334
335,3,2025-09-09 09:04:11.420479,Заголовок про программирование 335,Текст про программирование должен быть больше 100 символов 335
336,1,2025-09-09 09:04:11.420480,Заголовок про программирование 336,Текст про программирование должен быть больше 100 символов 336
337,1,2025-09-09 09:04:11.420481,Заголовок про программирование 337,Текст про программирование должен быть больше 100 символов 337
338,2,2025-09-09 09:04:11.420482,Заголовок про программирование 338,Текст про программирование должен быть больше 100 символов 338
339,1,2025-09-09 09:04:11.420483,Заголовок про программирование 339,Текст про программирование должен быть больше 100 символов 339
340,1,2025-09-09 09:04:11.420484,Заголовок про программирование 340,Текст про программирование должен быть больше 100 символов 340
341,3,2025-09-09 09:04:11.420485,Заголовок про программирование 341,Текст про программирование должен быть больше 100 символов 341
342,3,2025-09-09 09:04:11.420486,Заголовок про программирование 342,Текст про программирование должен быть больше 100 символов 342
343,3,2025-09-09 09:04:11.420487,Заголовок про программирование 343,Текст про программирование должен быть больше 100 символов 343
344,2,2025-09-09 09:04:11.420488,Заголовок про программирование 344,Текст про программирование должен быть больше 100 символов 344
345,3,2025-09-09 09:04:11.420489,Заголовок про программирование 345,Текст про программирование должен быть больше 100 символов 345
346,2,2025-09-09 09:04:11.420490,Заголовок про программирование 346,Текст про программирование должен быть больше 100 символов 346
347,3,2025-09-09 09:04:11.420491,Заголовок про программирование 347,Текст про программирование должен быть больше 100 символов 347
348,3,2025-09-09 09:04:11.420492,Заголовок про программирование 348,Текст про программирование должен быть больше 100 символов 348
349,1,2025-09-09 09:04:11.420493,Заголовок про программирование 349,Текст про программирование должен быть больше 100 символов 349
350,3,2025-09-09 09:04:11.420494,Заголовок про программирование 350,Текст про программирование должен быть больше 100 символов 350
351,2,2025-09-09 09:04:11.420495,Заголовок про программирование 351,Текст про программирование должен быть больше 100 символов 351
352,1,2025-09-09 09:04:11.420496,Заголовок про программирование 352,Текст про программирование должен быть больше 100 символов 352
353,2,2025-09-09 09:04:11.420497,Заголовок про программирование 353,Текст про программирование должен быть больше 100 символов 353
354,2,2025-09-09 09:04:11.420498,Заголовок про программирование 354,Текст про программирование должен быть больше 100 символов 354
355,3,2025-09-09 09:04:11.420499,Заголовок про программирование 355,Текст про программирование должен быть больше 100 символов 355
356,3,2025-09-09 09:04:11.420500,Заголовок про программирование 356,Текст про программирование должен быть больше 100 символов 356
357,1,2025-09-09 09:04:11.420501,Заголовок про программирование 357,Текст про программирование должен быть больше 100 символов 357
358,2,2025-09-09 09:04:11.420502,Заголовок про программирование 358,Текст про программирование должен быть больше 100 символов 358
359,2,2025-09-09 09:04:11.420503,Заголовок про программирование 359,Текст про программирование должен быть больше 100 символов 359
360,3,2025-09-09 09:04:11.420504,Заголовок про программирование 360,Текст про программирование должен быть больше 100 символов 360
361,3,2025-09-09 09:04:11.420505,Заголовок про программирование 361,Текст про программирование должен быть больше 100 символов 361
362,2,2025-09-09 09:04:11.420506,Заголовок про программирование 362,Текст про программирование должен быть больше 100 символов 362
363,2,2025-09-09 09:04:11.420507,Заголовок про программирование 363,Текст про программирование должен быть больше 100 символов 363
364,3,2025-09-09 09:04:11.420508,Заголовок про программирование 364,Текст про программирование должен быть больше 100 символов 364
365,1,2025-09-09 09:04:11.420509,Заголовок про программирование 365,Текст про программирование должен быть больше 100 символов 365
366,2,2025-09-09 09:04:11.420510,Заголовок про программирование 366,Текст про программирование должен быть больше 100 символов 366
367,3,2025-09-09 09:04:11.420511,Заголовок про программирование 367,Текст про программирование должен быть больше 100 символов 367
368,2,2025-09-09 09:04:11.420512,Заголовок про программирование 368,Текст про программирование должен быть больше 100 символов 368
369,3,2025-09-09 09:04:11.420513,Заголовок про программирование 369,Текст про программирование должен быть больше 100 символов 369
370,2,2025-09-09 09:04:11.420514,Заголовок про программирование 370,Текст про программирование должен быть больше 100 символов 370
371,2,2025-09-09 09:04:11.420515,Заголовок про программирование 371,Текст про программирование должен быть больше 100 символов 371
372,3,2025-09-09 09:04:11.420516,Заголовок про программирование 372,Текст про программирование должен быть больше 100 символов 372
373,1,2025-09-09 09:04:11.420517,Заголовок про программирование 373,Текст про программирование должен быть больше 100 символов 373
374,1,2025-09-09 09:04:11.420518,Заголовок про программирование 374,Текст про программирование должен быть больше 100 символов 374
375,2,2025-09-09 09:04:11.420519,Заголовок про программирование 375,Текст про программирование должен быть больше 100 символов 375
376,1,2025-09-09 09:04:11.420520,Заголовок про программирование 376,Текст про программирование должен быть больше 100 символов 376
377,3,2025-09-09 09:04:11.420521,Заголовок про программирование 377,Текст про программирование должен быть больше 100 символов 377
378,1,2025-09-09 09:04:11.420522,Заголовок про программирование 378,Текст про программирование должен быть больше 100 символов 378
379,3,2025-09-09 09:04:11.420523,Заголовок про программирование 379,Текст про программирование должен быть больше 100 символов 379
380,3,2025-09-09 09:04:11.420524,Заголовок про программирование 380,Текст про программирование должен быть больше 100 символов 380
381,2,2025-09-09 09:04:11.420525,Заголовок про программирование 381,Текст про программирование должен быть больше 100 символов 381
382,2,2025-09-09 09:04:11.420526,Заголовок про программирование 382,Текст про программирование должен быть больше 100 символов 382
383,2,2025-09-09 09:04:11.420527,Заголовок про программирование 383,Текст про программирование должен быть больше 100 символов 383
384,3,2025-09-09 09:04:11.420528,Заголовок про программирование 384,Текст про программирование должен быть больше 100 символов 384
385,3,2025-09-09 09:04:11.420529,Заголовок про программирование 385,Текст про программирование должен быть больше 100 символов 385
386,1,2025-09-09 09:04:11.420530,Заголовок про программирование 386,Текст про программирование должен быть больше 100 символов 386
387,1,2025-09-09 09:04:11.420531,Заголовок про программирование 387,Текст про программирование должен быть больше 100 символов 387
388,2,2025-09-09 09:04:11.420532,Заголовок про программирование 388,Текст про программирование должен быть больше 100 символов 388
389,3,2025-09-09 09:04:11.420533,Заголовок про программирование 389,Текст про программирование должен быть больше 100 символов 389
390,3,2025-09-09 09:04:11.420534,Заголовок про программирование 390,Текст про программирование должен быть больше 100 символов 390
391,2,2025-09-09 09:04:11.420535,Заголовок про программирование 391,Текст про программирование должен быть больше 100 символов 391
392,2,2025-09-09 09:04:11.420536,Заголовок про программирование 392,Текст про программирование должен быть больше 100 символов 392
393,3,2025-09-09 09:04:11.420537,Заголовок про программирование 393,Текст про программирование должен быть больше 100 символов 393
394,2,2025-09-09 09:04:11.420538,Заголовок про программирование 394,Текст про программирование должен быть больше 100 символов 394
395,3,2025-09-09 09:04:11.420539,Заголовок про программирование 395,Текст про программирование должен быть больше 100 символов 395
396,1,2025-09-09 09:04:11.420540,Заголовок про программирование 396,Текст про программирование должен быть больше 100 символов 396
397,2,2025-09-09 09:04:11.420541,Заголовок про программирование 397,Текст про программирование должен быть больше 100 символов 397
398,1,2025-09-09 09:04:11.420542,Заголовок про программирование 398,Текст про программирование должен быть больше 100 символов 398
399,2,2025-09-09 09:04:11.420543,Заголовок про программирование 399,Текст про программирование должен быть больше 100 символов 399
400,3,2025-09-09 09:04:11.420544,Заголовок про программирование 400,Текст про программирование должен быть больше 100 символов 400
401,1,2025-09-09 09:04:11.420545,Заголовок про программирование 401,Текст про программирование должен быть больше 100 символов 401
402,3,2025-09-09 09:04:11.420546,Заголовок про программирование 402,Текст про программирование должен быть больше 100 символов 402
403,1,2025-09-09 09:04:11.420547,Заголовок про программирование 403,Текст про программирование должен быть больше 100 символов 403
404,1,2025-09-09 09:04:11.420548,Заголовок про программирование 404,Текст про программирование должен быть больше 100 символов 404
405,1,2025-09-09 09:04:11.420549,Заголовок про программирование 405,Текст про программирование должен быть больше 100 символов 405
406,1,2025-09-09 09:04:11.420550,Заголовок про программирование 406,Текст про программирование должен быть больше 100 символов 406
407,2,2025-09-09 09:04:11.420551,Заголовок про программирование 407,Текст про программирование должен быть больше 100 символов 407
408,3,2025-09-09 09:04:11.420552,Заголовок про программирование 408,Текст про программирование должен быть больше 100 символов 408
409,1,2025-09-09 09:04:11.420553,Заголовок про программирование 409,Текст про программирование должен быть больше 100 символов 409
410,2,2025-09-09 09:04:11.420554,Заголовок про программирование 410,Текст про программирование должен быть больше 100 символов 410
411,2,2025-09-09 09:04:11.420555,Заголовок про программирование 411,Текст про программирование должен быть больше 100 символов 411
412,3,2025-09-09 09:04:11.420556,Заголовок про программирование 412,Текст про программирование должен быть больше 100 символов 412
413,3,2025-09-09 09:04:11.420557,Заголовок про программирование 413,Текст про программирование должен быть больше 100 символов 413
414,1,2025-09-09 09:04:11.420558,Заголовок про программирование 414,Текст про программирование должен быть больше 100 символов 414
415,2,2025-09-09 09:04:11.420559,Заголовок про программирование 415,Текст про программирование должен быть больше 100 символов 415
416,2,2025-09-09 09:04:11.420560,Заголовок про программирование 416,Текст про программирование должен быть больше 100 символов 416
417,2,2025-09-09 09:04:11.420561,Заголовок про программирование 417,Текст про программирование должен быть больше 100 символов 417
418,3,2025-09-09 09:04:11.420562,Заголовок про программирование 418,Текст про программирование должен быть больше 100 символов 418
419,2,2025-09-09 09:04:11.420563,Заголовок про программирование 419,Текст про программирование должен быть больше 100 символов 419
420,3,2025-09-09 09:04:11.420564,Заголовок про программирование 420,Текст про программирование должен быть больше 100 символов 420
421,1,2025-09-09 09:04:11.420565,Заголовок про программирование 421,Текст про программирование должен быть больше 100 символов 421
422,2,2025-09-09 09:04:11.420566,Заголовок про программирование 422,Текст про программирование должен быть больше 100 символов 422
423,2,2025-09-09 09:04:11.420567,Заголовок про программирование 423,Текст про программирование должен быть больше 100 символов 423
424,2,2025-09-09 09:04:11.420568,Заголовок про программирование 424,Текст про программирование должен быть больше 100 символов 424
425,1,2025-09-09 09:04:11.420569,Заголовок про программирование 425,Текст про программирование должен быть больше 100 символов 425
426,2,2025-09-09 09:04:11.420570,Заголовок про программирование 426,Текст про программирование должен быть больше 100 символов 426
427,3,2025-09-09 09:04:11.420571,Заголовок про программирование 427,Текст про программирование должен быть больше 100 символов 427
428,2,2025-09-09 09:04:11.420572,Заголовок про программирование 428,Текст про программирование должен быть больше 100 символов 428
429,3,2025-09-09 09:04:11.420573,Заголовок про программирование 429,Текст про программирование должен быть больше 100 символов 429
430,3,2025-09-09 09:04:11.420574,Заголовок про программирование 430,Текст про программирование должен быть больше 100 символов 430
431,3,2025-09-09 09:04:11.420575,Заголовок про программирование 431,Текст про программирование должен быть больше 100 символов 431
432,3,2025-09-09 09:04:11.420576,Заголовок про программирование 432,Текст про программирование должен быть больше 100 символов 432
433,1,2025-09-09 09:04:11.420577,Заголовок про программирование 433,Текст про программирование должен быть больше 100 символов 433
434,3,2025-09-09 09:04:11.420578,Заголовок про программирование 434,Текст про программирование должен быть больше 100 символов 434
435,1,2025-09-09 09:04:11.420579,Заголовок про программирование 435,Текст про программирование должен быть больше 100 символов 435
436,1,2025-09-09 09:04:11.420580,Заголовок про программирование 436,Текст про программирование должен быть больше 100 символов 436
437,1,2025-09-09 09:04:11.420581,Заголовок про программирование 437,Текст про программирование должен быть больше 100 символов 437
438,2,2025-09-09 09:04:11.420582,Заголовок про программирование 438,Текст про программирование должен быть больше 100 символов 438
439,3,2025-09-09 09:04:11.420583,Заголовок про программирование 439,Текст про программирование должен быть больше 100 символов 439
440,3,2025-09-09 09:04:11.420584,Заголовок про программирование 440,Текст про программирование должен быть больше 100 символов 440
441,2,2025-09-09 09:04:11.420585,Заголовок про программирование 441,Текст про программирование должен быть больше 100 символов 441
442,1,2025-09-09 09:04:11.420586,Заголовок про программирование 442,Текст про программирование должен быть больше 100 символов 442
443,1,2025-09-09 09:04:11.420587,Заголовок про программирование 443,Текст про программирование должен быть больше 100 символов 443
444,2,2025-09-09 09:04:11.420588,Заголовок про программирование 444,Текст про программирование должен быть больше 100 символов 444
445,1,2025-09-09 09:04:11.420589,Заголовок про программирование 445,Текст про программирование должен быть больше 100 символов 445
446,2,2025-09-09 09:04:11.420590,Заголовок про программирование 446,Текст про программирование должен быть больше 100 символов 446
447,1,2025-09-09 09:04:11.420591,Заголовок про программирование 447,Текст про программирование должен быть больше 100 символов 447
448,3,2025-09-09 09:04:11.420592,Заголовок про программирование 448,Текст про программирование должен быть больше 100 символов 448
449,3,2025-09-09 09:04:11.420593,Заголовок про программирование 449,Текст про программирование должен быть больше 100 символов 449
450,1,2025-09-09 09:04:11.420594,Заголовок про программирование 450,Текст про программирование должен быть больше 100 символов 450
451,2,2025-09-09 09:04:11.420595,Заголовок про программирование 451,Текст про программирование должен быть больше 100 символов 451
452,2,2025-09-09 09:04:11.420596,Заголовок про программирование 452,Текст про программирование должен быть больше 100 символов 452
453,2,2025-09-09 09:04:11.420597,Заголовок про программирование 453,Текст про программирование должен быть больше 100 символов 453
454,3,2025-09-09 09:04:11.420598,Заголовок про программирование 454,Текст про программирование должен быть больше 100 символов 454
455,2,2025-09-09 09:04:11.420599,Заголовок про программирование 455,Текст про программирование должен быть больше 100 символов 455
456,1,2025-09-09 09:04:11.420600,Заголовок про программирование 456,Текст про программирование должен быть больше 100 символов 456
457,1,2025-09-09 09:04:11.420601,Заголовок про программирование 457,Текст про программирование должен быть больше 100 символов 457
458,3,2025-09-09 09:04:11.420602,Заголовок про программирование 458,Текст про программирование должен быть больше 100 символов 458
459,1,2025-09-09 09:04:11.420603,Заголовок про программирование 459,Текст про программирование должен быть больше 100 символов 459
460,2,2025-09-09 09:04:11.420604,Заголовок про программирование 460,Текст про программирование должен быть больше 100 символов 460
461,3,2025-09-09 09:04:11.420605,Заголовок про программирование 461,Текст про программирование должен быть больше 100 символов 461
462,1,2025-09-09 09:04:11.420606,Заголовок про программирование 462,Текст про программирование должен быть больше 100 символов 462
463,1,2025-09-09 09:04:11.420607,Заголовок про программирование 463,Текст про программирование должен быть больше 100 символов 463
464,3,2025-09-09 09:04:11.420608,Заголовок про программирование 464,Текст про программирование должен быть больше 100 символов 464
465,1,2025-09-09 09:04:11.420609,Заголовок про программирование 465,Текст про программирование должен быть больше 100 символов 465
466,3,2025-09-09 09:04:11.420610,Заголовок про программирование 466,Текст про программирование должен быть больше 100 символов 466
467,3,2025-09-09 09:04:11.420611,Заголовок про программирование 467,Текст про программирование должен быть больше 100 символов 467
468,3,2025-09-09 09:04:11.420612,Заголовок про программирование 468,Текст про программирование должен быть больше 100 символов 468
469,1,2025-09-09 09:04:11.420613,Заголовок про программирование 469,Текст про программирование должен быть больше 100 символов 469
470,2,2025-09-09 09:04:11.420614,Заголовок про программирование 470,Текст про программирование должен быть больше 100 символов 470
471,2,2025-09-09 09:04:11.420615,Заголовок про программирование 471,Текст про программирование должен быть больше 100 символов 471
472,2,2025-09-09 09:04:11.420616,Заголовок про программирование 472,Текст про программирование должен быть больше 100 символов 472
473,3,2025-09-09 09:04:11.420617,Заголовок про программирование 473,Текст про программирование должен быть больше 100 символов 473
474,2,2025-09-09 09:04:11.420618,Заголовок про программирование 474,Текст про программирование должен быть больше 100 символов 474
475,3,2025-09-09 09:04:11.420619,Заголовок про программирование 475,Текст про программирование должен быть больше 100 символов 475
476,1,2025-09-09 09:04:11.420620,Заголовок про программирование 476,Текст про программирование должен быть больше 100 символов 476
477,1,2025-09-09 09:04:11.420621,Заголовок про программирование 477,Текст про программирование должен быть больше 100 символов 477
478,2,2025-09-09 09:04:11.420622,Заголовок про программирование 478,Текст про программирование должен быть больше 100 символов 478
479,1,2025-09-09 09:04:11.420623,Заголовок про программирование 479,Текст про программирование должен быть больше 100 символов 479
480,2,2025-09-09 09:04:11.420624,Заголовок про программирование 480,Текст про программирование должен быть больше 100 символов 480
481,2,2025-09-09 09:04:11.420625,Заголовок про программирование 481,Текст про программирование должен быть больше 100 символов 481
482,2,2025-09-09 09:04:11.420626,Заголовок про программирование 482,Текст про программирование должен быть больше 100 символов 482
483,2,2025-09-09 09:04:11.420627,Заголовок про программирование 483,Текст про программирование должен быть больше 100 символов 483
484,3,2025-09-09 09:04:11.420628,Заголовок про программирование 484,Текст про программирование должен быть больше 100 символов 484
485,1,2025-09-09 09:04:11.420629,Заголовок про программирование 485,Текст про программирование должен быть больше 100 символов 485
486,3,2025-09-09 09:04:11.420630,Заголовок про программирование 486,Текст про программирование должен быть больше 100 символов 486
487,1,2025-09-09 09:04:11.420631,Заголовок про программирование 487,Текст про программирование должен быть больше 100 символов 487
488,3,2025-09-09 09:04:11.420632,Заголовок про программирование 488,Текст про программирование должен быть больше 100 символов 488
489,2,2025-09-09 09:04:11.420633,Заголовок про программирование 489,Текст про программирование должен быть больше 100 символов 489
490,2,2025-09-09 09:04:11.420634,Заголовок про программирование 490,Текст про программирование должен быть больше 100 символов 490
491,3,2025-09-09 09:04:11.420635,Заголовок про программирование 491,Текст про программирование должен быть больше 100 символов 491
492,3,2025-09-09 09:04:11.420636,Заголовок про программирование 492,Текст про программирование должен быть больше 100 символов 492
493,3,2025-09-09 09:04:11.420637,Заголовок про программирование 493,Текст про программирование должен быть больше 100 символов 493
494,2,2025-09-09 09:04:11.420638,Заголовок про программирование 494,Текст про программирование должен быть больше 100 символов 494
495,3,2025-09-09 09:04:11.420639,Заголовок про программирование 495,Текст про программирование должен быть больше 100 символов 495
496,1,2025-09-09 09:04:11.420640,Заголовок про программирование 496,Текст про программирование должен быть больше 100 символов 496
497,3,2025-09-09 09:04:11.420641,Заголовок про программирование 497,Текст про программирование должен быть больше 100 символов 497
498,1,2025-09-09 09:04:11.420642,Заголовок про программирование 498,Текст про программирование должен быть больше 100 символов 498
499,1,2025-09-09 09:04:11.420643,Заголовок про программирование 499,Текст про программирование должен быть больше 100 символов 499
500,3,2025-09-09 09:04:11.420644,Заголовок про программирование 500,Текст про программирование должен быть больше 100 символов 500
501,1,2025-09-09 09:04:11.420645,Заголовок про программирование 501,Текст про программирование должен быть больше 100 символов 501
502,2,2025-09-09 09:04:11.420646,Заголовок про программирование 502,Текст про программирование должен быть больше 100 символов 502
503,3,2025-09-09 09:04:11.420647,Заголовок про программирование 503,Текст про программирование должен быть больше 100 символов 503
504,1,2025-09-09 09:04:11.420648,Заголовок про программирование 504,Текст про программирование должен быть больше 100 символов 504
505,3,2025-09-09 09:04:11.420649,Заголовок про программирование 505,Текст про программирование должен быть больше 100 символов 505
506,3,2025-09-09 09:04:11.420650,Заголовок про программирование 506,Текст про программирование должен быть больше 100 символов 506
507,1,2025-09-09 09:04:11.420651,Заголовок про программирование 507,Текст про программирование должен быть больше 100 символов 507
508,3,2025-09-09 09:04:11.420652,Заголовок про программирование 508,Текст про программирование должен быть больше 100 символов 508
509,3,2025-09-09 09:04:11.420653,Заголовок про программирование 509,Текст про программирование должен быть больше 100 символов 509
510,1,2025-09-09 09:04:11.420654,Заголовок про программирование 510,Текст про программирование должен быть больше 100 символов 510
511,3,2025-09-09 09:04:11.420655,Заголовок про программирование 511,Текст про программирование должен быть больше 100 символов 511
512,2,2025-09-09 09:04:11.420656,Заголовок про программирование 512,Текст про программирование должен быть больше 100 символов 512
513,2,2025-09-09 09:04:11.420657,Заголовок про программирование 513,Текст про программирование должен быть больше 100 символов 513
514,1,2025-09-09 09:04:11.420658,Заголовок про программирование 514,Текст про программирование должен быть больше 100 символов 514
515,1,2025-09-09 09:04:11.420659,Заголовок про программирование 515,Текст про программирование должен быть больше 100 символов 515
516,3,2025-09-09 09:04:11.420660,Заголовок про программирование 516,Текст про программирование должен быть больше 100 символов 516
517,2,2025-09-09 09:04:11.420661,Заголовок про программирование 517,Текст про программирование должен быть больше 100 символов 517
518,2,2025-09-09 09:04:11.420662,Заголовок про программирование 518,Текст про программирование должен быть больше 100 символов 518
519,1,2025-09-09 09:04:11.420663,Заголовок про программирование 519,Текст про программирование должен быть больше 100 символов 519
520,1,2025-09-09 09:04:11.420664,Заголовок про программирование 520,Текст про программирование должен быть больше 100 символов 520
521,2,2025-09-09 09:04:11.420665,Заголовок про программирование 521,Текст про программирование должен быть больше 100 символов 521
522,1,2025-09-09 09:04:11.420666,Заголовок про программирование 522,Текст про программирование должен быть больше 100 символов 522
523,3,2025-09-09 09:04:11.420667,Заголовок про программирование 523,Текст про программирование должен быть больше 100 символов 523
524,1,2025-09-09 09:04:11.420668,Заголовок про программирование 524,Текст про программирование должен быть больше 100 символов 524
525,3,2025-09-09 09:04:11.420669,Заголовок про программирование 525,Текст про программирование должен быть больше 100 символов 525
526,3,2025-09-09 09:04:11.420670,Заголовок про программирование 526,Текст про программирование должен быть больше 100 символов 526
527,1,2025-09-09 09:04:11.420671,Заголовок про программирование 527,Текст про программирование должен быть больше 100 символов 527
528,1,2025-09-09 09:04:11.420672,Заголовок про программирование 528,Текст про программирование должен быть больше 100 символов 528
529,2,2025-09-09 09:04:11.420673,Заголовок про программирование 529,Текст про программирование должен быть больше 100 символов 529
530,1,2025-09-09 09:04:11.420674,Заголовок про программирование 530,Текст про программирование должен быть больше 100 символов 530
531,2,2025-09-09 09:04:11.420675,Заголовок про программирование 531,Текст про программирование должен быть больше 100 символов 531
532,3,2025-09-09 09:04:11.420676,Заголовок про программирование 532,Текст про программирование должен быть больше 100 символов 532
533,2,2025-09-09 09:04:11.420677,Заголовок про программирование 533,Текст про программирование должен быть больше 100 символов 533
534,2,2025-09-09 09:04:11.420678,Заголовок про программирование 534,Текст про программирование должен быть больше 100 символов 534
535,3,2025-09-09 09:04:11.420679,Заголовок про программирование 535,Текст про программирование должен быть больше 100 символов 535
536,1,2025-09-09 09:04:11.420680,Заголовок про программирование 536,Текст про программирование должен быть больше 100 символов 536
537,2,2025-09-09 09:04:11.420681,Заголовок про программирование 537,Текст про программирование должен быть больше 100 символов 537
538,3,2025-09-09 09:04:11.420682,Заголовок про программирование 538,Текст про программирование должен быть больше 100 символов 538
539,2,2025-09-09 09:04:11.420683,Заголовок про программирование 539,Текст про программирование должен быть больше 100 символов 539
540,2,2025-09-09 09:04:11.420684,Заголовок про программирование 540,Текст про программирование должен быть больше 100 символов 540
541,1,2025-09-09 09:04:11.420685,Заголовок про программирование 541,Текст про программирование должен быть больше 100 символов 541
542,2,2025-09-09 09:04:11.420686,Заголовок про программирование 542,Текст про программирование должен быть больше 100 символов 542
543,3,2025-09-09 09:04:11.420687,Заголовок про программирование 543,Текст про программирование должен быть больше 100 символов 543
544,1,2025-09-09 09:04:11.420688,Заголовок про программирование 544,Текст про программирование должен быть больше 100 символов 544
545,2,2025-09-09 09:04:11.420689,Заголовок про программирование 545,Текст про программирование должен быть больше 100 символов 545
546,1,2025-09-09 09:04:11.420690,Заголовок про программирование 546,Текст про программирование должен быть больше 100 символов 546
547,1,2025-09-09 09:04:11.420691,Заголовок про программирование 547,Текст про программирование должен быть больше 100 символов 547
548,1,2025-09-09 09:04:11.420692,Заголовок про программирование 548,Текст про программирование должен быть больше 100 символов 548
549,2,2025-09-09 09:04:11.420693,Заголовок про программирование 549,Текст про программирование должен быть больше 100 символов 549
550,1,2025-09-09 09:04:11.420694,Заголовок про программирование 550,Текст про программирование должен быть больше 100 символов 550
551,1,2025-09-09 09:04:11.420695,Заголовок про программирование 551,Текст про программирование должен быть больше 100 символов 551
552,2,2025-09-09 09:04:11.420696,Заголовок про программирование 552,Текст про программирование должен быть больше 100 символов 552
553,2,2025-09-09 09:04:11.420697,Заголовок про программирование 553,Текст про программирование должен быть больше 100 символов 553
554,2,2025-09-09 09:04:11.420698,Заголовок про программирование 554,Текст про программирование должен быть больше 100 символов 554
555,2,2025-09-09 09:04:11.420699,Заголовок про программирование 555,Текст про программирование должен быть больше 100 символов 555
556,3,2025-09-09 09:04:11.420700,Заголовок про программирование 556,Текст про программирование должен быть больше 100 символов 556
557,3,2025-09-09 09:04:11.420701,Заголовок про программирование 557,Текст про программирование должен быть больше 100 символов 557
558,1,2025-09-09 09:04:11.420702,Заголовок про программирование 558,Текст про программирование должен быть больше 100 символов 558
559,1,2025-09-09 09:04:11.420703,Заголовок про программирование 559,Текст про программирование должен быть больше 100 символов 559
560,3,2025-09-09 09:04:11.420704,Заголовок про программирование 560,Текст про программирование должен быть больше 100 символов 560
561,3,2025-09-09 09:04:11.420705,Заголовок про программирование 561,Текст про программирование должен быть больше 100 символов 561
562,1,2025-09-09 09:04:11.420706,Заголовок про программирование 562,Текст про программирование должен быть больше 100 символов 562
563,3,2025-09-09 09:04:11.420707,Заголовок про программирование 563,Текст про программирование должен быть больше 100 символов 563
564,2,2025-09-09 09:04:11.420708,Заголовок про программирование 564,Текст про программирование должен быть больше 100 символов 564
565,3,2025-09-09 09:04:11.420709,Заголовок про программирование 565,Текст про программирование должен быть больше 100 символов 565
566,2,2025-09-09 09:04:11.420710,Заголовок про программирование 566,Текст про программирование должен быть больше 100 символов 566
567,3,2025-09-09 09:04:11.420711,Заголовок про программирование 567,Текст про программирование должен быть больше 100 символов 567
568,2,2025-09-09 09:04:11.420712,Заголовок про программирование 568,Текст про программирование должен быть больше 100 символов 568
569,3,2025-09-09 09:04:11.420713,Заголовок про программирование 569,Текст про программирование должен быть больше 100 символов 569
570,2,2025-09-09 09:04:11.420714,Заголовок про программирование 570,Текст про программирование должен быть больше 100 символов 570
571,2,2025-09-09 09:04:11.420715,Заголовок про программирование 571,Текст про программирование должен быть больше 100 символов 571
572,3,2025-09-09 09:04:11.420716,Заголовок про программирование 572,Текст про программирование должен быть больше 100 символов 572
573,3,2025-09-09 09:04:11.420717,Заголовок про программирование 573,Текст про программирование должен быть больше 100 символов 573
574,1,2025-09-09 09:04:11.420718,Заголовок про программирование 574,Текст про программирование должен быть больше 100 символов 574
575,2,2025-09-09 09:04:11.420719,Заголовок про программирование 575,Текст про программирование должен быть больше 100 символов 575
576,1,2025-09-09 09:04:11.420720,Заголовок про программирование 576,Текст про программирование должен быть больше 100 символов 576
577,1,2025-09-09 09:04:11.420721,Заголовок про программирование 577,Текст про программирование должен быть больше 100 символов 577
578,3,2025-09-09 09:04:11.420722,Заголовок про программирование 578,Текст про программирование должен быть больше 100 символов 578
579,2,2025-09-09 09:04:11.420723,Заголовок про программирование 579,Текст про программирование должен быть больше 100 символов 579
580,3,2025-09-09 09:04:11.420724,Заголовок про программирование 580,Текст про программирование должен быть больше 100 символов 580
581,3,2025-09-09 09:04:11.420725,Заголовок про программирование 581,Текст про программирование должен быть больше 100 символов 581
582,2,2025-09-09 09:04:11.420726,Заголовок про программирование 582,Текст про программирование должен быть больше 100 символов 582
583,3,2025-09-09 09:04:11.420727,Заголовок про программирование 583,Текст про программирование должен быть больше 100 символов 583
584,3,2025-09-09 09:04:11.420728,Заголовок про программирование 584,Текст про программирование должен быть больше 100 символов 584
585,2,2025-09-09 09:04:11.420729,Заголовок про программирование 585,Текст про программирование должен быть больше 100 символов 585
586,3,2025-09-09 09:04:11.420730,Заголовок про программирование 586,Текст про программирование должен быть больше 100 символов 586
587,2,2025-09-09 09:04:11.420731,Заголовок про программирование 587,Текст про программирование должен быть больше 100 символов 587
588,3,2025-09-09 09:04:11.420732,Заголовок про программирование 588,Текст про программирование должен быть больше 100 символов 588
589,3,2025-09-09 09:04:11.420733,Заголовок про программирование 589,Текст про программирование должен быть больше 100 символов 589
590,1,2025-09-09 09:04:11.420734,Заголовок про программирование 590,Текст про программирование должен быть больше 100 символов 590
591,2,2025-09-09 09:04:11.420735,Заголовок про программирование 591,Текст про программирование должен быть больше 100 символов 591
592,3,2025-09-09 09:04:11.420736,Заголовок про программирование 592,Текст про программирование должен быть больше 100 символов 592
593,3,2025-09-09 09:04:11.420737,Заголовок про программирование 593,Текст про программирование должен быть больше 100 символов 593
594,3,2025-09-09 09:04:11.420738,Заголовок про программирование 594,Текст про программирование должен быть больше 100 символов 594
595,2,2025-09-09 09:04:11.420739,Заголовок про программирование 595,Текст про программирование должен быть больше 100 символов 595
596,2,2025-09-09 09:04:11.420740,Заголовок про программирование 596,Текст про программирование должен быть больше 100 символов 596
597,1,2025-09-09 09:04:11.420741,Заголовок про программирование 597,Текст про программирование должен быть больше 100 символов 597
598,3,2025-09-09 09:04:11.420742,Заголовок про программирование 598,Текст про программирование должен быть больше 100 символов 598
599,3,2025-09-09 09:04:11.420743,Заголовок про программирование 599,Текст про программирование должен быть больше 100 символов 599
600,3,2025-09-09 09:04:11.420744,Заголовок про программирование 600,Текст про программирование должен быть больше 100 символов 600
601,3,2025-09-09 09:04:11.420745,Заголовок про программирование 601,Текст про программирование должен быть больше 100 символов 601
602,2,2025-09-09 09:04:11.420746,Заголовок про программирование 602,Текст про программирование должен быть больше 100 символов 602
603,3,2025-09-09 09:04:11.420747,Заголовок про программирование 603,Текст про программирование должен быть больше 100 символов 603
604,3,2025-09-09 09:04:11.420748,Заголовок про программирование 604,Текст про программирование должен быть больше 100 символов 604
605,3,2025-09-09 09:04:11.420749,Заголовок про программирование 605,Текст про программирование должен быть больше 100 символов 605
606,2,2025-09-09 09:04:11.420750,Заголовок про программирование 606,Текст про программирование должен быть больше 100 символов 606
607,3,2025-09-09 09:04:11.420751,Заголовок про программирование 607,Текст про программирование должен быть больше 100 символов 607
608,1,2025-09-09 09:04:11.420752,Заголовок про программирование 608,Текст про программирование должен быть больше 100 символов 608
609,2,2025-09-09 09:04:11.420753,Заголовок про программирование 609,Текст про программирование должен быть больше 100 символов 609
610,1,2025-09-09 09:04:11.420754,Заголовок про программирование 610,Текст про программирование должен быть больше 100 символов 610
611,2,2025-09-09 09:04:11.420755,Заголовок про программирование 611,Текст про программирование должен быть больше 100 символов 611
612,3,2025-09-09 09:04:11.420756,Заголовок про программирование 612,Текст про программирование должен быть больше 100 символов 612
613,2,2025-09-09 09:04:11.420757,Заголовок про программирование 613,Текст про программирование должен быть больше 100 символов 613
614,3,2025-09-09 09:04:11.420758,Заголовок про программирование 614,Текст про программирование должен быть больше 100 символов 614
615,2,2025-09-09 09:04:11.420759,Заголовок про программирование 615,Текст про программирование должен быть больше 100 символов 615
616,1,2025-09-09 09:04:11.420760,Заголовок про программирование 616,Текст про программирование должен быть больше 100 символов 616
617,1,2025-09-09 09:04:11.420761,Заголовок про программирование 617,Текст про программирование должен быть больше 100 символов 617
618,1,2025-09-09 09:04:11.420762,Заголовок про программирование 618,Текст про программирование должен быть больше 100 символов 618
619,1,2025-09-09 09:04:11.420763,Заголовок про программирование 619,Текст про программирование должен быть больше 100 символов 619
620,2,2025-09-09 09:04:11.420764,Заголовок про программирование 620,Текст про программирование должен быть больше 100 символов 620
621,1,2025-09-09 09:04:11.420765,Заголовок про программирование 621,Текст про программирование должен быть больше 100 символов 621
622,1,2025-09-09 09:04:11.420766,Заголовок про программирование 622,Текст про программирование должен быть больше 100 символов 622
623,1,2025-09-09 09:04:11.420767,Заголовок про программирование 623,Текст про программирование должен быть больше 100 символов 623
624,3,2025-09-09 09:04:11.420768,Заголовок про программирование 624,Текст про программирование должен быть больше 100 символов 624
625,1,2025-09-09 09:04:11.420769,Заголовок про программирование 625,Текст про программирование должен быть больше 100 символов 625
626,1,2025-09-09 09:04:11.420770,Заголовок про программирование 626,Текст про программирование должен быть больше 100 символов 626
627,3,2025-09-09 09:04:11.420771,Заголовок про программирование 627,Текст про программирование должен быть больше 100 символов 627
628,3,2025-09-09 09:04:11.420772,Заголовок про программирование 628,Текст про программирование должен быть больше 100 символов 628
629,3,2025-09-09 09:04:11.420773,Заголовок про программирование 629,Текст про программирование должен быть больше 100 символов 629
630,1,2025-09-09 09:04:11.420774,Заголовок про программирование 630,Текст про программирование должен быть больше 100 символов 630
631,3,2025-09-09 09:04:11.420775,Заголовок про программирование 631,Текст про программирование должен быть больше 100 символов 631
632,3,2025-09-09 09:04:11.420776,Заголовок про программирование 632,Текст про программирование должен быть больше 100 символов 632
633,2,2025-09-09 09:04:11.420777,Заголовок про программирование 633,Текст про программирование должен быть больше 100 символов 633
634,1,2025-09-09 09:04:11.420778,Заголовок про программирование 634,Текст про программирование должен быть больше 100 символов 634
635,1,2025-09-09 09:04:11.420779,Заголовок про программирование 635,Текст про программирование должен быть больше 100 символов 635
636,3,2025-09-09 09:04:11.420780,Заголовок про программирование 636,Текст про программирование должен быть больше 100 символов 636
637,2,2025-09-09 09:04:11.420781,Заголовок про программирование 637,Текст про программирование должен быть больше 100 символов 637
638,3,2025-09-09 09:04:11.420782,Заголовок про программирование 638,Текст про программирование должен быть больше 100 символов 638
639,2,2025-09-09 09:04:11.420783,Заголовок про программирование 639,Текст про программирование должен быть больше 100 символов 639
640,3,2025-09-09 09:04:11.420784,Заголовок про программирование 640,Текст про программирование должен быть больше 100 символов 640
641,3,2025-09-09 09:04:11.420785,Заголовок про программирование 641,Текст про программирование должен быть больше 100 символов 641
642,3,2025-09-09 09:04:11.420786,Заголовок про программирование 642,Текст про программирование должен быть больше 100 символов 642
643,2,2025-09-09 09:04:11.420787,Заголовок про программирование 643,Текст про программирование должен быть больше 100 символов 643
644,1,2025-09-09 09:04:11.420788,Заголовок про программирование 644,Текст про программирование должен быть больше 100 символов 644
645,2,2025-09-09 09:04:11.420789,Заголовок про программирование 645,Текст про программирование должен быть больше 100 символов 645
646,2,2025-09-09 09:04:11.420790,Заголовок про программирование 646,Текст про программирование должен быть больше 100 символов 646
647,3,2025-09-09 09:04:11.420791,Заголовок про программирование 647,Текст про программирование должен быть больше 100 символов 647
648,2,2025-09-09 09:04:11.420792,Заголовок про программирование 648,Текст про программирование должен быть больше 100 символов 648
649,3,2025-09-09 09:04:11.420793,Заголовок про программирование 649,Текст про программирование должен быть больше 100 символов 649
650,2,2025-09-09 09:04:11.420794,Заголовок про программирование 650,Текст про программирование должен быть больше 100 символов 650
651,1,2025-09-09 09:04:11.420795,Заголовок про программирование 651,Текст про программирование должен быть больше 100 символов 651
652,2,2025-09-09 09:04:11.420796,Заголовок про программирование 652,Текст про программирование должен быть больше 100 символов 652
653,2,2025-09-09 09:04:11.420797,Заголовок про программирование 653,Текст про программирование должен быть больше 100 символов 653
654,3,2025-09-09 09:04:11.420798,Заголовок про программирование 654,Текст про программирование должен быть больше 100 символов 654
655,2,2025-09-09 09:04:11.420799,Заголовок про программирование 655,Текст про программирование должен быть больше 100 символов 655
656,2,2025-09-09 09:04:11.420800,Заголовок про программирование 656,Текст про программирование должен быть больше 100 символов 656
657,1,2025-09-09 09:04:11.420801,Заголовок про программирование 657,Текст про программирование должен быть больше 100 символов 657
658,1,2025-09-09 09:04:11.420802,Заголовок про программирование 658,Текст про программирование должен быть больше 100 символов 658
659,2,2025-09-09 09:04:11.420803,Заголовок про программирование 659,Текст про программирование должен быть больше 100 символов 659
660,3,2025-09-09 09:04:11.420804,Заголовок про программирование 660,Текст про программирование должен быть больше 100 символов 660
661,3,2025-09-09 09:04:11.420805,Заголовок про программирование 661,Текст про программирование должен быть больше 100 символов 661
662,3,2025-09-09 09:04:11.420806,Заголовок про программирование 662,Текст про программирование должен быть больше 100 символов 662
663,2,2025-09-09 09:04:11.420807,Заголовок про программирование 663,Текст про программирование должен быть больше 100 символов 663
664,3,2025-09-09 09:04:11.420808,Заголовок про программирование 664,Текст про программирование должен быть больше 100 символов 664
665,3,2025-09-09 09:04:11.420809,Заголовок про программирование 665,Текст про программирование должен быть больше 100 символов 665
666,2,2025-09-09 09:04:11.420810,Заголовок про программирование 666,Текст про программирование должен быть больше 100 символов 666
667,3,2025-09-09 09:04:11.420811,Заголовок про программирование 667,Текст про программирование должен быть больше 100 символов 667
668,3,2025-09-09 09:04:11.420812,Заголовок про программирование 668,Текст про программирование должен быть больше 100 символов 668
669,2,2025-09-09 09:04:11.420813,Заголовок про программирование 669,Текст про программирование должен быть больше 100 символов 669
670,2,2025-09-09 09:04:11.420814,Заголовок про программирование 670,Текст про программирование должен быть больше 100 символов 670
671,1,2025-09-09 09:04:11.420815,Заголовок про программирование 671,Текст про программирование должен быть больше 100 символов 671
672,1,2025-09-09 09:04:11.420816,Заголовок про программирование 672,Текст про программирование должен быть больше 100 символов 672
673,2,2025-09-09 09:04:11.420817,Заголовок про программирование 673,Текст про программирование должен быть больше 100 символов 673
674,3,2025-09-09 09:04:11.420818,Заголовок про программирование 674,Текст про программирование должен быть больше 100 символов 674
675,3,2025-09-09 09:04:11.420819,Заголовок про программирование 675,Текст про программирование должен быть больше 100 символов 675
676,3,2025-09-09 09:04:11.420820,Заголовок про программирование 676,Текст про программирование должен быть больше 100 символов 676
677,2,2025-09-09 09:04:11.420821,Заголовок про программирование 677,Текст про программирование должен быть больше 100 символов 677
678,1,2025-09-09 09:04:11.420822,Заголовок про программирование 678,Текст про программирование должен быть больше 100 символов 678
679,2,2025-09-09 09:04:11.420823,Заголовок про программирование 679,Текст про программирование должен быть больше 100 символов 679
680,3,2025-09-09 09:04:11.420824,Заголовок про программирование 680,Текст про программирование должен быть больше 100 символов 680
681,3,2025-09-09 09:04:11.420825,Заголовок про программирование 681,Текст про программирование должен быть больше 100 символов 681
682,2,2025-09-09 09:04:11.420826,Заголовок про программирование 682,Текст про программирование должен быть больше 100 символов 682
683,2,2025-09-09 09:04:11.420827,Заголовок про программирование 683,Текст про программирование должен быть больше 100 символов 683
684,2,2025-09-09 09:04:11.420828,Заголовок про программирование 684,Текст про программирование должен быть больше 100 символов 684
685,3,2025-09-09 09:04:11.420829,Заголовок про программирование 685,Текст про программирование должен быть больше 100 символов 685
686,1,2025-09-09 09:04:11.420830,Заголовок про программирование 686,Текст про программирование должен быть больше 100 символов 686
687,2,2025-09-09 09:04:11.420831,Заголовок про программирование 687,Текст про программирование должен быть больше 100 символов 687
688,2,2025-09-09 09:04:11.420832,Заголовок про программирование 688,Текст про программирование должен быть больше 100 символов 688
689,2,2025-09-09 09:04:11.420833,Заголовок про программирование 689,Текст про программирование должен быть больше 100 символов 689
690,3,2025-09-09 09:04:11.420834,Заголовок про программирование 690,Текст про программирование должен быть больше 100 символов 690
691,1,2025-09-09 09:04:11.420835,Заголовок про программирование 691,Текст про программирование должен быть больше 100 символов 691
692,2,2025-09-09 09:04:11.420836,Заголовок про программирование 692,Текст про программирование должен быть больше 100 символов 692
693,3,2025-09-09 09:04:11.420837,Заголовок про программирование 693,Текст про программирование должен быть больше 100 символов 693
694,1,2025-09-09 09:04:11.420838,Заголовок про программирование 694,Текст про программирование должен быть больше 100 символов 694
695,3,2025-09-09 09:04:11.420839,Заголовок про программирование 695,Текст про программирование должен быть больше 100 символов 695
696,1,2025-09-09 09:04:11.420840,Заголовок про программирование 696,Текст про программирование должен быть больше 100 символов 696
697,2,2025-09-09 09:04:11.420841,Заголовок про программирование 697,Текст про программирование должен быть больше 100 символов 697
698,1,2025-09-09 09:04:11.420842,Заголовок про программирование 698,Текст про программирование должен быть больше 100 символов 698
699,3,2025-09-09 09:04:11.420843,Заголовок про программирование 699,Текст про программирование должен быть больше 100 символов 699
700,3,2025-09-09 09:04:11.420844,Заголовок про программирование 700,Текст про программирование должен быть больше 100 символов 700
701,1,2025-09-09 09:04:11.420845,Заголовок про программирование 701,Текст про программирование должен быть больше 100 символов 701
702,1,2025-09-09 09:04:11.420846,Заголовок про программирование 702,Текст про программирование должен быть больше 100 символов 702
703,1,2025-09-09 09:04:11.420847,Заголовок про программирование 703,Текст про программирование должен быть больше 100 символов 703
704,3,2025-09-09 09:04:11.420848,Заголовок про программирование 704,Текст про программирование должен быть больше 100 символов 704
705,1,2025-09-09 09:04:11.420849,Заголовок про программирование 705,Текст про программирование должен быть больше 100 символов 705
706,2,2025-09-09 09:04:11.420850,Заголовок про программирование 706,Текст про программирование должен быть больше 100 символов 706
707,1,2025-09-09 09:04:11.420851,Заголовок про программирование 707,Текст про программирование должен быть больше 100 символов 707
708,2,2025-09-09 09:04:11.420852,Заголовок про программирование 708,Текст про программирование должен быть больше 100 символов 708
709,3,2025-09-09 09:04:11.420853,Заголовок про программирование 709,Текст про программирование должен быть больше 100 символов 709
710,3,2025-09-09 09:04:11.420854,Заголовок про программирование 710,Текст про программирование должен быть больше 100 символов 710
711,3,2025-09-09 09:04:11.420855,Заголовок про программирование 711,Текст про программирование должен быть больше 100 символов 711
712,2,2025-09-09 09:04:11.420856,Заголовок про программирование 712,Текст про программирование должен быть больше 100 символов 712
713,1,2025-09-09 09:04:11.420857,Заголовок про программирование 713,Текст про программирование должен быть больше 100 символов 713
714,1,2025-09-09 09:04:11.420858,Заголовок про программирование 714,Текст про программирование должен быть больше 100 символов 714
715,3,2025-09-09 09:04:11.420859,Заголовок про программирование 715,Текст про программирование должен быть больше 100 символов 715
716,1,2025-09-09 09:04:11.420860,Заголовок про программирование 716,Текст про программирование должен быть больше 100 символов 716
717,2,2025-09-09 09:04:11.420861,Заголовок про программирование 717,Текст про программирование должен быть больше 100 символов 717
718,2,2025-09-09 09:04:11.420862,Заголовок про программирование 718,Текст про программирование должен быть больше 100 символов 718
719,2,2025-09-09 09:04:11.420863,Заголовок про программирование 719,Текст про программирование должен быть больше 100 символов 719
720,2,2025-09-09 09:04:11.420864,Заголовок про программирование 720,Текст про программирование должен быть больше 100 символов 720
721,1,2025-09-09 09:04:11.420865,Заголовок про программирование 721,Текст про программирование должен быть больше 100 символов 721
722,2,2025-09-09 09:04:11.420866,Заголовок про программирование 722,Текст про программирование должен быть больше 100 символов 722
723,1,2025-09-09 09:04:11.420867,Заголовок про программирование 723,Текст про программирование должен быть больше 100 символов 723
724,3,2025-09-09 09:04:11.420868,Заголовок про программирование 724,Текст про программирование должен быть больше 100 символов 724
725,2,2025-09-09 09:04:11.420869,Заголовок про программирование 725,Текст про программирование должен быть больше 100 символов 725
726,1,2025-09-09 09:04:11.420870,Заголовок про программирование 726,Текст про программирование должен быть больше 100 символов 726
727,3,2025-09-09 09:04:11.420871,Заголовок про программирование 727,Текст про программирование должен быть больше 100 символов 727
728,3,2025-09-09 09:04:11.420872,Заголовок про программирование 728,Текст про программирование должен быть больше 100 символов 728
729,1,2025-09-09 09:04:11.420873,Заголовок про программирование 729,Текст про программирование должен быть больше 100 символов 729
730,1,2025-09-09 09:04:11.420874,Заголовок про программирование 730,Текст про программирование должен быть больше 100 символов 730
731,3,2025-09-09 09:04:11.420875,Заголовок про программирование 731,Текст про программирование должен быть больше 100 символов 731
732,3,2025-09-09 09:04:11.420876,Заголовок про программирование 732,Текст про программирование должен быть больше 100 символов 732
733,2,2025-09-09 09:04:11.420877,Заголовок про программирование 733,Текст про программирование должен быть больше 100 символов 733
734,3,2025-09-09 09:04:11.420878,Заголовок про программирование 734,Текст про программирование должен быть больше 100 символов 734
735,1,2025-09-09 09:04:11.420879,Заголовок про программирование 735,Текст про программирование должен быть больше 100 символов 735
736,1,2025-09-09 09:04:11.420880,Заголовок про программирование 736,Текст про программирование должен быть больше 100 символов 736
737,1,2025-09-09 09:04:11.420881,Заголовок про программирование 737,Текст про программирование должен быть больше 100 символов 737
738,1,2025-09-09 09:04:11.420882,Заголовок про программирование 738,Текст про программирование должен быть больше 100 символов 738
739,1,2025-09-09 09:04:11.420883,Заголовок про программирование 739,Текст про программирование должен быть больше 100 символов 739
740,1,2025-09-09 09:04:11.420884,Заголовок про программирование 740,Текст про программирование должен быть больше 100 символов 740
741,1,2025-09-09 09:04:11.420885,Заголовок про программирование 741,Текст про программирование должен быть больше 100 символов 741
742,1,2025-09-09 09:04:11.420886,Заголовок про программирование 742,Текст про программирование должен быть больше 100 символов 742
743,1,2025-09-09 09:04:11.420887,Заголовок про программирование 743,Текст про программирование должен быть больше 100 символов 743
744,1,2025-09-09 09:04:11.420888,Заголовок про программирование 744,Текст про программирование должен быть больше 100 символов 744
745,3,2025-09-09 09:04:11.420889,Заголовок про программирование 745,Текст про программирование должен быть больше 100 символов 745
746,1,2025-09-09 09:04:11.420890,Заголовок про программирование 746,Текст про программирование должен быть больше 100 символов 746
747,1,2025-09-09 09:04:11.420891,Заголовок про программирование 747,Текст про программирование должен быть больше 100 символов 747
748,1,2025-09-09 09:04:11.420892,Заголовок про программирование 748,Текст про программирование должен быть больше 100 символов 748
749,2,2025-09-09 09:04:11.420893,Заголовок про программирование 749,Текст про программирование должен быть больше 100 символов 749
750,1,2025-09-09 09:04:11.420894,Заголовок про программирование 750,Текст про программирование должен быть больше 100 символов 750
751,3,2025-09-09 09:04:11.420895,Заголовок про программирование 751,Текст про программирование должен быть больше 100 символов 751
752,2,2025-09-09 09:04:11.420896,Заголовок про программирование 752,Текст про программирование должен быть больше 100 символов 752
753,2,2025-09-09 09:04:11.420897,Заголовок про программирование 753,Текст про программирование должен быть больше 100 символов 753
754,1,2025-09-09 09:04:11.420898,Заголовок про программирование 754,Текст про программирование должен быть больше 100 символов 754
755,1,2025-09-09 09:04:11.420899,Заголовок про программирование 755,Текст про программирование должен быть больше 100 символов 755
756,2,2025-09-09 09:04:11.420900,Заголовок про программирование 756,Текст про программирование должен быть больше 100 символов 756
757,1,2025-09-09 09:04:11.420901,Заголовок про программирование 757,Текст про программирование должен быть больше 100 символов 757
758,2,2025-09-09 09:04:11.420902,Заголовок про программирование 758,Текст про программирование должен быть больше 100 символов 758
759,3,2025-09-09 09:04:11.420903,Заголовок про программирование 759,Текст про программирование должен быть больше 100 символов 759
760,1,2025-09-09 09:04:11.420904,Заголовок про программирование 760,Текст про программирование должен быть больше 100 символов 760
761,1,2025-09-09 09:04:11.420905,Заголовок про программирование 761,Текст про программирование должен быть больше 100 символов 761
762,3,2025-09-09 09:04:11.420906,Заголовок про программирование 762,Текст про программирование должен быть больше 100 символов 762
763,2,2025-09-09 09:04:11.420907,Заголовок про программирование 763,Текст про программирование должен быть больше 100 символов 763
764,2,2025-09-09 09:04:11.420908,Заголовок про программирование 764,Текст про программирование должен быть больше 100 символов 764
765,3,2025-09-09 09:04:11.420909,Заголовок про программирование 765,Текст про программирование должен быть больше 100 символов 765
766,1,2025-09-09 09:04:11.420910,Заголовок про программирование 766,Текст про программирование должен быть больше 100 символов 766
767,1,2025-09-09 09:04:11.420911,Заголовок про программирование 767,Текст про программирование должен быть больше 100 символов 767
768,2,2025-09-09 09:04:11.420912,Заголовок про программирование 768,Текст про программирование должен быть больше 100 символов 768
769,3,2025-09-09 09:04:11.420913,Заголовок про программирование 769,Текст про программирование должен быть больше 100 символов 769
770,2,2025-09-09 09:04:11.420914,Заголовок про программирование 770,Текст про программирование должен быть больше 100 символов 770
771,3,2025-09-09 09:04:11.420915,Заголовок про программирование 771,Текст про программирование должен быть больше 100 символов 771
772,2,2025-09-09 09:04:11.420916,Заголовок про программирование 772,Текст про программирование должен быть больше 100 символов 772
773,3,2025-09-09 09:04:11.420917,Заголовок про программирование 773,Текст про программирование должен быть больше 100 символов 773
774,1,2025-09-09 09:04:11.420918,Заголовок про программирование 774,Текст про программирование должен быть больше 100 символов 774
775,1,2025-09-09 09:04:11.420919,Заголовок про программирование 775,Текст про программирование должен быть больше 100 символов 775
776,2,2025-09-09 09:04:11.420920,Заголовок про программирование 776,Текст про программирование должен быть больше 100 символов 776
777,1,2025-09-09 09:04:11.420921,Заголовок про программирование 777,Текст про программирование должен быть больше 100 символов 777
778,1,2025-09-09 09:04:11.420922,Заголовок про программирование 778,Текст про программирование должен быть больше 100 символов 778
779,2,2025-09-09 09:04:11.420923,Заголовок про программирование 779,Текст про программирование должен быть больше 100 символов 779
780,2,2025-09-09 09:04:11.420924,Заголовок про программирование 780,Текст про программирование должен быть больше 100 символов 780
781,1,2025-09-09 09:04:11.420925,Заголовок про программирование 781,Текст про программирование должен быть больше 100 символов 781
782,3,2025-09-09 09:04:11.420926,Заголовок про программирование 782,Текст про программирование должен быть больше 100 символов 782
783,3,2025-09-09 09:04:11.420927,Заголовок про программирование 783,Текст про программирование должен быть больше 100 символов 783
784,3,2025-09-09 09:04:11.420928,Заголовок про программирование 784,Текст про программирование должен быть больше 100 символов 784
785,3,2025-09-09 09:04:11.420929,Заголовок про программирование 785,Текст про программирование должен быть больше 100 символов 785
786,1,2025-09-09 09:04:11.420930,Заголовок про программирование 786,Текст про программирование должен быть больше 100 символов 786
787,3,2025-09-09 09:04:11.420931,Заголовок про программирование 787,Текст про программирование должен быть больше 100 символов 787
788,1,2025-09-09 09:04:11.420932,Заголовок про программирование 788,Текст про программирование должен быть больше 100 символов 788
789,3,2025-09-09 09:04:11.420933,Заголовок про программирование 789,Текст про программирование должен быть больше 100 символов 789
790,1,2025-09-09 09:04:11.420934,Заголовок про программирование 790,Текст про программирование должен быть больше 100 символов 790
791,2,2025-09-09 09:04:11.420935,Заголовок про программирование 791,Текст про программирование должен быть больше 100 символов 791
792,3,2025-09-09 09:04:11.420936,Заголовок про программирование 792,Текст про программирование должен быть больше 100 символов 792
793,3,2025-09-09 09:04:11.420937,Заголовок про программирование 793,Текст про программирование должен быть больше 100 символов 793
794,2,2025-09-09 09:04:11.420938,Заголовок про программирование 794,Текст про программирование должен быть больше 100 символов 794
795,2,2025-09-09 09:04:11.420939,Заголовок про программирование 795,Текст про программирование должен быть больше 100 символов 795
796,2,2025-09-09 09:04:11.420940,Заголовок про программирование 796,Текст про программирование должен быть больше 100 символов 796
797,1,2025-09-09 09:04:11.420941,Заголовок про программирование 797,Текст про программирование должен быть больше 100 символов 797
798,1,2025-09-09 09:04:11.420942,Заголовок про программирование 798,Текст про программирование должен быть больше 100 символов 798
799,1,2025-09-09 09:04:11.420943,Заголовок про программирование 799,Текст про программирование должен быть больше 100 символов 799
800,2,2025-09-09 09:04:11.420944,Заголовок про программирование 800,Текст про программирование должен быть больше 100 символов 800
801,2,2025-09-09 09:04:11.420945,Заголовок про программирование 801,Текст про программирование должен быть больше 100 символов 801
802,3,2025-09-09 09:04:11.420946,Заголовок про программирование 802,Текст про программирование должен быть больше 100 символов 802
803,1,2025-09-09 09:04:11.420947,Заголовок про программирование 803,Текст про программирование должен быть больше 100 символов 803
804,2,2025-09-09 09:04:11.420948,Заголовок про программирование 804,Текст про программирование должен быть больше 100 символов 804
805,3,2025-09-09 09:04:11.420949,Заголовок про программирование 805,Текст про программирование должен быть больше 100 символов 805
806,3,2025-09-09 09:04:11.420950,Заголовок про программирование 806,Текст про программирование должен быть больше 100 символов 806
807,3,2025-09-09 09:04:11.420951,Заголовок про программирование 807,Текст про программирование должен быть больше 100 символов 807
808,2,2025-09-09 09:04:11.420952,Заголовок про программирование 808,Текст про программирование должен быть больше 100 символов 808
809,2,2025-09-09 09:04:11.420953,Заголовок про программирование 809,Текст про программирование должен быть больше 100 символов 809
810,1,2025-09-09 09:04:11.420954,Заголовок про программирование 810,Текст про программирование должен быть больше 100 символов 810
811,1,2025-09-09 09:04:11.420955,Заголовок про программирование 811,Текст про программирование должен быть больше 100 символов 811
812,2,2025-09-09 09:04:11.420956,Заголовок про программирование 812,Текст про программирование должен быть больше 100 символов 812
813,2,2025-09-09 09:04:11.420957,Заголовок про программирование 813,Текст про программирование должен быть больше 100 символов 813
814,2,2025-09-09 09:04:11.420958,Заголовок про программирование 814,Текст про программирование должен быть больше 100 символов 814
815,2,2025-09-09 09:04:11.420959,Заголовок про программирование 815,Текст про программирование должен быть больше 100 символов 815
816,3,2025-09-09 09:04:11.420960,Заголовок про программирование 816,Текст про программирование должен быть больше 100 символов 816
817,3,2025-09-09 09:04:11.420961,Заголовок про программирование 817,Текст про программирование должен быть больше 100 символов 817
818,2,2025-09-09 09:04:11.420962,Заголовок про программирование 818,Текст про программирование должен быть больше 100 символов 818
819,3,2025-09-09 09:04:11.420963,Заголовок про программирование 819,Текст про программирование должен быть больше 100 символов 819
820,2,2025-09-09 09:04:11.420964,Заголовок про программирование 820,Текст про программирование должен быть больше 100 символов 820
821,3,2025-09-09 09:04:11.420965,Заголовок про программирование 821,Текст про программирование должен быть больше 100 символов 821
822,1,2025-09-09 09:04:11.420966,Заголовок про программирование 822,Текст про программирование должен быть больше 100 символов 822
823,2,2025-09-09 09:04:11.420967,Заголовок про программирование 823,Текст про программирование должен быть больше 100 символов 823
824,1,2025-09-09 09:04:11.420968,Заголовок про программирование 824,Текст про программирование должен быть больше 100 символов 824
825,2,2025-09-09 09:04:11.420969,Заголовок про программирование 825,Текст про программирование должен быть больше 100 символов 825
826,3,2025-09-09 09:04:11.420970,Заголовок про программирование 826,Текст про программирование должен быть больше 100 символов 826
827,1,2025-09-09 09:04:11.420971,Заголовок про программирование 827,Текст про программирование должен быть больше 100 символов 827
828,2,2025-09-09 09:04:11.420972,Заголовок про программирование 828,Текст про программирование должен быть больше 100 символов 828
829,1,2025-09-09 09:04:11.420973,Заголовок про программирование 829,Текст про программирование должен быть больше 100 символов 829
830,2,2025-09-09 09:04:11.420974,Заголовок про программирование 830,Текст про программирование должен быть больше 100 символов 830
831,3,2025-09-09 09:04:11.420975,Заголовок про программирование 831,Текст про программирование должен быть больше 100 символов 831
832,2,2025-09-09 09:04:11.420976,Заголовок про программирование 832,Текст про программирование должен быть больше 100 символов 832
833,2,2025-09-09 09:04:11.420977,Заголовок про программирование 833,Текст про программирование должен быть больше 100 символов 833
834,2,2025-09-09 09:04:11.420978,Заголовок про программирование 834,Текст про программирование должен быть больше 100 символов 834
835,2,2025-09-09 09:04:11.420979,Заголовок про программирование 835,Текст про программирование должен быть больше 100 символов 835
836,2,2025-09-09 09:04:11.420980,Заголовок про программирование 836,Текст про программирование должен быть больше 100 символов 836
837,1,2025-09-09 09:04:11.420981,Заголовок про программирование 837,Текст про программирование должен быть больше 100 символов 837
838,3,2025-09-09 09:04:11.420982,Заголовок про программирование 838,Текст про программирование должен быть больше 100 символов 838
839,1,2025-09-09 09:04:11.420983,Заголовок про программирование 839,Текст про программирование должен быть больше 100 символов 839
840,2,2025-09-09 09:04:11.420984,Заголовок про программирование 840,Текст про программирование должен быть больше 100 символов 840
841,1,2025-09-09 09:04:11.420985,Заголовок про программирование 841,Текст про программирование должен быть больше 100 символов 841
842,2,2025-09-09 09:04:11.420986,Заголовок про программирование 842,Текст про программирование должен быть больше 100 символов 842
843,2,2025-09-09 09:04:11.420987,Заголовок про программирование 843,Текст про программирование должен быть больше 100 символов 843
844,2,2025-09-09 09:04:11.420988,Заголовок про программирование 844,Текст про программирование должен быть больше 100 символов 844
845,3,2025-09-09 09:04:11.420989,Заголовок про программирование 845,Текст про программирование должен быть больше 100 символов 845
846,2,2025-09-09 09:04:11.420990,Заголовок про программирование 846,Текст про программирование должен быть больше 100 символов 846
847,2,2025-09-09 09:04:11.420991,Заголовок про программирование 847,Текст про программирование должен быть больше 100 символов 847
848,3,2025-09-09 09:04:11.420992,Заголовок про программирование 848,Текст про программирование должен быть больше 100 символов 848
849,3,2025-09-09 09:04:11.420993,Заголовок про программирование 849,Текст про программирование должен быть больше 100 символов 849
850,3,2025-09-09 09:04:11.420994,Заголовок про программирование 850,Текст про программирование должен быть больше 100 символов 850
851,2,2025-09-09 09:04:11.420995,Заголовок про программирование 851,Текст про программирование должен быть больше 100 символов 851
852,2,2025-09-09 09:04:11.420996,Заголовок про программирование 852,Текст про программирование должен быть больше 100 символов 852
853,3,2025-09-09 09:04:11.420997,Заголовок про программирование 853,Текст про программирование должен быть больше 100 символов 853
854,3,2025-09-09 09:04:11.420998,Заголовок про программирование 854,Текст про программирование должен быть больше 100 символов 854
855,2,2025-09-09 09:04:11.420999,Заголовок про программирование 855,Текст про программирование должен быть больше 100 символов 855
856,3,2025-09-09 09:04:11.421000,Заголовок про программирование 856,Текст про программирование должен быть больше 100 символов 856
857,2,2025-09-09 09:04:11.421001,Заголовок про программирование 857,Текст про программирование должен быть больше 100 символов 857
858,2,2025-09-09 09:04:11.421002,Заголовок про программирование 858,Текст про программирование должен быть больше 100 символов 858
859,3,2025-09-09 09:04:11.421003,Заголовок про программирование 859,Текст про программирование должен быть больше 100 символов 859
860,3,2025-09-09 09:04:11.421004,Заголовок про программирование 860,Текст про программирование должен быть больше 100 символов 860
861,1,2025-09-09 09:04:11.421005,Заголовок про программирование 861,Текст про программирование должен быть больше 100 символов 861
862,3,2025-09-09 09:04:11.421006,Заголовок про программирование 862,Текст про программирование должен быть больше 100 символов 862
863,3,2025-09-09 09:04:11.421007,Заголовок про программирование 863,Текст про программирование должен быть больше 100 символов 863
864,1,2025-09-09 09:04:11.421008,Заголовок про программирование 864,Текст про программирование должен быть больше 100 символов 864
865,3,2025-09-09 09:04:11.421009,Заголовок про программирование 865,Текст про программирование должен быть больше 100 символов 865
866,3,2025-09-09 09:04:11.421010,Заголовок про программирование 866,Текст про программирование должен быть больше 100 символов 866
867,2,2025-09-09 09:04:11.421011,Заголовок про программирование 867,Текст про программирование должен быть больше 100 символов 867
868,3,2025-09-09 09:04:11.421012,Заголовок про программирование 868,Текст про программирование должен быть больше 100 символов 868
869,2,2025-09-09 09:04:11.421013,Заголовок про программирование 869,Текст про программирование должен быть больше 100 символов 869
870,1,2025-09-09 09:04:11.421014,Заголовок про программирование 870,Текст про программирование должен быть больше 100 символов 870
871,3,2025-09-09 09:04:11.421015,Заголовок про программирование 871,Текст про программирование должен быть больше 100 символов 871
872,3,2025-09-09 09:04:11.421016,Заголовок про программирование 872,Текст про программирование должен быть больше 100 символов 872
873,3,2025-09-09 09:04:11.421017,Заголовок про программирование 873,Текст про программирование должен быть больше 100 символов 873
874,2,2025-09-09 09:04:11.421018,Заголовок про программирование 874,Текст про программирование должен быть больше 100 символов 874
875,3,2025-09-09 09:04:11.421019,Заголовок про программирование 875,Текст про программирование должен быть больше 100 символов 875
876,3,2025-09-09 09:04:11.421020,Заголовок про программирование 876,Текст про программирование должен быть больше 100 символов 876
877,1,2025-09-09 09:04:11.421021,Заголовок про программирование 877,Текст про программирование должен быть больше 100 символов 877
878,3,2025-09-09 09:04:11.421022,Заголовок про программирование 878,Текст про программирование должен быть больше 100 символов 878
879,3,2025-09-09 09:04:11.421023,Заголовок про программирование 879,Текст про программирование должен быть больше 100 символов 879
880,2,2025-09-09 09:04:11.421024,Заголовок про программирование 880,Текст про программирование должен быть больше 100 символов 880
881,1,2025-09-09 09:04:11.421025,Заголовок про программирование 881,Текст про программирование должен быть больше 100 символов 881
882,3,2025-09-09 09:04:11.421026,Заголовок про программирование 882,Текст про программирование должен быть больше 100 символов 882
883,1,2025-09-09 09:04:11.421027,Заголовок про программирование 883,Текст про программирование должен быть больше 100 символов 883
884,3,2025-09-09 09:04:11.421028,Заголовок про программирование 884,Текст про программирование должен быть больше 100 символов 884
885,2,2025-09-09 09:04:11.421029,Заголовок про программирование 885,Текст про программирование должен быть больше 100 символов 885
886,2,2025-09-09 09:04:11.421030,Заголовок про программирование 886,Текст про программирование должен быть больше 100 символов 886
887,3,2025-09-09 09:04:11.421031,Заголовок про программирование 887,Текст про программирование должен быть больше 100 символов 887
888,1,2025-09-09 09:04:11.421032,Заголовок про программирование 888,Текст про программирование должен быть больше 100 символов 888
889,2,2025-09-09 09:04:11.421033,Заголовок про программирование 889,Текст про программирование должен быть больше 100 символов 889
890,3,2025-09-09 09:04:11.421034,Заголовок про программирование 890,Текст про программирование должен быть больше 100 символов 890
891,3,2025-09-09 09:04:11.421035,Заголовок про программирование 891,Текст про программирование должен быть больше 100 символов 891
892,1,2025-09-09 09:04:11.421036,Заголовок про программирование 892,Текст про программирование должен быть больше 100 символов 892
893,2,2025-09-09 09:04:11.421037,Заголовок про программирование 893,Текст про программирование должен быть больше 100 символов 893
894,1,2025-09-09 09:04:11.421038,Заголовок про программирование 894,Текст про программирование должен быть больше 100 символов 894
895,1,2025-09-09 09:04:11.421039,Заголовок про программирование 895,Текст про программирование должен быть больше 100 символов 895
896,3,2025-09-09 09:04:11.421040,Заголовок про программирование 896,Текст про программирование должен быть больше 100 символов 896
897,1,2025-09-09 09:04:11.421041,Заголовок про программирование 897,Текст про программирование должен быть больше 100 символов 897
898,2,2025-09-09 09:04:11.421042,Заголовок про программирование 898,Текст про программирование должен быть больше 100 символов 898
899,2,2025-09-09 09:04:11.421043,Заголовок про программирование 899,Текст про программирование должен быть больше 100 символов 899
900,1,2025-09-09 09:04:11.421044,Заголовок про программирование 900,Текст про программирование должен быть больше 100 символов 900
901,1,2025-09-09 09:04:11.421045,Заголовок про программирование 901,Текст про программирование должен быть больше 100 символов 901
902,2,2025-09-09 09:04:11.421046,Заголовок про программирование 902,Текст про программирование должен быть больше 100 символов 902
903,3,2025-09-09 09:04:11.421047,Заголовок про программирование 903,Текст про программирование должен быть больше 100 символов 903
904,1,2025-09-09 09:04:11.421048,Заголовок про программирование 904,Текст про программирование должен быть больше 100 символов 904
905,3,2025-09-09 09:04:11.421049,Заголовок про программирование 905,Текст про программирование должен быть больше 100 символов 905
906,2,2025-09-09 09:04:11.421050,Заголовок про программирование 906,Текст про программирование должен быть больше 100 символов 906
907,1,2025-09-09 09:04:11.421051,Заголовок про программирование 907,Текст про программирование должен быть больше 100 символов 907
908,2,2025-09-09 09:04:11.421052,Заголовок про программирование 908,Текст про программирование должен быть больше 100 символов 908
909,1,2025-09-09 09:04:11.421053,Заголовок про программирование 909,Текст про программирование должен быть больше 100 символов 909
910,2,2025-09-09 09:04:11.421054,Заголовок про программирование 910,Текст про программирование должен быть больше 100 символов 910
911,2,2025-09-09 09:04:11.421055,Заголовок про программирование 911,Текст про программирование должен быть больше 100 символов 911
912,2,2025-09-09 09:04:11.421056,Заголовок про программирование 912,Текст про программирование должен быть больше 100 символов 912
913,2,2025-09-09 09:04:11.421057,Заголовок про программирование 913,Текст про программирование должен быть больше 100 символов 913
914,3,2025-09-09 09:04:11.421058,Заголовок про программирование 914,Текст про программирование должен быть больше 100 символов 914
915,1,2025-09-09 09:04:11.421059,Заголовок про программирование 915,Текст про программирование должен быть больше 100 символов 915
916,2,2025-09-09 09:04:11.421060,Заголовок про программирование 916,Текст про программирование должен быть больше 100 символов 916
917,2,2025-09-09 09:04:11.421061,Заголовок про программирование 917,Текст про программирование должен быть больше 100 символов 917
918,1,2025-09-09 09:04:11.421062,Заголовок про программирование 918,Текст про программирование должен быть больше 100 символов 918
919,3,2025-09-09 09:04:11.421063,Заголовок про программирование 919,Текст про программирование должен быть больше 100 символов 919
920,2,2025-09-09 09:04:11.421064,Заголовок про программирование 920,Текст про программирование должен быть больше 100 символов 920
921,1,2025-09-09 09:04:11.421065,Заголовок про программирование 921,Текст про программирование должен быть больше 100 символов 921
922,1,2025-09-09 09:04:11.421066,Заголовок про программирование 922,Текст про программирование должен быть больше 100 символов 922
923,1,2025-09-09 09:04:11.421067,Заголовок про программирование 923,Текст про программирование должен быть больше 100 символов 923
924,3,2025-09-09 09:04:11.421068,Заголовок про программирование 924,Текст про программирование должен быть больше 100 символов 924
925,2,2025-09-09 09:04:11.421069,Заголовок про программирование 925,Текст про программирование должен быть больше 100 символов 925
926,1,2025-09-09 09:04:11.421070,Заголовок про программирование 926,Текст про программирование должен быть больше 100 символов 926
927,1,2025-09-09 09:04:11.421071,Заголовок про программирование 927,Текст про программирование должен быть больше 100 символов 927
928,2,2025-09-09 09:04:11.421072,Заголовок про программирование 928,Текст про программирование должен быть больше 100 символов 928
929,1,2025-09-09 09:04:11.421073,Заголовок про программирование 929,Текст про программирование должен быть больше 100 символов 929
930,1,2025-09-09 09:04:11.421074,Заголовок про программирование 930,Текст про программирование должен быть больше 100 символов 930
931,1,2025-09-09 09:04:11.421075,Заголовок про программирование 931,Текст про программирование должен быть больше 100 символов 931
932,2,2025-09-09 09:04:11.421076,Заголовок про программирование 932,Текст про программирование должен быть больше 100 символов 932
933,1,2025-09-09 09:04:11.421077,Заголовок про программирование 933,Текст про программирование должен быть больше 100 символов 933
934,1,2025-09-09 09:04:11.421078,Заголовок про программирование 934,Текст про программирование должен быть больше 100 символов 934
935,1,2025-09-09 09:04:11.421079,Заголовок про программирование 935,Текст про программирование должен быть больше 100 символов 935
936,3,2025-09-09 09:04:11.421080,Заголовок про программирование 936,Текст про программирование должен быть больше 100 символов 936
937,2,2025-09-09 09:04:11.421081,Заголовок про программирование 937,Текст про программирование должен быть больше 100 символов 937
938,3,2025-09-09 09:04:11.421082,Заголовок про программирование 938,Текст про программирование должен быть больше 100 символов 938
939,1,2025-09-09 09:04:11.421083,Заголовок про программирование 939,Текст про программирование должен быть больше 100 символов 939
940,3,2025-09-09 09:04:11.421084,Заголовок про программирование 940,Текст про программирование должен быть больше 100 символов 940
941,3,2025-09-09 09:04:11.421085,Заголовок про программирование 941,Текст про программирование должен быть больше 100 символов 941
942,3,2025-09-09 09:04:11.421086,Заголовок про программирование 942,Текст про программирование должен быть больше 100 символов 942
943,2,2025-09-09 09:04:11.421087,Заголовок про программирование 943,Текст про программирование должен быть больше 100 символов 943
944,2,2025-09-09 09:04:11.421088,Заголовок про программирование 944,Текст про программирование должен быть больше 100 символов 944
945,3,2025-09-09 09:04:11.421089,Заголовок про программирование 945,Текст про программирование должен быть больше 100 символов 945
946,2,2025-09-09 09:04:11.421090,Заголовок про программирование 946,Текст про программирование должен быть больше 100 символов 946
947,2,2025-09-09 09:04:11.421091,Заголовок про программирование 947,Текст про программирование должен быть больше 100 символов 947
948,3,2025-09-09 09:04:11.421092,Заголовок про программирование 948,Текст про программирование должен быть больше 100 символов 948
949,1,2025-09-09 09:04:11.421093,Заголовок про программирование 949,Текст про программирование должен быть больше 100 символов 949
950,1,2025-09-09 09:04:11.421094,Заголовок про программирование 950,Текст про программирование должен быть больше 100 символов 950
951,1,2025-09-09 09:04:11.421095,Заголовок про программирование 951,Текст про программирование должен быть больше 100 символов 951
952,3,2025-09-09 09:04:11.421096,Заголовок про программирование 952,Текст про программирование должен быть больше 100 символов 952
953,1,2025-09-09 09:04:11.421097,Заголовок про программирование 953,Текст про программирование должен быть больше 100 символов 953
954,2,2025-09-09 09:04:11.421098,Заголовок про программирование 954,Текст про программирование должен быть больше 100 символов 954
955,2,2025-09-09 09:04:11.421099,Заголовок про программирование 955,Текст про программирование должен быть больше 100 символов 955
956,2,2025-09-09 09:04:11.421100,Заголовок про программирование 956,Текст про программирование должен быть больше 100 символов 956
957,3,2025-09-09 09:04:11.421101,Заголовок про программирование 957,Текст про программирование должен быть больше 100 символов 957
958,1,2025-09-09 09:04:11.421102,Заголовок про программирование 958,Текст про программирование должен быть больше 100 символов 958
959,2,2025-09-09 09:04:11.421103,Заголовок про программирование 959,Текст про программирование должен быть больше 100 символов 959
960,2,2025-09-09 09:04:11.421104,Заголовок про программирование 960,Текст про программирование должен быть больше 100 символов 960
961,2,2025-09-09 09:04:11.421105,Заголовок про программирование 961,Текст про программирование должен быть больше 100 символов 961
962,2,2025-09-09 09:04:11.421106,Заголовок про программирование 962,Текст про программирование должен быть больше 100 символов 962
963,2,2025-09-09 09:04:11.421107,Заголовок про программирование 963,Текст про программирование должен быть больше 100 символов 963
964,2,2025-09-09 09:04:11.421108,Заголовок про программирование 964,Текст про программирование должен быть больше 100 символов 964
965,1,2025-09-09 09:04:11.421109,Заголовок про программирование 965,Текст про программирование должен быть больше 100 символов 965
966,2,2025-09-09 09:04:11.421110,Заголовок про программирование 966,Текст про программирование должен быть больше 100 символов 966
967,2,2025-09-09 09:04:11.421111,Заголовок про программирование 967,Текст про программирование должен быть больше 100 символов 967
968,2,2025-09-09 09:04:11.421112,Заголовок про программирование 968,Текст про программирование должен быть больше 100 символов 968
969,2,2025-09-09 09:04:11.421113,Заголовок про программирование 969,Текст про программирование должен быть больше 100 символов 969
970,3,2025-09-09 09:04:11.421114,Заголовок про программирование 970,Текст про программирование должен быть больше 100 символов 970
971,2,2025-09-09 09:04:11.421115,Заголовок про программирование 971,Текст про программирование должен быть больше 100 символов 971
972,1,2025-09-09 09:04:11.421116,Заголовок про программирование 972,Текст про программирование должен быть больше 100 символов 972
973,2,2025-09-09 09:04:11.421117,Заголовок про программирование 973,Текст про программирование должен быть больше 100 символов 973
974,2,2025-09-09 09:04:11.421118,Заголовок про программирование 974,Текст про программирование должен быть больше 100 символов 974
975,1,2025-09-09 09:04:11.421119,Заголовок про программирование 975,Текст про программирование должен быть больше 100 символов 975
976,1,2025-09-09 09:04:11.421120,Заголовок про программирование 976,Текст про программирование должен быть больше 100 символов 976
977,2,2025-09-09 09:04:11.421121,Заголовок про программирование 977,Текст про программирование должен быть больше 100 символов 977
978,1,2025-09-09 09:04:11.421122,Заголовок про программирование 978,Текст про программирование должен быть больше 100 символов 978
979,1,2025-09-09 09:04:11.421123,Заголовок про программирование 979,Текст про программирование должен быть больше 100 символов 979
980,1,2025-09-09 09:04:11.421124,Заголовок про программирование 980,Текст про программирование должен быть больше 100 символов 980
981,1,2025-09-09 09:04:11.421125,Заголовок про программирование 981,Текст про программирование должен быть больше 100 символов 981
982,3,2025-09-09 09:04:11.421126,Заголовок про программирование 982,Текст про программирование должен быть больше 100 символов 982
983,1,2025-09-09 09:04:11.421127,Заголовок про программирование 983,Текст про программирование должен быть больше 100 символов 983
984,3,2025-09-09 09:04:11.421128,Заголовок про программирование 984,Текст про программирование должен быть больше 100 символов 984
985,3,2025-09-09 09:04:11.421129,Заголовок про программирование 985,Текст про программирование должен быть больше 100 символов 985
986,1,2025-09-09 09:04:11.421130,Заголовок про программирование 986,Текст про программирование должен быть больше 100 символов 986
987,2,2025-09-09 09:04:11.421131,Заголовок про программирование 987,Текст про программирование должен быть больше 100 символов 987
988,2,2025-09-09 09:04:11.421132,Заголовок про программирование 988,Текст про программирование должен быть больше 100 символов 988
989,1,2025-09-09 09:04:11.421133,Заголовок про программирование 989,Текст про программирование должен быть больше 100 символов 989
990,1,2025-09-09 09:04:11.421134,Заголовок про программирование 990,Текст про программирование должен быть больше 100 символов 990
991,3,2025-09-09 09:04:11.421135,Заголовок про программирование 991,Текст про программирование должен быть больше 100 символов 991
992,2,2025-09-09 09:04:11.421136,Заголовок про программирование 992,Текст про программирование должен быть больше 100 символов 992
993,2,2025-09-09 09:04:11.421137,Заголовок про программирование 993,Текст про программирование должен быть больше 100 символов 993
994,1,2025-09-09 09:04:11.421138,Заголовок про программирование 994,Текст про программирование должен быть больше 100 символов 994
995,1,2025-09-09 09:04:11.421139,Заголовок про программирование 995,Текст про программирование должен быть больше 100 символов 995
996,3,2025-09-09 09:04:11.421140,Заголовок про программирование 996,Текст про программирование должен быть больше 100 символов 996
997,3,2025-09-09 09:04:11.421141,Заголовок про программирование 997,Текст про программирование должен быть больше 100 символов 997
998,1,2025-09-09 09:04:11.421142,Заголовок про программирование 998,Текст про программирование должен быть больше 100 символов 998
999,1,2025-09-09 09:04:11.421143,Заголовок про программирование 999,Текст про программирование должен быть больше 100 символов 999
1000,2,2025-09-09 09:04:11.421144,Заголовок про программирование 1000,Текст про программирование должен быть больше 100 символов 1000
1001,1,2025-09-09 09:04:11.421145,Заголовок про программирование 1001,Текст про программирование должен быть больше 100 символов 1001
1002,3,2025-09-09 09:04:11.421146,Заголовок про программирование 1002,Текст про программирование должен быть больше 100 символов 1002
1003,1,2025-09-09 09:04:11.421147,Заголовок про программирование 1003,Текст про программирование должен быть больше 100 символов 1003
1004,3,2025-09-09 09:04:11.421148,Заголовок про программирование 1004,Текст про программирование должен быть больше 100 символов 1004
1005,1,2025-09-09 09:04:11.421149,Заголовок про программирование 1005,Текст про программирование должен быть больше 100 символов 1005
1006,2,2025-09-09 09:04:11.421150,Заголовок про программирование 1006,Текст про программирование должен быть больше 100 символов 1006
1007,3,2025-09-09 09:04:11.421151,Заголовок про программирование 1007,Текст про программирование должен быть больше 100 символов 1007
1008,3,2025-09-09 09:04:11.421152,Заголовок про программирование 1008,Текст про программирование должен быть больше 100 символов 1008
1009,1,2025-09-09 09:04:11.421153,Заголовок про программирование 1009,Текст про программирование должен быть больше 100 символов 1009
1010,1,2025-09-09 09:04:11.421154,Заголовок про программирование 1010,Текст про программирование должен быть больше 100 символов 1010
1011,3,2025-09-09 09:04:11.421155,Заголовок про программирование 1011,Текст про программирование должен быть больше 100 символов 1011
1012,2,2025-09-09 09:04:11.421156,Заголовок про программирование 1012,Текст про программирование должен быть больше 100 символов 1012
1013,2,2025-09-09 09:04:11.421157,Заголовок про программирование 1013,Текст про программирование должен быть больше 100 символов 1013
1014,3,2025-09-09 09:04:11.421158,Заголовок про программирование 1014,Текст про программирование должен быть больше 100 символов 1014
1015,1,2025-09-09 09:04:11.421159,Заголовок про программирование 1015,Текст про программирование должен быть больше 100 символов 1015
1016,1,2025-09-09 09:04:11.421160,Заголовок про программирование 1016,Текст про программирование должен быть больше 100 символов 1016
1017,3,2025-09-09 09:04:11.421161,Заголовок про программирование 1017,Текст про программирование должен быть больше 100 символов 1017
1018,1,2025-09-09 09:04:11.421162,Заголовок про программирование 1018,Текст про программирование должен быть больше 100 символов 1018
1019,1,2025-09-09 09:04:11.421163,Заголовок про программирование 1019,Текст про программирование должен быть больше 100 символов 1019
1020,3,2025-09-09 09:04:11.421164,Заголовок про программирование 1020,Текст про программирование должен быть больше 100 символов 1020
1021,1,2025-09-09 09:04:11.421165,Заголовок про программирование 1021,Текст про программирование должен быть больше 100 символов 1021
1022,3,2025-09-09 09:04:11.421166,Заголовок про программирование 1022,Текст про программирование должен быть больше 100 символов 1022
1023,3,2025-09-09 09:04:11.421167,Заголовок про программирование 1023,Текст про программирование должен быть больше 100 символов 1023
1024,2,2025-09-09 09:04:11.421168,Заголовок про программирование 1024,Текст про программирование должен быть больше 100 символов 1024
1025,2,2025-09-09 09:04:11.421169,Заголовок про программирование 1025,Текст про программирование должен быть больше 100 символов 1025
1026,2,2025-09-09 09:04:11.421170,Заголовок про программирование 1026,Текст про программирование должен быть больше 100 символов 1026
1027,2,2025-09-09 09:04:11.421171,Заголовок про программирование 1027,Текст про программирование должен быть больше 100 символов 1027
1028,2,2025-09-09 09:04:11.421172,Заголовок про программирование 1028,Текст про программирование должен быть больше 100 символов 1028
1029,1,2025-09-09 09:04:11.421173,Заголовок про программирование 1029,Текст про программирование должен быть больше 100 символов 1029
1030,2,2025-09-09 09:04:11.421174,Заголовок про программирование 1030,Текст про программирование должен быть больше 100 символов 1030
1031,3,2025-09-09 09:04:11.421175,Заголовок про программирование 1031,Текст про программирование должен быть больше 100 символов 1031
1032,2,2025-09-09 09:04:11.421176,Заголовок про программирование 1032,Текст про программирование должен быть больше 100 символов 1032
1033,2,2025-09-09 09:04:11.421177,Заголовок про программирование 1033,Текст про программирование должен быть больше 100 символов 1033
1034,3,2025-09-09 09:04:11.421178,Заголовок про программирование 1034,Текст про программирование должен быть больше 100 символов 1034
1035,3,2025-09-09 09:04:11.421179,Заголовок про программирование 1035,Текст про программирование должен быть больше 100 символов 1035
1036,3,2025-09-09 09:04:11.421180,Заголовок про программирование 1036,Текст про программирование должен быть больше 100 символов 1036
1037,2,2025-09-09 09:04:11.421181,Заголовок про программирование 1037,Текст про программирование должен быть больше 100 символов 1037
1038,3,2025-09-09 09:04:11.421182,Заголовок про программирование 1038,Текст про программирование должен быть больше 100 символов 1038
1039,1,2025-09-09 09:04:11.421183,Заголовок про программирование 1039,Текст про программирование должен быть больше 100 символов 1039
1040,1,2025-09-09 09:04:11.421184,Заголовок про программирование 1040,Текст про программирование должен быть больше 100 символов 1040
1041,3,2025-09-09 09:04:11.421185,Заголовок про программирование 1041,Текст про программирование должен быть больше 100 символов 1041
1042,2,2025-09-09 09:04:11.421186,Заголовок про программирование 1042,Текст про программирование должен быть больше 100 символов 1042
1043,3,2025-09-09 09:04:11.421187,Заголовок про программирование 1043,Текст про программирование должен быть больше 100 символов 1043
1044,1,2025-09-09 09:04:11.421188,Заголовок про программирование 1044,Текст про программирование должен быть больше 100 символов 1044
1045,2,2025-09-09 09:04:11.421189,Заголовок про программирование 1045,Текст про программирование должен быть больше 100 символов 1045
1046,2,2025-09-09 09:04:11.421190,Заголовок про программирование 1046,Текст про программирование должен быть больше 100 символов 1046
1047,1,2025-09-09 09:04:11.421191,Заголовок про программирование 1047,Текст про программирование должен быть больше 100 символов 1047
1048,1,2025-09-09 09:04:11.421192,Заголовок про программирование 1048,Текст про программирование должен быть больше 100 символов 1048
1049,3,2025-09-09 09:04:11.421193,Заголовок про программирование 1049,Текст про программирование должен быть больше 100 символов 1049
1050,3,2025-09-09 09:04:11.421194,Заголовок про программирование 1050,Текст про программирование должен быть больше 100 символов 1050
1051,2,2025-09-09 09:04:11.421195,Заголовок про программирование 1051,Текст про программирование должен быть больше 100 символов 1051
1052,3,2025-09-09 09:04:11.421196,Заголовок про программирование 1052,Текст про программирование должен быть больше 100 символов 1052
1053,2,2025-09-09 09:04:11.421197,Заголовок про программирование 1053,Текст про программирование должен быть больше 100 символов 1053
1054,3,2025-09-09 09:04:11.421198,Заголовок про программирование 1054,Текст про программирование должен быть больше 100 символов 1054
1055,1,2025-09-09 09:04:11.421199,Заголовок про программирование 1055,Текст про программирование должен быть больше 100 символов 1055
1056,3,2025-09-09 09:04:11.421200,Заголовок про программирование 1056,Текст про программирование должен быть больше 100 символов 1056
1057,2,2025-09-09 09:04:11.421201,Заголовок про программирование 1057,Текст про программирование должен быть больше 100 символов 1057
1058,2,2025-09-09 09:04:11.421202,Заголовок про программирование 1058,Текст про программирование должен быть больше 100 символов 1058
1059,2,2025-09-09 09:04:11.421203,Заголовок про программирование 1059,Текст про программирование должен быть больше 100 символов 1059
1060,3,2025-09-09 09:04:11.421204,Заголовок про программирование 1060,Текст про программирование должен быть больше 100 символов 1060
1061,2,2025-09-09 09:04:11.421205,Заголовок про программирование 1061,Текст про программирование должен быть больше 100 символов 1061
1062,1,2025-09-09 09:04:11.421206,Заголовок про программирование 1062,Текст про программирование должен быть больше 100 символов 1062
1063,1,2025-09-09 09:04:11.421207,Заголовок про программирование 1063,Текст про программирование должен быть больше 100 символов 1063
1064,1,2025-09-09 09:04:11.421208,Заголовок про программирование 1064,Текст про программирование должен быть больше 100 символов 1064
1065,1,2025-09-09 09:04:11.421209,Заголовок про программирование 1065,Текст про программирование должен быть больше 100 символов 1065
1066,2,2025-09-09 09:04:11.421210,Заголовок про программирование 1066,Текст про программирование должен быть больше 100 символов 1066
1067,3,2025-09-09 09:04:11.421211,Заголовок про программирование 1067,Текст про программирование должен быть больше 100 символов 1067
1068,2,2025-09-09 09:04:11.421212,Заголовок про программирование 1068,Текст про программирование должен быть больше 100 символов 1068
1069,3,2025-09-09 09:04:11.421213,Заголовок про программирование 1069,Текст про программирование должен быть больше 100 символов 1069
1070,3,2025-09-09 09:04:11.421214,Заголовок про программирование 1070,Текст про программирование должен быть больше 100 символов 1070
1071,3,2025-09-09 09:04:11.421215,Заголовок про программирование 1071,Текст про программирование должен быть больше 100 символов 1071
1072,2,2025-09-09 09:04:11.421216,Заголовок про программирование 1072,Текст про программирование должен быть больше 100 символов 1072
1073,2,2025-09-09 09:04:11.421217,Заголовок про программирование 1073,Текст про программирование должен быть больше 100 символов 1073
1074,1,2025-09-09 09:04:11.421218,Заголовок про программирование 1074,Текст про программирование должен быть больше 100 символов 1074
1075,3,2025-09-09 09:04:11.421219,Заголовок про программирование 1075,Текст про программирование должен быть больше 100 символов 1075
1076,3,2025-09-09 09:04:11.421220,Заголовок про программирование 1076,Текст про программирование должен быть больше 100 символов 1076
1077,1,2025-09-09 09:04:11.421221,Заголовок про программирование 1077,Текст про программирование должен быть больше 100 символов 1077
1078,3,2025-09-09 09:04:11.421222,Заголовок про программирование 1078,Текст про программирование должен быть больше 100 символов 1078
1079,3,2025-09-09 09:04:11.421223,Заголовок про программирование 1079,Текст про программирование должен быть больше 100 символов 1079
1080,2,2025-09-09 09:04:11.421224,Заголовок про программирование 1080,Текст про программирование должен быть больше 100 символов 1080
1081,1,2025-09-09 09:04:11.421225,Заголовок про программирование 1081,Текст про программирование должен быть больше 100 символов 1081
1082,1,2025-09-09 09:04:11.421226,Заголовок про программирование 1082,Текст про программирование должен быть больше 100 символов 1082
1083,3,2025-09-09 09:04:11.421227,Заголовок про программирование 1083,Текст про программирование должен быть больше 100 символов 1083
1084,3,2025-09-09 09:04:11.421228,Заголовок про программирование 1084,Текст про программирование должен быть больше 100 символов 1084
1085,3,2025-09-09 09:04:11.421229,Заголовок про программирование 1085,Текст про программирование должен быть больше 100 символов 1085
1086,3,2025-09-09 09:04:11.421230,Заголовок про программирование 1086,Текст про программирование должен быть больше 100 символов 1086
1087,3,2025-09-09 09:04:11.421231,Заголовок про программирование 1087,Текст про программирование должен быть больше 100 символов 1087
1088,1,2025-09-09 09:04:11.421232,Заголовок про программирование 1088,Текст про программирование должен быть больше 100 символов 1088
1089,3,2025-09-09 09:04:11.421233,Заголовок про программирование 1089,Текст про программирование должен быть больше 100 символов 1089
1090,3,2025-09-09 09:04:11.421234,Заголовок про программирование 1090,Текст про программирование должен быть больше 100 символов 1090
1091,2,2025-09-09 09:04:11.421235,Заголовок про программирование 1091,Текст про программирование должен быть больше 100 символов 1091
1092,1,2025-09-09 09:04:11.421236,Заголовок про программирование 1092,Текст про программирование должен быть больше 100 символов 1092
1093,3,2025-09-09 09:04:11.421237,Заголовок про программирование 1093,Текст про программирование должен быть больше 100 символов 1093
1094,3,2025-09-09 09:04:11.421238,Заголовок про программирование 1094,Текст про программирование должен быть больше 100 символов 1094
1095,3,2025-09-09 09:04:11.421239,Заголовок про программирование 1095,Текст про программирование должен быть больше 100 символов 1095
1096,1,2025-09-09 09:04:11.421240,Заголовок про программирование 1096,Текст про программирование должен быть больше 100 символов 1096
1097,1,2025-09-09 09:04:11.421241,Заголовок про программирование 1097,Текст про программирование должен быть больше 100 символов 1097
1098,2,2025-09-09 09:04:11.421242,Заголовок про программирование 1098,Текст про программирование должен быть больше 100 символов 1098
1099,2,2025-09-09 09:04:11.421243,Заголовок про программирование 1099,Текст про программирование должен быть больше 100 символов 1099
1100,3,2025-09-09 09:04:11.421244,Заголовок про программирование 1100,Текст про программирование должен быть больше 100 символов 1100
1101,2,2025-09-09 09:04:11.421245,Заголовок про программирование 1101,Текст про программирование должен быть больше 100 символов 1101
1102,1,2025-09-09 09:04:11.421246,Заголовок про программирование 1102,Текст про программирование должен быть больше 100 символов 1102
1103,3,2025-09-09 09:04:11.421247,Заголовок про программирование 1103,Текст про программирование должен быть больше 100 символов 1103
1104,2,2025-09-09 09:04:11.421248,Заголовок про программирование 1104,Текст про программирование должен быть больше 100 символов 1104
1105,1,2025-09-09 09:04:11.421249,Заголовок про программирование 1105,Текст про программирование должен быть больше 100 символов 1105
1106,3,2025-09-09 09:04:11.421250,Заголовок про программирование 1106,Текст про программирование должен быть больше 100 символов 1106
1107,1,2025-09-09 09:04:11.421251,Заголовок про программирование 1107,Текст про программирование должен быть больше 100 символов 1107
1108,2,2025-09-09 09:04:11.421252,Заголовок про программирование 1108,Текст про программирование должен быть больше 100 символов 1108
1109,3,2025-09-09 09:04:11.421253,Заголовок про программирование 1109,Текст про программирование должен быть больше 100 символов 1109
1110,2,2025-09-09 09:04:11.421254,Заголовок про программирование 1110,Текст про программирование должен быть больше 100 символов 1110
1111,1,2025-09-09 09:04:11.421255,Заголовок про программирование 1111,Текст про программирование должен быть больше 100 символов 1111
1112,2,2025-09-09 09:04:11.421256,Заголовок про программирование 1112,Текст про программирование должен быть больше 100 символов 1112
1113,2,2025-09-09 09:04:11.421257,Заголовок про программирование 1113,Текст про программирование должен быть больше 100 символов 1113
1114,1,2025-09-09 09:04:11.421258,Заголовок про программирование 1114,Текст про программирование должен быть больше 100 символов 1114
1115,3,2025-09-09 09:04:11.421259,Заголовок про программирование 1115,Текст про программирование должен быть больше 100 символов 1115
1116,2,2025-09-09 09:04:11.421260,Заголовок про программирование 1116,Текст про программирование должен быть больше 100 символов 1116
1117,3,2025-09-09 09:04:11.421261,Заголовок про программирование 1117,Текст про программирование должен быть больше 100 символов 1117
1118,3,2025-09-09 09:04:11.421262,Заголовок про программирование 1118,Текст про программирование должен быть больше 100 символов 1118
1119,3,2025-09-09 09:04:11.421263,Заголовок про программирование 1119,Текст про программирование должен быть больше 100 символов 1119
1120,3,2025-09-09 09:04:11.421264,Заголовок про программирование 1120,Текст про программирование должен быть больше 100 символов 1120
1121,1,2025-09-09 09:04:11.421265,Заголовок про программирование 1121,Текст про программирование должен быть больше 100 символов 1121
1122,3,2025-09-09 09:04:11.421266,Заголовок про программирование 1122,Текст про программирование должен быть больше 100 символов 1122
1123,2,2025-09-09 09:04:11.421267,Заголовок про программирование 1123,Текст про программирование должен быть больше 100 символов 1123
1124,2,2025-09-09 09:04:11.421268,Заголовок про программирование 1124,Текст про программирование должен быть больше 100 символов 1124
1125,1,2025-09-09 09:04:11.421269,Заголовок про программирование 1125,Текст про программирование должен быть больше 100 символов 1125
1126,1,2025-09-09 09:04:11.421270,Заголовок про программирование 1126,Текст про программирование должен быть больше 100 символов 1126
1127,1,2025-09-09 09:04:11.421271,Заголовок про программирование 1127,Текст про программирование должен быть больше 100 символов 1127
1128,1,2025-09-09 09:04:11.421272,Заголовок про программирование 1128,Текст про программирование должен быть больше 100 символов 1128
1129,3,2025-09-09 09:04:11.421273,Заголовок про программирование 1129,Текст про программирование должен быть больше 100 символов 1129
1130,3,2025-09-09 09:04:11.421274,Заголовок про программирование 1130,Текст про программирование должен быть больше 100 символов 1130
1131,1,2025-09-09 09:04:11.421275,Заголовок про программирование 1131,Текст про программирование должен быть больше 100 символов 1131
1132,3,2025-09-09 09:04:11.421276,Заголовок про программирование 1132,Текст про программирование должен быть больше 100 символов 1132
1133,2,2025-09-09 09:04:11.421277,Заголовок про программирование 1133,Текст про программирование должен быть больше 100 символов 1133
1134,2,2025-09-09 09:04:11.421278,Заголовок про программирование 1134,Текст про программирование должен быть больше 100 символов 1134
1135,1,2025-09-09 09:04:11.421279,Заголовок про программирование 1135,Текст про программирование должен быть больше 100 символов 1135
1136,2,2025-09-09 09:04:11.421280,Заголовок про программирование 1136,Текст про программирование должен быть больше 100 символов 1136
1137,2,2025-09-09 09:04:11.421281,Заголовок про программирование 1137,Текст про программирование должен быть больше 100 символов 1137
1138,2,2025-09-09 09:04:11.421282,Заголовок про программирование 1138,Текст про программирование должен быть больше 100 символов 1138
1139,1,2025-09-09 09:04:11.421283,Заголовок про программирование 1139,Текст про программирование должен быть больше 100 символов 1139
1140,3,2025-09-09 09:04:11.421284,Заголовок про программирование 1140,Текст про программирование должен быть больше 100 символов 1140
1141,3,2025-09-09 09:04:11.421285,Заголовок про программирование 1141,Текст про программирование должен быть больше 100 символов 1141
1142,1,2025-09-09 09:04:11.421286,Заголовок про программирование 1142,Текст про программирование должен быть больше 100 символов 1142
1143,3,2025-09-09 09:04:11.421287,Заголовок про программирование 1143,Текст про программирование должен быть больше 100 символов 1143
1144,3,2025-09-09 09:04:11.421288,Заголовок про программирование 1144,Текст про программирование должен быть больше 100 символов 1144
1145,2,2025-09-09 09:04:11.421289,Заголовок про программирование 1145,Текст про программирование должен быть больше 100 символов 1145
1146,2,2025-09-09 09:04:11.421290,Заголовок про программирование 1146,Текст про программирование должен быть больше 100 символов 1146
1147,3,2025-09-09 09:04:11.421291,Заголовок про программирование 1147,Текст про программирование должен быть больше 100 символов 1147
1148,1,2025-09-09 09:04:11.421292,Заголовок про программирование 1148,Текст про программирование должен быть больше 100 символов 1148
1149,3,2025-09-09 09:04:11.421293,Заголовок про программирование 1149,Текст про программирование должен быть больше 100 символов 1149
1150,2,2025-09-09 09:04:11.421294,Заголовок про программирование 1150,Текст про программирование должен быть больше 100 символов 1150
1151,2,2025-09-09 09:04:11.421295,Заголовок про программирование 1151,Текст про программирование должен быть больше 100 символов 1151
1152,2,2025-09-09 09:04:11.421296,Заголовок про программирование 1152,Текст про программирование должен быть больше 100 символов 1152
1153,3,2025-09-09 09:04:11.421297,Заголовок про программирование 1153,Текст про программирование должен быть больше 100 символов 1153
1154,1,2025-09-09 09:04:11.421298,Заголовок про программирование 1154,Текст про программирование должен быть больше 100 символов 1154
1155,1,2025-09-09 09:04:11.421299,Заголовок про программирование 1155,Текст про программирование должен быть больше 100 символов 1155
1156,1,2025-09-09 09:04:11.421300,Заголовок про программирование 1156,Текст про программирование должен быть больше 100 символов 1156
1157,2,2025-09-09 09:04:11.421301,Заголовок про программирование 1157,Текст про программирование должен быть больше 100 символов 1157
1158,2,2025-09-09 09:04:11.421302,Заголовок про программирование 1158,Текст про программирование должен быть больше 100 символов 1158
1159,3,2025-09-09 09:04:11.421303,Заголовок про программирование 1159,Текст про программирование должен быть больше 100 символов 1159
1160,3,2025-09-09 09:04:11.421304,Заголовок про программирование 1160,Текст про программирование должен быть больше 100 символов 1160
1161,3,2025-09-09 09:04:11.421305,Заголовок про программирование 1161,Текст про программирование должен быть больше 100 символов 1161
1162,2,2025-09-09 09:04:11.421306,Заголовок про программирование 1162,Текст про программирование должен быть больше 100 символов 1162
1163,1,2025-09-09 09:04:11.421307,Заголовок про программирование 1163,Текст про программирование должен быть больше 100 символов 1163
1164,3,2025-09-09 09:04:11.421308,Заголовок про программирование 1164,Текст про программирование должен быть больше 100 символов 1164
1165,1,2025-09-09 09:04:11.421309,Заголовок про программирование 1165,Текст про программирование должен быть больше 100 символов 1165
1166,1,2025-09-09 09:04:11.421310,Заголовок про программирование 1166,Текст про программирование должен быть больше 100 символов 1166
1167,2,2025-09-09 09:04:11.421311,Заголовок про программирование 1167,Текст про программирование должен быть больше 100 символов 1167
1168,3,2025-09-09 09:04:11.421312,Заголовок про программирование 1168,Текст про программирование должен быть больше 100 символов 1168
1169,3,2025-09-09 09:04:11.421313,Заголовок про программирование 1169,Текст про программирование должен быть больше 100 символов 1169
1170,1,2025-09-09 09:04:11.421314,Заголовок про программирование 1170,Текст про программирование должен быть больше 100 символов 1170
1171,3,2025-09-09 09:04:11.421315,Заголовок про программирование 1171,Текст про программирование должен быть больше 100 символов 1171
1172,3,2025-09-09 09:04:11.421316,Заголовок про программирование 1172,Текст про программирование должен быть больше 100 символов 1172
1173,1,2025-09-09 09:04:11.421317,Заголовок про программирование 1173,Текст про программирование должен быть больше 100 символов 1173
1174,1,2025-09-09 09:04:11.421318,Заголовок про программирование 1174,Текст про программирование должен быть больше 100 символов 1174
1175,2,2025-09-09 09:04:11.421319,Заголовок про программирование 1175,Текст про программирование должен быть больше 100 символов 1175
1176,1,2025-09-09 09:04:11.421320,Заголовок про программирование 1176,Текст про программирование должен быть больше 100 символов 1176
1177,2,2025-09-09 09:04:11.421321,Заголовок про программирование 1177,Текст про программирование должен быть больше 100 символов 1177
1178,1,2025-09-09 09:04:11.421322,Заголовок про программирование 1178,Текст про программирование должен быть больше 100 символов 1178
1179,3,2025-09-09 09:04:11.421323,Заголовок про программирование 1179,Текст про программирование должен быть больше 100 символов 1179
1180,1,2025-09-09 09:04:11.421324,Заголовок про программирование 1180,Текст про программирование должен быть больше 100 символов 1180
1181,3,2025-09-09 09:04:11.421325,Заголовок про программирование 1181,Текст про программирование должен быть больше 100 символов 1181
1182,1,2025-09-09 09:04:11.421326,Заголовок про программирование 1182,Текст про программирование должен быть больше 100 символов 1182
1183,1,2025-09-09 09:04:11.421327,Заголовок про программирование 1183,Текст про программирование должен быть больше 100 символов 1183
1184,3,2025-09-09 09:04:11.421328,Заголовок про программирование 1184,Текст про программирование должен быть больше 100 символов 1184
1185,2,2025-09-09 09:04:11.421329,Заголовок про программирование 1185,Текст про программирование должен быть больше 100 символов 1185
1186,1,2025-09-09 09:04:11.421330,Заголовок про программирование 1186,Текст про программирование должен быть больше 100 символов 1186
1187,1,2025-09-09 09:04:11.421331,Заголовок про программирование 1187,Текст про программирование должен быть больше 100 символов 1187
1188,3,2025-09-09 09:04:11.421332,Заголовок про программирование 1188,Текст про программирование должен быть больше 100 символов 1188
1189,1,2025-09-09 09:04:11.421333,Заголовок про программирование 1189,Текст про программирование должен быть больше 100 символов 1189
1190,1,2025-09-09 09:04:11.421334,Заголовок про программирование 1190,Текст про программирование должен быть больше 100 символов 1190
1191,1,2025-09-09 09:04:11.421335,Заголовок про программирование 1191,Текст про программирование должен быть больше 100 символов 1191
1192,2,2025-09-09 09:04:11.421336,Заголовок про программирование 1192,Текст про программирование должен быть больше 100 символов 1192
1193,2,2025-09-09 09:04:11.421337,Заголовок про программирование 1193,Текст про программирование должен быть больше 100 символов 1193
1194,3,2025-09-09 09:04:11.421338,Заголовок про программирование 1194,Текст про программирование должен быть больше 100 символов 1194
1195,3,2025-09-09 09:04:11.421339,Заголовок про программирование 1195,Текст про программирование должен быть больше 100 символов 1195
1196,1,2025-09-09 09:04:11.421340,Заголовок про программирование 1196,Текст про программирование должен быть больше 100 символов 1196
1197,3,2025-09-09 09:04:11.421341,Заголовок про программирование 1197,Текст про программирование должен быть больше 100 символов 1197
1198,1,2025-09-09 09:04:11.421342,Заголовок про программирование 1198,Текст про программирование должен быть больше 100 символов 1198
1199,1,2025-09-09 09:04:11.421343,Заголовок про программирование 1199,Текст про программирование должен быть больше 100 символов 1199
1200,2,2025-09-09 09:04:11.421344,Заголовок про программирование 1200,Текст про программирование должен быть больше 100 символов 1200
1201,2,2025-09-09 09:04:11.421345,Заголовок про программирование 1201,Текст про программирование должен быть больше 100 символов 1201
1202,1,2025-09-09 09:04:11.421346,Заголовок про программирование 1202,Текст про программирование должен быть больше 100 символов 1202
1203,1,2025-09-09 09:04:11.421347,Заголовок про программирование 1203,Текст про программирование должен быть больше 100 символов 1203
1204,2,2025-09-09 09:04:11.421348,Заголовок про программирование 1204,Текст про программирование должен быть больше 100 символов 1204
1205,3,2025-09-09 09:04:11.421349,Заголовок про программирование 1205,Текст про программирование должен быть больше 100 символов 1205
1206,1,2025-09-09 09:04:11.421350,Заголовок про программирование 1206,Текст про программирование должен быть больше 100 символов 1206
1207,3,2025-09-09 09:04:11.421351,Заголовок про программирование 1207,Текст про программирование должен быть больше 100 символов 1207
1208,3,2025-09-09 09:04:11.421352,Заголовок про программирование 1208,Текст про программирование должен быть больше 100 символов 1208
1209,2,2025-09-09 09:04:11.421353,Заголовок про программирование 1209,Текст про программирование должен быть больше 100 символов 1209
1210,3,2025-09-09 09:04:11.421354,Заголовок про программирование 1210,Текст про программирование должен быть больше 100 символов 1210
1211,3,2025-09-09 09:04:11.421355,Заголовок про программирование 1211,Текст про программирование должен быть больше 100 символов 1211
1212,2,2025-09-09 09:04:11.421356,Заголовок про программирование 1212,Текст про программирование должен быть больше 100 символов 1212
1213,2,2025-09-09 09:04:11.421357,Заголовок про программирование 1213,Текст про программирование должен быть больше 100 символов 1213
1214,2,2025-09-09 09:04:11.421358,Заголовок про программирование 1214,Текст про программирование должен быть больше 100 символов 1214
1215,3,2025-09-09 09:04:11.421359,Заголовок про программирование 1215,Текст про программирование должен быть больше 100 символов 1215
1216,2,2025-09-09 09:04:11.421360,Заголовок про программирование 1216,Текст про программирование должен быть больше 100 символов 1216
1217,2,2025-09-09 09:04:11.421361,Заголовок про программирование 1217,Текст про программирование должен быть больше 100 символов 1217
1218,1,2025-09-09 09:04:11.421362,Заголовок про программирование 1218,Текст про программирование должен быть больше 100 символов 1218
1219,2,2025-09-09 09:04:11.421363,Заголовок про программирование 1219,Текст про программирование должен быть больше 100 символов 1219
1220,2,2025-09-09 09:04:11.421364,Заголовок про программирование 1220,Текст про программирование должен быть больше 100 символов 1220
1221,1,2025-09-09 09:04:11.421365,Заголовок про программирование 1221,Текст про программирование должен быть больше 100 символов 1221
1222,1,2025-09-09 09:04:11.421366,Заголовок про программирование 1222,Текст про программирование должен быть больше 100 символов 1222
1223,1,2025-09-09 09:04:11.421367,Заголовок про программирование 1223,Текст про программирование должен быть больше 100 символов 1223
1224,2,2025-09-09 09:04:11.421368,Заголовок про программирование 1224,Текст про программирование должен быть больше 100 символов 1224
1225,3,2025-09-09 09:04:11.421369,Заголовок про программирование 1225,Текст про программирование должен быть больше 100 символов 1225
1226,2,2025-09-09 09:04:11.421370,Заголовок про программирование 1226,Текст про программирование должен быть больше 100 символов 1226
1227,1,2025-09-09 09:04:11.421371,Заголовок про программирование 1227,Текст про программирование должен быть больше 100 символов 1227
1228,2,2025-09-09 09:04:11.421372,Заголовок про программирование 1228,Текст про программирование должен быть больше 100 символов 1228
1229,2,2025-09-09 09:04:11.421373,Заголовок про программирование 1229,Текст про программирование должен быть больше 100 символов 1229
1230,2,2025-09-09 09:04:11.421374,Заголовок про программирование 1230,Текст про программирование должен быть больше 100 символов 1230
1231,2,2025-09-09 09:04:11.421375,Заголовок про программирование 1231,Текст про программирование должен быть больше 100 символов 1231
1232,3,2025-09-09 09:04:11.421376,Заголовок про программирование 1232,Текст про программирование должен быть больше 100 символов 1232
1233,3,2025-09-09 09:04:11.421377,Заголовок про программирование 1233,Текст про программирование должен быть больше 100 символов 1233
1234,1,2025-09-09 09:04:11.421378,Заголовок про программирование 1234,Текст про программирование должен быть больше 100 символов 1234
1235,3,2025-09-09 09:04:11.421379,Заголовок про программирование 1235,Текст про программирование должен быть больше 100 символов 1235
1236,3,2025-09-09 09:04:11.421380,Заголовок про программирование 1236,Текст про программирование должен быть больше 100 символов 1236
1237,3,2025-09-09 09:04:11.421381,Заголовок про программирование 1237,Текст про программирование должен быть больше 100 символов 1237
1238,2,2025-09-09 09:04:11.421382,Заголовок про программирование 1238,Текст про программирование должен быть больше 100 символов 1238
1239,2,2025-09-09 09:04:11.421383,Заголовок про программирование 1239,Текст про программирование должен быть больше 100 символов 1239
1240,3,2025-09-09 09:04:11.421384,Заголовок про программирование 1240,Текст про программирование должен быть больше 100 символов 1240
1241,2,2025-09-09 09:04:11.421385,Заголовок про программирование 1241,Текст про программирование должен быть больше 100 символов 1241
1242,1,2025-09-09 09:04:11.421386,Заголовок про программирование 1242,Текст про программирование должен быть больше 100 символов 1242
1243,2,2025-09-09 09:04:11.421387,Заголовок про программирование 1243,Текст про программирование должен быть больше 100 символов 1243
1244,2,2025-09-09 09:04:11.421388,Заголовок про программирование 1244,Текст про программирование должен быть больше 100 символов 1244
1245,1,2025-09-09 09:04:11.421389,Заголовок про программирование 1245,Текст про программирование должен быть больше 100 символов 1245
1246,1,2025-09-09 09:04:11.421390,Заголовок про программирование 1246,Текст про программирование должен быть больше 100 символов 1246
1247,1,2025-09-09 09:04:11.421391,Заголовок про программирование 1247,Текст про программирование должен быть больше 100 символов 1247
1248,3,2025-09-09 09:04:11.421392,Заголовок про программирование 1248,Текст про программирование должен быть больше 100 символов 1248
1249,3,2025-09-09 09:04:11.421393,Заголовок про программирование 1249,Текст про программирование должен быть больше 100 символов 1249
1250,1,2025-09-09 09:04:11.421394,Заголовок про программирование 1250,Текст про программирование должен быть больше 100 символов 1250
1251,3,2025-09-09 09:04:11.421395,Заголовок про программирование 1251,Текст про программирование должен быть больше 100 символов 1251
1252,2,2025-09-09 09:04:11.421396,Заголовок про программирование 1252,Текст про программирование должен быть больше 100 символов 1252
1253,1,2025-09-09 09:04:11.421397,Заголовок про программирование 1253,Текст про программирование должен быть больше 100 символов 1253
1254,1,2025-09-09 09:04:11.421398,Заголовок про программирование 1254,Текст про программирование должен быть больше 100 символов 1254
1255,1,2025-09-09 09:04:11.421399,Заголовок про программирование 1255,Текст про программирование должен быть больше 100 символов 1255
1256,3,2025-09-09 09:04:11.421400,Заголовок про программирование 1256,Текст про программирование должен быть больше 100 символов 1256
1257,1,2025-09-09 09:04:11.421401,Заголовок про программирование 1257,Текст про программирование должен быть больше 100 символов 1257
1258,3,2025-09-09 09:04:11.421402,Заголовок про программирование 1258,Текст про программирование должен быть больше 100 символов 1258
1259,1,2025-09-09 09:04:11.421403,Заголовок про программирование 1259,Текст про программирование должен быть больше 100 символов 1259
1260,1,2025-09-09 09:04:11.421404,Заголовок про программирование 1260,Текст про программирование должен быть больше 100 символов 1260
1261,3,2025-09-09 09:04:11.421405,Заголовок про программирование 1261,Текст про программирование должен быть больше 100 символов 1261
1262,3,2025-09-09 09:04:11.421406,Заголовок про программирование 1262,Текст про программирование должен быть больше 100 символов 1262
1263,3,2025-09-09 09:04:11.421407,Заголовок про программирование 1263,Текст про программирование должен быть больше 100 символов 1263
1264,2,2025-09-09 09:04:11.421408,Заголовок про программирование 1264,Текст про программирование должен быть больше 100 символов 1264
1265,3,2025-09-09 09:04:11.421409,Заголовок про программирование 1265,Текст про программирование должен быть больше 100 символов 1265
1266,1,2025-09-09 09:04:11.421410,Заголовок про программирование 1266,Текст про программирование должен быть больше 100 символов 1266
1267,2,2025-09-09 09:04:11.421411,Заголовок про программирование 1267,Текст про программирование должен быть больше 100 символов 1267
1268,1,2025-09-09 09:04:11.421412,Заголовок про программирование 1268,Текст про программирование должен быть больше 100 символов 1268
1269,3,2025-09-09 09:04:11.421413,Заголовок про программирование 1269,Текст про программирование должен быть больше 100 символов 1269
1270,3,2025-09-09 09:04:11.421414,Заголовок про программирование 1270,Текст про программирование должен быть больше 100 символов 1270
1271,3,2025-09-09 09:04:11.421415,Заголовок про программирование 1271,Текст про программирование должен быть больше 100 символов 1271
1272,3,2025-09-09 09:04:11.421416,Заголовок про программирование 1272,Текст про программирование должен быть больше 100 символов 1272
1273,2,2025-09-09 09:04:11.421417,Заголовок про программирование 1273,Текст про программирование должен быть больше 100 символов 1273
1274,1,2025-09-09 09:04:11.421418,Заголовок про программирование 1274,Текст про программирование должен быть больше 100 символов 1274
1275,2,2025-09-09 09:04:11.421419,Заголовок про программирование 1275,Текст про программирование должен быть больше 100 символов 1275
1276,1,2025-09-09 09:04:11.421420,Заголовок про программирование 1276,Текст про программирование должен быть больше 100 символов 1276
1277,3,2025-09-09 09:04:11.421421,Заголовок про программирование 1277,Текст про программирование должен быть больше 100 символов 1277
1278,2,2025-09-09 09:04:11.421422,Заголовок про программирование 1278,Текст про программирование должен быть больше 100 символов 1278
1279,1,2025-09-09 09:04:11.421423,Заголовок про программирование 1279,Текст про программирование должен быть больше 100 символов 1279
1280,1,2025-09-09 09:04:11.421424,Заголовок про программирование 1280,Текст про программирование должен быть больше 100 символов 1280
1281,1,2025-09-09 09:04:11.421425,Заголовок про программирование 1281,Текст про программирование должен быть больше 100 символов 1281
1282,1,2025-09-09 09:04:11.421426,Заголовок про программирование 1282,Текст про программирование должен быть больше 100 символов 1282
1283,1,2025-09-09 09:04:11.421427,Заголовок про программирование 1283,Текст про программирование должен быть больше 100 символов 1283
1284,1,2025-09-09 09:04:11.421428,Заголовок про программирование 1284,Текст про программирование должен быть больше 100 символов 1284
1285,1,2025-09-09 09:04:11.421429,Заголовок про программирование 1285,Текст про программирование должен быть больше 100 символов 1285
1286,2,2025-09-09 09:04:11.421430,Заголовок про программирование 1286,Текст про программирование должен быть больше 100 символов 1286
1287,1,2025-09-09 09:04:11.421431,Заголовок про программирование 1287,Текст про программирование должен быть больше 100 символов 1287
1288,1,2025-09-09 09:04:11.421432,Заголовок про программирование 1288,Текст про программирование должен быть больше 100 символов 1288
1289,2,2025-09-09 09:04:11.421433,Заголовок про программирование 1289,Текст про программирование должен быть больше 100 символов 1289
1290,3,2025-09-09 09:04:11.421434,Заголовок про программирование 1290,Текст про программирование должен быть больше 100 символов 1290
1291,2,2025-09-09 09:04:11.421435,Заголовок про программирование 1291,Текст про программирование должен быть больше 100 символов 1291
1292,2,2025-09-09 09:04:11.421436,Заголовок про программирование 1292,Текст про программирование должен быть больше 100 символов 1292
1293,2,2025-09-09 09:04:11.421437,Заголовок про программирование 1293,Текст про программирование должен быть больше 100 символов 1293
1294,1,2025-09-09 09:04:11.421438,Заголовок про программирование 1294,Текст про программирование должен быть больше 100 символов 1294
1295,3,2025-09-09 09:04:11.421439,Заголовок про программирование 1295,Текст про программирование должен быть больше 100 символов 1295
1296,3,2025-09-09 09:04:11.421440,Заголовок про программирование 1296,Текст про программирование должен быть больше 100 символов 1296
1297,3,2025-09-09 09:04:11.421441,Заголовок про программирование 1297,Текст про программирование должен быть больше 100 символов 1297
1298,1,2025-09-09 09:04:11.421442,Заголовок про программирование 1298,Текст про программирование должен быть больше 100 символов 1298
1299,3,2025-09-09 09:04:11.421443,Заголовок про программирование 1299,Текст про программирование должен быть больше 100 символов 1299
1300,2,2025-09-09 09:04:11.421444,Заголовок про программирование 1300,Текст про программирование должен быть больше 100 символов 1300
1301,2,2025-09-09 09:04:11.421445,Заголовок про программирование 1301,Текст про программирование должен быть больше 100 символов 1301
1302,2,2025-09-09 09:04:11.421446,Заголовок про программирование 1302,Текст про программирование должен быть больше 100 символов 1302
1303,3,2025-09-09 09:04:11.421447,Заголовок про программирование 1303,Текст про программирование должен быть больше 100 символов 1303
1304,1,2025-09-09 09:04:11.421448,Заголовок про программирование 1304,Текст про программирование должен быть больше 100 символов 1304
1305,3,2025-09-09 09:04:11.421449,Заголовок про программирование 1305,Текст про программирование должен быть больше 100 символов 1305
1306,3,2025-09-09 09:04:11.421450,Заголовок про программирование 1306,Текст про программирование должен быть больше 100 символов 1306
1307,3,2025-09-09 09:04:11.421451,Заголовок про программирование 1307,Текст про программирование должен быть больше 100 символов 1307
1308,2,2025-09-09 09:04:11.421452,Заголовок про программирование 1308,Текст про программирование должен быть больше 100 символов 1308
1309,3,2025-09-09 09:04:11.421453,Заголовок про программирование 1309,Текст про программирование должен быть больше 100 символов 1309
1310,2,2025-09-09 09:04:11.421454,Заголовок про программирование 1310,Текст про программирование должен быть больше 100 символов 1310
1311,3,2025-09-09 09:04:11.421455,Заголовок про программирование 1311,Текст про программирование должен быть больше 100 символов 1311
1312,3,2025-09-09 09:04:11.421456,Заголовок про программирование 1312,Текст про программирование должен быть больше 100 символов 1312
1313,3,2025-09-09 09:04:11.421457,Заголовок про программирование 1313,Текст про программирование должен быть больше 100 символов 1313
1314,3,2025-09-09 09:04:11.421458,Заголовок про программирование 1314,Текст про программирование должен быть больше 100 символов 1314
1315,1,2025-09-09 09:04:11.421459,Заголовок про программирование 1315,Текст про программирование должен быть больше 100 символов 1315
1316,1,2025-09-09 09:04:11.421460,Заголовок про программирование 1316,Текст про программирование должен быть больше 100 символов 1316
1317,3,2025-09-09 09:04:11.421461,Заголовок про программирование 1317,Текст про программирование должен быть больше 100 символов 1317
1318,2,2025-09-09 09:04:11.421462,Заголовок про программирование 1318,Текст про программирование должен быть больше 100 символов 1318
1319,3,2025-09-09 09:04:11.421463,Заголовок про программирование 1319,Текст про программирование должен быть больше 100 символов 1319
1320,1,2025-09-09 09:04:11.421464,Заголовок про программирование 1320,Текст про программирование должен быть больше 100 символов 1320
1321,3,2025-09-09 09:04:11.421465,Заголовок про программирование 1321,Текст про программирование должен быть больше 100 символов 1321
1322,3,2025-09-09 09:04:11.421466,Заголовок про программирование 1322,Текст про программирование должен быть больше 100 символов 1322
1323,3,2025-09-09 09:04:11.421467,Заголовок про программирование 1323,Текст про программирование должен быть больше 100 символов 1323
1324,3,2025-09-09 09:04:11.421468,Заголовок про программирование 1324,Текст про программирование должен быть больше 100 символов 1324
1325,3,2025-09-09 09:04:11.421469,Заголовок про программирование 1325,Текст про программирование должен быть больше 100 символов 1325
1326,2,2025-09-09 09:04:11.421470,Заголовок про программирование 1326,Текст про программирование должен быть больше 100 символов 1326
1327,1,2025-09-09 09:04:11.421471,Заголовок про программирование 1327,Текст про программирование должен быть больше 100 символов 1327
1328,1,2025-09-09 09:04:11.421472,Заголовок про программирование 1328,Текст про программирование должен быть больше 100 символов 1328
1329,2,2025-09-09 09:04:11.421473,Заголовок про программирование 1329,Текст про программирование должен быть больше 100 символов 1329
1330,2,2025-09-09 09:04:11.421474,Заголовок про программирование 1330,Текст про программирование должен быть больше 100 символов 1330
1331,2,2025-09-09 09:04:11.421475,Заголовок про программирование 1331,Текст про программирование должен быть больше 100 символов 1331
1332,2,2025-09-09 09:04:11.421476,Заголовок про программирование 1332,Текст про программирование должен быть больше 100 символов 1332
1333,3,2025-09-09 09:04:11.421477,Заголовок про программирование 1333,Текст про программирование должен быть больше 100 символов 1333
1334,3,2025-09-09 09:04:11.421478,Заголовок про программирование 1334,Текст про программирование должен быть больше 100 символов 1334
1335,1,2025-09-09 09:04:11.421479,Заголовок про программирование 1335,Текст про программирование должен быть больше 100 символов 1335
1336,2,2025-09-09 09:04:11.421480,Заголовок про программирование 1336,Текст про программирование должен быть больше 100 символов 1336
1337,1,2025-09-09 09:04:11.421481,Заголовок про программирование 1337,Текст про программирование должен быть больше 100 символов 1337
1338,3,2025-09-09 09:04:11.421482,Заголовок про программирование 1338,Текст про программирование должен быть больше 100 символов 1338
1339,2,2025-09-09 09:04:11.421483,Заголовок про программирование 1339,Текст про программирование должен быть больше 100 символов 1339
1340,2,2025-09-09 09:04:11.421484,Заголовок про программирование 1340,Текст про программирование должен быть больше 100 символов 1340
1341,1,2025-09-09 09:04:11.421485,Заголовок про программирование 1341,Текст про программирование должен быть больше 100 символов 1341
1342,3,2025-09-09 09:04:11.421486,Заголовок про программирование 1342,Текст про программирование должен быть больше 100 символов 1342
1343,2,2025-09-09 09:04:11.421487,Заголовок про программирование 1343,Текст про программирование должен быть больше 100 символов 1343
1344,2,2025-09-09 09:04:11.421488,Заголовок про программирование 1344,Текст про программирование должен быть больше 100 символов 1344
1345,3,2025-09-09 09:04:11.421489,Заголовок про программирование 1345,Текст про программирование должен быть больше 100 символов 1345
1346,2,2025-09-09 09:04:11.421490,Заголовок про программирование 1346,Текст про программирование должен быть больше 100 символов 1346
1347,3,2025-09-09 09:04:11.421491,Заголовок про программирование 1347,Текст про программирование должен быть больше 100 символов 1347
1348,3,2025-09-09 09:04:11.421492,Заголовок про программирование 1348,Текст про программирование должен быть больше 100 символов 1348
1349,3,2025-09-09 09:04:11.421493,Заголовок про программирование 1349,Текст про программирование должен быть больше 100 символов 1349
1350,2,2025-09-09 09:04:11.421494,Заголовок про программирование 1350,Текст про программирование должен быть больше 100 символов 1350
1351,3,2025-09-09 09:04:11.421495,Заголовок про программирование 1351,Текст про программирование должен быть больше 100 символов 1351
1352,3,2025-09-09 09:04:11.421496,Заголовок про программирование 1352,Текст про программирование должен быть больше 100 символов 1352
1353,3,2025-09-09 09:04:11.421497,Заголовок про программирование 1353,Текст про программирование должен быть больше 100 символов 1353
1354,3,2025-09-09 09:04:11.421498,Заголовок про программирование 1354,Текст про программирование должен быть больше 100 символов 1354
1355,1,2025-09-09 09:04:11.421499,Заголовок про программирование 1355,Текст про программирование должен быть больше 100 символов 1355
1356,1,2025-09-09 09:04:11.421500,Заголовок про программирование 1356,Текст про программирование должен быть больше 100 символов 1356
1357,3,2025-09-09 09:04:11.421501,Заголовок про программирование 1357,Текст про программирование должен быть больше 100 символов 1357
1358,2,2025-09-09 09:04:11.421502,Заголовок про программирование 1358,Текст про программирование должен быть больше 100 символов 1358
1359,3,2025-09-09 09:04:11.421503,Заголовок про программирование 1359,Текст про программирование должен быть больше 100 символов 1359
1360,2,2025-09-09 09:04:11.421504,Заголовок про программирование 1360,Текст про программирование должен быть больше 100 символов 1360
1361,3,2025-09-09 09:04:11.421505,Заголовок про программирование 1361,Текст про программирование должен быть больше 100 символов 1361
1362,2,2025-09-09 09:04:11.421506,Заголовок про программирование 1362,Текст про программирование должен быть больше 100 символов 1362
1363,1,2025-09-09 09:04:11.421507,Заголовок про программирование 1363,Текст про программирование должен быть больше 100 символов 1363
1364,2,2025-09-09 09:04:11.421508,Заголовок про программирование 1364,Текст про программирование должен быть больше 100 символов 1364
1365,3,2025-09-09 09:04:11.421509,Заголовок про программирование 1365,Текст про программирование должен быть больше 100 символов 1365
1366,2,2025-09-09 09:04:11.421510,Заголовок про программирование 1366,Текст про программирование должен быть больше 100 символов 1366
1367,1,2025-09-09 09:04:11.421511,Заголовок про программирование 1367,Текст про программирование должен быть больше 100 символов 1367
1368,2,2025-09-09 09:04:11.421512,Заголовок про программирование 1368,Текст про программирование должен быть больше 100 символов 1368
1369,1,2025-09-09 09:04:11.421513,Заголовок про программирование 1369,Текст про программирование должен быть больше 100 символов 1369
1370,3,2025-09-09 09:04:11.421514,Заголовок про программирование 1370,Текст про программирование должен быть больше 100 символов 1370
1371,2,2025-09-09 09:04:11.421515,Заголовок про программирование 1371,Текст про программирование должен быть больше 100 символов 1371
1372,2,2025-09-09 09:04:11.421516,Заголовок про программирование 1372,Текст про программирование должен быть больше 100 символов 1372
1373,1,2025-09-09 09:04:11.421517,Заголовок про программирование 1373,Текст про программирование должен быть больше 100 символов 1373
1374,3,2025-09-09 09:04:11.421518,Заголовок про программирование 1374,Текст про программирование должен быть больше 100 символов 1374
1375,3,2025-09-09 09:04:11.421519,Заголовок про программирование 1375,Текст про программирование должен быть больше 100 символов 1375
1376,1,2025-09-09 09:04:11.421520,Заголовок про программирование 1376,Текст про программирование должен быть больше 100 символов 1376
1377,1,2025-09-09 09:04:11.421521,Заголовок про программирование 1377,Текст про программирование должен быть больше 100 символов 1377
1378,2,2025-09-09 09:04:11.421522,Заголовок про программирование 1378,Текст про программирование должен быть больше 100 символов 1378
1379,1,2025-09-09 09:04:11.421523,Заголовок про программирование 1379,Текст про программирование должен быть больше 100 символов 1379
1380,3,2025-09-09 09:04:11.421524,Заголовок про программирование 1380,Текст про программирование должен быть больше 100 символов 1380
1381,2,2025-09-09 09:04:11.421525,Заголовок про программирование 1381,Текст про программирование должен быть больше 100 символов 1381
1382,2,2025-09-09 09:04:11.421526,Заголовок про программирование 1382,Текст про программирование должен быть больше 100 символов 1382
1383,3,2025-09-09 09:04:11.421527,Заголовок про программирование 1383,Текст про программирование должен быть больше 100 символов 1383
1384,1,2025-09-09 09:04:11.421528,Заголовок про программирование 1384,Текст про программирование должен быть больше 100 символов 1384
1385,3,2025-09-09 09:04:11.421529,Заголовок про программирование 1385,Текст про программирование должен быть больше 100 символов 1385
1386,2,2025-09-09 09:04:11.421530,Заголовок про программирование 1386,Текст про программирование должен быть больше 100 символов 1386
1387,3,2025-09-09 09:04:11.421531,Заголовок про программирование 1387,Текст про программирование должен быть больше 100 символов 1387
1388,3,2025-09-09 09:04:11.421532,Заголовок про программирование 1388,Текст про программирование должен быть больше 100 символов 1388
1389,3,2025-09-09 09:04:11.421533,Заголовок про программирование 1389,Текст про программирование должен быть больше 100 символов 1389
1390,2,2025-09-09 09:04:11.421534,Заголовок про программирование 1390,Текст про программирование должен быть больше 100 символов 1390
1391,3,2025-09-09 09:04:11.421535,Заголовок про программирование 1391,Текст про программирование должен быть больше 100 символов 1391
1392,3,2025-09-09 09:04:11.421536,Заголовок про программирование 1392,Текст про программирование должен быть больше 100 символов 1392
1393,2,2025-09-09 09:04:11.421537,Заголовок про программирование 1393,Текст про программирование должен быть больше 100 символов 1393
1394,3,2025-09-09 09:04:11.421538,Заголовок про программирование 1394,Текст про программирование должен быть больше 100 символов 1394
1395,1,2025-09-09 09:04:11.421539,Заголовок про программирование 1395,Текст про программирование должен быть больше 100 символов 1395
1396,3,2025-09-09 09:04:11.421540,Заголовок про программирование 1396,Текст про программирование должен быть больше 100 символов 1396
1397,3,2025-09-09 09:04:11.421541,Заголовок про программирование 1397,Текст про программирование должен быть больше 100 символов 1397
1398,1,2025-09-09 09:04:11.421542,Заголовок про программирование 1398,Текст про программирование должен быть больше 100 символов 1398
1399,3,2025-09-09 09:04:11.421543,Заголовок про программирование 1399,Текст про программирование должен быть больше 100 символов 1399
1400,1,2025-09-09 09:04:11.421544,Заголовок про программирование 1400,Текст про программирование должен быть больше 100 символов 1400
1401,2,2025-09-09 09:04:11.421545,Заголовок про программирование 1401,Текст про программирование должен быть больше 100 символов 1401
1402,1,2025-09-09 09:04:11.421546,Заголовок про программирование 1402,Текст про программирование должен быть больше 100 символов 1402
1403,3,2025-09-09 09:04:11.421547,Заголовок про программирование 1403,Текст про программирование должен быть больше 100 символов 1403
1404,1,2025-09-09 09:04:11.421548,Заголовок про программирование 1404,Текст про программирование должен быть больше 100 символов 1404
1405,2,2025-09-09 09:04:11.421549,Заголовок про программирование 1405,Текст про программирование должен быть больше 100 символов 1405
1406,2,2025-09-09 09:04:11.421550,Заголовок про программирование 1406,Текст про программирование должен быть больше 100 символов 1406
1407,3,2025-09-09 09:04:11.421551,Заголовок про программирование 1407,Текст про программирование должен быть больше 100 символов 1407
1408,1,2025-09-09 09:04:11.421552,Заголовок про программирование 1408,Текст про программирование должен быть больше 100 символов 1408
1409,2,2025-09-09 09:04:11.421553,Заголовок про программирование 1409,Текст про программирование должен быть больше 100 символов 1409
1410,2,2025-09-09 09:04:11.421554,Заголовок про программирование 1410,Текст про программирование должен быть больше 100 символов 1410
1411,3,2025-09-09 09:04:11.421555,Заголовок про программирование 1411,Текст про программирование должен быть больше 100 символов 1411
1412,2,2025-09-09 09:04:11.421556,Заголовок про программирование 1412,Текст про программирование должен быть больше 100 символов 1412
1413,3,2025-09-09 09:04:11.421557,Заголовок про программирование 1413,Текст про программирование должен быть больше 100 символов 1413
1414,3,2025-09-09 09:04:11.421558,Заголовок про программирование 1414,Текст про программирование должен быть больше 100 символов 1414
1415,3,2025-09-09 09:04:11.421559,Заголовок про программирование 1415,Текст про программирование должен быть больше 100 символов 1415
1416,3,2025-09-09 09:04:11.421560,Заголовок про программирование 1416,Текст про программирование должен быть больше 100 символов 1416
1417,2,2025-09-09 09:04:11.421561,Заголовок про программирование 1417,Текст про программирование должен быть больше 100 символов 1417
1418,3,2025-09-09 09:04:11.421562,Заголовок про программирование 1418,Текст про программирование должен быть больше 100 символов 1418
1419,2,2025-09-09 09:04:11.421563,Заголовок про программирование 1419,Текст про программирование должен быть больше 100 символов 1419
1420,2,2025-09-09 09:04:11.421564,Заголовок про программирование 1420,Текст про программирование должен быть больше 100 символов 1420
1421,1,2025-09-09 09:04:11.421565,Заголовок про программирование 1421,Текст про программирование должен быть больше 100 символов 1421
1422,1,2025-09-09 09:04:11.421566,Заголовок про программирование 1422,Текст про программирование должен быть больше 100 символов 1422
1423,1,2025-09-09 09:04:11.421567,Заголовок про программирование 1423,Текст про программирование должен быть больше 100 символов 1423
1424,2,2025-09-09 09:04:11.421568,Заголовок про программирование 1424,Текст про программирование должен быть больше 100 символов 1424
1425,1,2025-09-09 09:04:11.421569,Заголовок про программирование 1425,Текст про программирование должен быть больше 100 символов 1425
1426,1,2025-09-09 09:04:11.421570,Заголовок про программирование 1426,Текст про программирование должен быть больше 100 символов 1426
1427,2,2025-09-09 09:04:11.421571,Заголовок про программирование 1427,Текст про программирование должен быть больше 100 символов 1427
1428,2,2025-09-09 09:04:11.421572,Заголовок про программирование 1428,Текст про программирование должен быть больше 100 символов 1428
1429,1,2025-09-09 09:04:11.421573,Заголовок про программирование 1429,Текст про программирование должен быть больше 100 символов 1429
1430,3,2025-09-09 09:04:11.421574,Заголовок про программирование 1430,Текст про программирование должен быть больше 100 символов 1430
1431,1,2025-09-09 09:04:11.421575,Заголовок про программирование 1431,Текст про программирование должен быть больше 100 символов 1431
1432,3,2025-09-09 09:04:11.421576,Заголовок про программирование 1432,Текст про программирование должен быть больше 100 символов 1432
1433,2,2025-09-09 09:04:11.421577,Заголовок про программирование 1433,Текст про программирование должен быть больше 100 символов 1433
1434,2,2025-09-09 09:04:11.421578,Заголовок про программирование 1434,Текст про программирование должен быть больше 100 символов 1434
1435,2,2025-09-09 09:04:11.421579,Заголовок про программирование 1435,Текст про программирование должен быть больше 100 символов 1435
1436,2,2025-09-09 09:04:11.421580,Заголовок про программирование 1436,Текст про программирование должен быть больше 100 символов 1436
1437,1,2025-09-09 09:04:11.421581,Заголовок про программирование 1437,Текст про программирование должен быть больше 100 символов 1437
1438,2,2025-09-09 09:04:11.421582,Заголовок про программирование 1438,Текст про программирование должен быть больше 100 символов 1438
1439,3,2025-09-09 09:04:11.421583,Заголовок про программирование 1439,Текст про программирование должен быть больше 100 символов 1439
1440,1,2025-09-09 09:04:11.421584,Заголовок про программирование 1440,Текст про программирование должен быть больше 100 символов 1440
1441,2,2025-09-09 09:04:11.421585,Заголовок про программирование 1441,Текст про программирование должен быть больше 100 символов 1441
1442,1,2025-09-09 09:04:11.421586,Заголовок про программирование 1442,Текст про программирование должен быть больше 100 символов 1442
1443,2,2025-09-09 09:04:11.421587,Заголовок про программирование 1443,Текст про программирование должен быть больше 100 символов 1443
1444,1,2025-09-09 09:04:11.421588,Заголовок про программирование 1444,Текст про программирование должен быть больше 100 символов 1444
1445,3,2025-09-09 09:04:11.421589,Заголовок про программирование 1445,Текст про программирование должен быть больше 100 символов 1445
1446,2,2025-09-09 09:04:11.421590,Заголовок про программирование 1446,Текст про программирование должен быть больше 100 символов 1446
1447,1,2025-09-09 09:04:11.421591,Заголовок про программирование 1447,Текст про программирование должен быть больше 100 символов 1447
1448,1,2025-09-09 09:04:11.421592,Заголовок про программирование 1448,Текст про программирование должен быть больше 100 символов 1448
1449,1,2025-09-09 09:04:11.421593,Заголовок про программирование 1449,Текст про программирование должен быть больше 100 символов 1449
1450,2,2025-09-09 09:04:11.421594,Заголовок про программирование 1450,Текст про программирование должен быть больше 100 символов 1450
1451,2,2025-09-09 09:04:11.421595,Заголовок про программирование 1451,Текст про программирование должен быть больше 100 символов 1451
1452,3,2025-09-09 09:04:11.421596,Заголовок про программирование 1452,Текст про программирование должен быть больше 100 символов 1452
1453,3,2025-09-09 09:04:11.421597,Заголовок про программирование 1453,Текст про программирование должен быть больше 100 символов 1453
1454,2,2025-09-09 09:04:11.421598,Заголовок про программирование 1454,Текст про программирование должен быть больше 100 символов 1454
1455,2,2025-09-09 09:04:11.421599,Заголовок про программирование 1455,Текст про программирование должен быть больше 100 символов 1455
1456,2,2025-09-09 09:04:11.421600,Заголовок про программирование 1456,Текст про программирование должен быть больше 100 символов 1456
1457,3,2025-09-09 09:04:11.421601,Заголовок про программирование 1457,Текст про программирование должен быть больше 100 символов 1457
1458,2,2025-09-09 09:04:11.421602,Заголовок про программирование 1458,Текст про программирование должен быть больше 100 символов 1458
1459,2,2025-09-09 09:04:11.421603,Заголовок про программирование 1459,Текст про программирование должен быть больше 100 символов 1459
1460,3,2025-09-09 09:04:11.421604,Заголовок про программирование 1460,Текст про программирование должен быть больше 100 символов 1460
1461,3,2025-09-09 09:04:11.421605,Заголовок про программирование 1461,Текст про программирование должен быть больше 100 символов 1461
1462,1,2025-09-09 09:04:11.421606,Заголовок про программирование 1462,Текст про программирование должен быть больше 100 символов 1462
1463,3,2025-09-09 09:04:11.421607,Заголовок про программирование 1463,Текст про программирование должен быть больше 100 символов 1463
1464,2,2025-09-09 09:04:11.421608,Заголовок про программирование 1464,Текст про программирование должен быть больше 100 символов 1464
1465,3,2025-09-09 09:04:11.421609,Заголовок про программирование 1465,Текст про программирование должен быть больше 100 символов 1465
1466,3,2025-09-09 09:04:11.421610,Заголовок про программирование 1466,Текст про программирование должен быть больше 100 символов 1466
1467,2,2025-09-09 09:04:11.421611,Заголовок про программирование 1467,Текст про программирование должен быть больше 100 символов 1467
1468,3,2025-09-09 09:04:11.421612,Заголовок про программирование 1468,Текст про программирование должен быть больше 100 символов 1468
1469,2,2025-09-09 09:04:11.421613,Заголовок про программирование 1469,Текст про программирование должен быть больше 100 символов 1469
1470,3,2025-09-09 09:04:11.421614,Заголовок про программирование 1470,Текст про программирование должен быть больше 100 символов 1470
1471,1,2025-09-09 09:04:11.421615,Заголовок про программирование 1471,Текст про программирование должен быть больше 100 символов 1471
1472,2,2025-09-09 09:04:11.421616,Заголовок про программирование 1472,Текст про программирование должен быть больше 100 символов 1472
1473,1,2025-09-09 09:04:11.421617,Заголовок про программирование 1473,Текст про программирование должен быть больше 100 символов 1473
1474,1,2025-09-09 09:04:11.421618,Заголовок про программирование 1474,Текст про программирование должен быть больше 100 символов 1474
1475,1,2025-09-09 09:04:11.421619,Заголовок про программирование 1475,Текст про программирование должен быть больше 100 символов 1475
1476,1,2025-09-09 09:04:11.421620,Заголовок про программирование 1476,Текст про программирование должен быть больше 100 символов 1476
1477,1,2025-09-09 09:04:11.421621,Заголовок про программирование 1477,Текст про программирование должен быть больше 100 символов 1477
1478,2,2025-09-09 09:04:11.421622,Заголовок про программирование 1478,Текст про программирование должен быть больше 100 символов 1478
1479,1,2025-09-09 09:04:11.421623,Заголовок про программирование 1479,Текст про программирование должен быть больше 100 символов 1479
1480,2,2025-09-09 09:04:11.421624,Заголовок про программирование 1480,Текст про программирование должен быть больше 100 символов 1480
1481,1,2025-09-09 09:04:11.421625,Заголовок про программирование 1481,Текст про программирование должен быть больше 100 символов 1481
1482,2,2025-09-09 09:04:11.421626,Заголовок про программирование 1482,Текст про программирование должен быть больше 100 символов 1482
1483,2,2025-09-09 09:04:11.421627,Заголовок про программирование 1483,Текст про программирование должен быть больше 100 символов 1483
1484,3,2025-09-09 09:04:11.421628,Заголовок про программирование 1484,Текст про программирование должен быть больше 100 символов 1484
1485,3,2025-09-09 09:04:11.421629,Заголовок про программирование 1485,Текст про программирование должен быть больше 100 символов 1485
1486,1,2025-09-09 09:04:11.421630,Заголовок про программирование 1486,Текст про программирование должен быть больше 100 символов 1486
1487,3,2025-09-09 09:04:11.421631,Заголовок про программирование 1487,Текст про программирование должен быть больше 100 символов 1487
1488,1,2025-09-09 09:04:11.421632,Заголовок про программирование 1488,Текст про программирование должен быть больше 100 символов 1488
1489,3,2025-09-09 09:04:11.421633,Заголовок про программирование 1489,Текст про программирование должен быть больше 100 символов 1489
1490,2,2025-09-09 09:04:11.421634,Заголовок про программирование 1490,Текст про программирование должен быть больше 100 символов 1490
1491,3,2025-09-09 09:04:11.421635,Заголовок про программирование 1491,Текст про программирование должен быть больше 100 символов 1491
1492,1,2025-09-09 09:04:11.421636,Заголовок про программирование 1492,Текст про программирование должен быть больше 100 символов 1492
1493,1,2025-09-09 09:04:11.421637,Заголовок про программирование 1493,Текст про программирование должен быть больше 100 символов 1493
1494,1,2025-09-09 09:04:11.421638,Заголовок про программирование 1494,Текст про программирование должен быть больше 100 символов 1494
1495,2,2025-09-09 09:04:11.421639,Заголовок про программирование 1495,Текст про программирование должен быть больше 100 символов 1495
1496,2,2025-09-09 09:04:11.421640,Заголовок про программирование 1496,Текст про программирование должен быть больше 100 символов 1496
1497,1,2025-09-09 09:04:11.421641,Заголовок про программирование 1497,Текст про программирование должен быть больше 100 символов 1497
1498,2,2025-09-09 09:04:11.421642,Заголовок про программирование 1498,Текст про программирование должен быть больше 100 символов 1498
1499,3,2025-09-09 09:04:11.421643,Заголовок про программирование 1499,Текст про программирование должен быть больше 100 символов 1499
1500,3,2025-09-09 09:04:11.421644,Заголовок про программирование 1500,Текст про программирование должен быть больше 100 символов 1500
1501,2,2025-09-09 09:04:11.421645,Заголовок про программирование 1501,Текст про программирование должен быть больше 100 символов 1501
1502,1,2025-09-09 09:04:11.421646,Заголовок про программирование 1502,Текст про программирование должен быть больше 100 символов 1502
1503,1,2025-09-09 09:04:11.421647,Заголовок про программирование 1503,Текст про программирование должен быть больше 100 символов 1503
1504,3,2025-09-09 09:04:11.421648,Заголовок про программирование 1504,Текст про программирование должен быть больше 100 символов 1504
1505,1,2025-09-09 09:04:11.421649,Заголовок про программирование 1505,Текст про программирование должен быть больше 100 символов 1505
1506,3,2025-09-09 09:04:11.421650,Заголовок про программирование 1506,Текст про программирование должен быть больше 100 символов 1506
1507,3,2025-09-09 09:04:11.421651,Заголовок про программирование 1507,Текст про программирование должен быть больше 100 символов 1507
1508,2,2025-09-09 09:04:11.421652,Заголовок про программирование 1508,Текст про программирование должен быть больше 100 символов 1508
1509,1,2025-09-09 09:04:11.421653,Заголовок про программирование 1509,Текст про программирование должен быть больше 100 символов 1509
1510,1,2025-09-09 09:04:11.421654,Заголовок про программирование 1510,Текст про программирование должен быть больше 100 символов 1510
1511,3,2025-09-09 09:04:11.421655,Заголовок про программирование 1511,Текст про программирование должен быть больше 100 символов 1511
1512,1,2025-09-09 09:04:11.421656,Заголовок про программирование 1512,Текст про программирование должен быть больше 100 символов 1512
1513,2,2025-09-09 09:04:11.421657,Заголовок про программирование 1513,Текст про программирование должен быть больше 100 символов 1513
1514,1,2025-09-09 09:04:11.421658,Заголовок про программирование 1514,Текст про программирование должен быть больше 100 символов 1514
1515,1,2025-09-09 09:04:11.421659,Заголовок про программирование 1515,Текст про программирование должен быть больше 100 символов 1515
1516,1,2025-09-09 09:04:11.421660,Заголовок про программирование 1516,Текст про программирование должен быть больше 100 символов 1516
1517,2,2025-09-09 09:04:11.421661,Заголовок про программирование 1517,Текст про программирование должен быть больше 100 символов 1517
1518,3,2025-09-09 09:04:11.421662,Заголовок про программирование 1518,Текст про программирование должен быть больше 100 символов 1518
1519,1,2025-09-09 09:04:11.421663,Заголовок про программирование 1519,Текст про программирование должен быть больше 100 символов 1519
1520,2,2025-09-09 09:04:11.421664,Заголовок про программирование 1520,Текст про программирование должен быть больше 100 символов 1520
1521,3,2025-09-09 09:04:11.421665,Заголовок про программирование 1521,Текст про программирование должен быть больше 100 символов 1521
1522,2,2025-09-09 09:04:11.421666,Заголовок про программирование 1522,Текст про программирование должен быть больше 100 символов 1522
1523,3,2025-09-09 09:04:11.421667,Заголовок про программирование 1523,Текст про программирование должен быть больше 100 символов 1523
1524,2,2025-09-09 09:04:11.421668,Заголовок про программирование 1524,Текст про программирование должен быть больше 100 символов 1524
1525,3,2025-09-09 09:04:11.421669,Заголовок про программирование 1525,Текст про программирование должен быть больше 100 символов 1525
1526,3,2025-09-09 09:04:11.421670,Заголовок про программирование 1526,Текст про программирование должен быть больше 100 символов 1526
1527,1,2025-09-09 09:04:11.421671,Заголовок про программирование 1527,Текст про программирование должен быть больше 100 символов 1527
1528,3,2025-09-09 09:04:11.421672,Заголовок про программирование 1528,Текст про программирование должен быть больше 100 символов 1528
1529,3,2025-09-09 09:04:11.421673,Заголовок про программирование 1529,Текст про программирование должен быть больше 100 символов 1529
1530,2,2025-09-09 09:04:11.421674,Заголовок про программирование 1530,Текст про программирование должен быть больше 100 символов 1530
1531,3,2025-09-09 09:04:11.421675,Заголовок про программирование 1531,Текст про программирование должен быть больше 100 символов 1531
1532,1,2025-09-09 09:04:11.421676,Заголовок про программирование 1532,Текст про программирование должен быть больше 100 символов 1532
1533,3,2025-09-09 09:04:11.421677,Заголовок про программирование 1533,Текст про программирование должен быть больше 100 символов 1533
1534,2,2025-09-09 09:04:11.421678,Заголовок про программирование 1534,Текст про программирование должен быть больше 100 символов 1534
1535,1,2025-09-09 09:04:11.421679,Заголовок про программирование 1535,Текст про программирование должен быть больше 100 символов 1535
1536,2,2025-09-09 09:04:11.421680,Заголовок про программирование 1536,Текст про программирование должен быть больше 100 символов 1536
1537,3,2025-09-09 09:04:11.421681,Заголовок про программирование 1537,Текст про программирование должен быть больше 100 символов 1537
1538,1,2025-09-09 09:04:11.421682,Заголовок про программирование 1538,Текст про программирование должен быть больше 100 символов 1538
1539,3,2025-09-09 09:04:11.421683,Заголовок про программирование 1539,Текст про программирование должен быть больше 100 символов 1539
1540,3,2025-09-09 09:04:11.421684,Заголовок про программирование 1540,Текст про программирование должен быть больше 100 символов 1540
1541,2,2025-09-09 09:04:11.421685,Заголовок про программирование 1541,Текст про программирование должен быть больше 100 символов 1541
1542,3,2025-09-09 09:04:11.421686,Заголовок про программирование 1542,Текст про программирование должен быть больше 100 символов 1542
1543,3,2025-09-09 09:04:11.421687,Заголовок про программирование 1543,Текст про программирование должен быть больше 100 символов 1543
1544,3,2025-09-09 09:04:11.421688,Заголовок про программирование 1544,Текст про программирование должен быть больше 100 символов 1544
1545,3,2025-09-09 09:04:11.421689,Заголовок про программирование 1545,Текст про программирование должен быть больше 100 символов 1545
1546,1,2025-09-09 09:04:11.421690,Заголовок про программирование 1546,Текст про программирование должен быть больше 100 символов 1546
1547,1,2025-09-09 09:04:11.421691,Заголовок про программирование 1547,Текст про программирование должен быть больше 100 символов 1547
1548,1,2025-09-09 09:04:11.421692,Заголовок про программирование 1548,Текст про программирование должен быть больше 100 символов 1548
1549,3,2025-09-09 09:04:11.421693,Заголовок про программирование 1549,Текст про программирование должен быть больше 100 символов 1549
1550,1,2025-09-09 09:04:11.421694,Заголовок про программирование 1550,Текст про программирование должен быть больше 100 символов 1550
1551,3,2025-09-09 09:04:11.421695,Заголовок про программирование 1551,Текст про программирование должен быть больше 100 символов 1551
1552,3,2025-09-09 09:04:11.421696,Заголовок про программирование 1552,Текст про программирование должен быть больше 100 символов 1552
1553,1,2025-09-09 09:04:11.421697,Заголовок про программирование 1553,Текст про программирование должен быть больше 100 символов 1553
1554,1,2025-09-09 09:04:11.421698,Заголовок про программирование 1554,Текст про программирование должен быть больше 100 символов 1554
1555,3,2025-09-09 09:04:11.421699,Заголовок про программирование 1555,Текст про программирование должен быть больше 100 символов 1555
1556,1,2025-09-09 09:04:11.421700,Заголовок про программирование 1556,Текст про программирование должен быть больше 100 символов 1556
1557,2,2025-09-09 09:04:11.421701,Заголовок про программирование 1557,Текст про программирование должен быть больше 100 символов 1557
1558,2,2025-09-09 09:04:11.421702,Заголовок про программирование 1558,Текст про программирование должен быть больше 100 символов 1558
1559,3,2025-09-09 09:04:11.421703,Заголовок про программирование 1559,Текст про программирование должен быть больше 100 символов 1559
1560,3,2025-09-09 09:04:11.421704,Заголовок про программирование 1560,Текст про программирование должен быть больше 100 символов 1560
1561,2,2025-09-09 09:04:11.421705,Заголовок про программирование 1561,Текст про программирование должен быть больше 100 символов 1561
1562,2,2025-09-09 09:04:11.421706,Заголовок про программирование 1562,Текст про программирование должен быть больше 100 символов 1562
1563,1,2025-09-09 09:04:11.421707,Заголовок про программирование 1563,Текст про программирование должен быть больше 100 символов 1563
1564,1,2025-09-09 09:04:11.421708,Заголовок про программирование 1564,Текст про программирование должен быть больше 100 символов 1564
1565,1,2025-09-09 09:04:11.421709,Заголовок про программирование 1565,Текст про программирование должен быть больше 100 символов 1565
1566,3,2025-09-09 09:04:11.421710,Заголовок про программирование 1566,Текст про программирование должен быть больше 100 символов 1566
1567,2,2025-09-09 09:04:11.421711,Заголовок про программирование 1567,Текст про программирование должен быть больше 100 символов 1567
1568,2,2025-09-09 09:04:11.421712,Заголовок про программирование 1568,Текст про программирование должен быть больше 100 символов 1568
1569,2,2025-09-09 09:04:11.421713,Заголовок про программирование 1569,Текст про программирование должен быть больше 100 символов 1569
1570,1,2025-09-09 09:04:11.421714,Заголовок про программирование 1570,Текст про программирование должен быть больше 100 символов 1570
1571,3,2025-09-09 09:04:11.421715,Заголовок про программирование 1571,Текст про программирование должен быть больше 100 символов 1571
1572,3,2025-09-09 09:04:11.421716,Заголовок про программирование 1572,Текст про программирование должен быть больше 100 символов 1572
1573,3,2025-09-09 09:04:11.421717,Заголовок про программирование 1573,Текст про программирование должен быть больше 100 символов 1573
1574,1,2025-09-09 09:04:11.421718,Заголовок про программирование 1574,Текст про программирование должен быть больше 100 символов 1574
1575,1,2025-09-09 09:04:11.421719,Заголовок про программирование 1575,Текст про программирование должен быть больше 100 символов 1575
1576,3,2025-09-09 09:04:11.421720,Заголовок про программирование 1576,Текст про программирование должен быть больше 100 символов 1576
1577,2,2025-09-09 09:04:11.421721,Заголовок про программирование 1577,Текст про программирование должен быть больше 100 символов 1577
1578,3,2025-09-09 09:04:11.421722,Заголовок про программирование 1578,Текст про программирование должен быть больше 100 символов 1578
1579,1,2025-09-09 09:04:11.421723,Заголовок про программирование 1579,Текст про программирование должен быть больше 100 символов 1579
1580,2,2025-09-09 09:04:11.421724,Заголовок про программирование 1580,Текст про программирование должен быть больше 100 символов 1580
1581,3,2025-09-09 09:04:11.421725,Заголовок про программирование 1581,Текст про программирование должен быть больше 100 символов 1581
1582,3,2025-09-09 09:04:11.421726,Заголовок про программирование 1582,Текст про программирование должен быть больше 100 символов 1582
1583,1,2025-09-09 09:04:11.421727,Заголовок про программирование 1583,Текст про программирование должен быть больше 100 символов 1583
1584,2,2025-09-09 09:04:11.421728,Заголовок про программирование 1584,Текст про программирование должен быть больше 100 символов 1584
1585,1,2025-09-09 09:04:11.421729,Заголовок про программирование 1585,Текст про программирование должен быть больше 100 символов 1585
1586,3,2025-09-09 09:04:11.421730,Заголовок про программирование 1586,Текст про программирование должен быть больше 100 символов 1586
1587,1,2025-09-09 09:04:11.421731,Заголовок про программирование 1587,Текст про программирование должен быть больше 100 символов 1587
1588,1,2025-09-09 09:04:11.421732,Заголовок про программирование 1588,Текст про программирование должен быть больше 100 символов 1588
1589,2,2025-09-09 09:04:11.421733,Заголовок про программирование 1589,Текст про программирование должен быть больше 100 символов 1589
1590,3,2025-09-09 09:04:11.421734,Заголовок про программирование 1590,Текст про программирование должен быть больше 100 символов 1590
1591,1,2025-09-09 09:04:11.421735,Заголовок про программирование 1591,Текст про программирование должен быть больше 100 символов 1591
1592,1,2025-09-09 09:04:11.421736,Заголовок про программирование 1592,Текст про программирование должен быть больше 100 символов 1592
1593,3,2025-09-09 09:04:11.421737,Заголовок про программирование 1593,Текст про программирование должен быть больше 100 символов 1593
1594,1,2025-09-09 09:04:11.421738,Заголовок про программирование 1594,Текст про программирование должен быть больше 100 символов 1594
1595,1,2025-09-09 09:04:11.421739,Заголовок про программирование 1595,Текст про программирование должен быть больше 100 символов 1595
1596,2,2025-09-09 09:04:11.421740,Заголовок про программирование 1596,Текст про программирование должен быть больше 100 символов 1596
1597,1,2025-09-09 09:04:11.421741,Заголовок про программирование 1597,Текст про программирование должен быть больше 100 символов 1597
1598,1,2025-09-09 09:04:11.421742,Заголовок про программирование 1598,Текст про программирование должен быть больше 100 символов 1598
1599,2,2025-09-09 09:04:11.421743,Заголовок про программирование 1599,Текст про программирование должен быть больше 100 символов 1599
1600,3,2025-09-09 09:04:11.421744,Заголовок про программирование 1600,Текст про программирование должен быть больше 100 символов 1600
1601,2,2025-09-09 09:04:11.421745,Заголовок про программирование 1601,Текст про программирование должен быть больше 100 символов 1601
1602,2,2025-09-09 09:04:11.421746,Заголовок про программирование 1602,Текст про программирование должен быть больше 100 символов 1602
1603,1,2025-09-09 09:04:11.421747,Заголовок про программирование 1603,Текст про программирование должен быть больше 100 символов 1603
1604,3,2025-09-09 09:04:11.421748,Заголовок про программирование 1604,Текст про программирование должен быть больше 100 символов 1604
1605,1,2025-09-09 09:04:11.421749,Заголовок про программирование 1605,Текст про программирование должен быть больше 100 символов 1605
1606,1,2025-09-09 09:04:11.421750,Заголовок про программирование 1606,Текст про программирование должен быть больше 100 символов 1606
1607,3,2025-09-09 09:04:11.421751,Заголовок про программирование 1607,Текст про программирование должен быть больше 100 символов 1607
1608,3,2025-09-09 09:04:11.421752,Заголовок про программирование 1608,Текст про программирование должен быть больше 100 символов 1608
1609,1,2025-09-09 09:04:11.421753,Заголовок про программирование 1609,Текст про программирование должен быть больше 100 символов 1609
1610,3,2025-09-09 09:04:11.421754,Заголовок про программирование 1610,Текст про программирование должен быть больше 100 символов 1610
1611,2,2025-09-09 09:04:11.421755,Заголовок про программирование 1611,Текст про программирование должен быть больше 100 символов 1611
1612,1,2025-09-09 09:04:11.421756,Заголовок про программирование 1612,Текст про программирование должен быть больше 100 символов 1612
1613,3,2025-09-09 09:04:11.421757,Заголовок про программирование 1613,Текст про программирование должен быть больше 100 символов 1613
1614,1,2025-09-09 09:04:11.421758,Заголовок про программирование 1614,Текст про программирование должен быть больше 100 символов 1614
1615,3,2025-09-09 09:04:11.421759,Заголовок про программирование 1615,Текст про программирование должен быть больше 100 символов 1615
1616,1,2025-09-09 09:04:11.421760,Заголовок про программирование 1616,Текст про программирование должен быть больше 100 символов 1616
1617,3,2025-09-09 09:04:11.421761,Заголовок про программирование 1617,Текст про программирование должен быть больше 100 символов 1617
1618,2,2025-09-09 09:04:11.421762,Заголовок про программирование 1618,Текст про программирование должен быть больше 100 символов 1618
1619,3,2025-09-09 09:04:11.421763,Заголовок про программирование 1619,Текст про программирование должен быть больше 100 символов 1619
1620,1,2025-09-09 09:04:11.421764,Заголовок про программирование 1620,Текст про программирование должен быть больше 100 символов 1620
1621,1,2025-09-09 09:04:11.421765,Заголовок про программирование 1621,Текст про программирование должен быть больше 100 символов 1621
1622,1,2025-09-09 09:04:11.421766,Заголовок про программирование 1622,Текст про программирование должен быть больше 100 символов 1622
1623,2,2025-09-09 09:04:11.421767,Заголовок про программирование 1623,Текст про программирование должен быть больше 100 символов 1623
1624,3,2025-09-09 09:04:11.421768,Заголовок про программирование 1624,Текст про программирование должен быть больше 100 символов 1624
1625,3,2025-09-09 09:04:11.421769,Заголовок про программирование 1625,Текст про программирование должен быть больше 100 символов 1625
1626,1,2025-09-09 09:04:11.421770,Заголовок про программирование 1626,Текст про программирование должен быть больше 100 символов 1626
1627,3,2025-09-09 09:04:11.421771,Заголовок про программирование 1627,Текст про программирование должен быть больше 100 символов 1627
1628,1,2025-09-09 09:04:11.421772,Заголовок про программирование 1628,Текст про программирование должен быть больше 100 символов 1628
1629,1,2025-09-09 09:04:11.421773,Заголовок про программирование 1629,Текст про программирование должен быть больше 100 символов 1629
1630,3,2025-09-09 09:04:11.421774,Заголовок про программирование 1630,Текст про программирование должен быть больше 100 символов 1630
1631,1,2025-09-09 09:04:11.421775,Заголовок про программирование 1631,Текст про программирование должен быть больше 100 символов 1631
1632,3,2025-09-09 09:04:11.421776,Заголовок про программирование 1632,Текст про программирование должен быть больше 100 символов 1632
1633,3,2025-09-09 09:04:11.421777,Заголовок про программирование 1633,Текст про программирование должен быть больше 100 символов 1633
1634,1,2025-09-09 09:04:11.421778,Заголовок про программирование 1634,Текст про программирование должен быть больше 100 символов 1634
1635,2,2025-09-09 09:04:11.421779,Заголовок про программирование 1635,Текст про программирование должен быть больше 100 символов 1635
1636,3,2025-09-09 09:04:11.421780,Заголовок про программирование 1636,Текст про программирование должен быть больше 100 символов 1636
1637,3,2025-09-09 09:04:11.421781,Заголовок про программирование 1637,Текст про программирование должен быть больше 100 символов 1637
1638,3,2025-09-09 09:04:11.421782,Заголовок про программирование 1638,Текст про программирование должен быть больше 100 символов 1638
1639,3,2025-09-09 09:04:11.421783,Заголовок про программирование 1639,Текст про программирование должен быть больше 100 символов 1639
1640,3,2025-09-09 09:04:11.421784,Заголовок про программирование 1640,Текст про программирование должен быть больше 100 символов 1640
1641,2,2025-09-09 09:04:11.421785,Заголовок про программирование 1641,Текст про программирование должен быть больше 100 символов 1641
1642,2,2025-09-09 09:04:11.421786,Заголовок про программирование 1642,Текст про программирование должен быть больше 100 символов 1642
1643,1,2025-09-09 09:04:11.421787,Заголовок про программирование 1643,Текст про программирование должен быть больше 100 символов 1643
1644,2,2025-09-09 09:04:11.421788,Заголовок про программирование 1644,Текст про программирование должен быть больше 100 символов 1644
1645,3,2025-09-09 09:04:11.421789,Заголовок про программирование 1645,Текст про программирование должен быть больше 100 символов 1645
1646,2,2025-09-09 09:04:11.421790,Заголовок про программирование 1646,Текст про программирование должен быть больше 100 символов 1646
1647,2,2025-09-09 09:04:11.421791,Заголовок про программирование 1647,Текст про программирование должен быть больше 100 символов 1647
1648,2,2025-09-09 09:04:11.421792,Заголовок про программирование 1648,Текст про программирование должен быть больше 100 символов 1648
1649,1,2025-09-09 09:04:11.421793,Заголовок про программирование 1649,Текст про программирование должен быть больше 100 символов 1649
1650,3,2025-09-09 09:04:11.421794,Заголовок про программирование 1650,Текст про программирование должен быть больше 100 символов 1650
1651,1,2025-09-09 09:04:11.421795,Заголовок про программирование 1651,Текст про программирование должен быть больше 100 символов 1651
1652,2,2025-09-09 09:04:11.421796,Заголовок про программирование 1652,Текст про программирование должен быть больше 100 символов 1652
1653,3,2025-09-09 09:04:11.421797,Заголовок про программирование 1653,Текст про программирование должен быть больше 100 символов 1653
1654,3,2025-09-09 09:04:11.421798,Заголовок про программирование 1654,Текст про программирование должен быть больше 100 символов 1654
1655,3,2025-09-09 09:04:11.421799,Заголовок про программирование 1655,Текст про программирование должен быть больше 100 символов 1655
1656,3,2025-09-09 09:04:11.421800,Заголовок про программирование 1656,Текст про программирование должен быть больше 100 символов 1656
1657,1,2025-09-09 09:04:11.421801,Заголовок про программирование 1657,Текст про программирование должен быть больше 100 символов 1657
1658,2,2025-09-09 09:04:11.421802,Заголовок про программирование 1658,Текст про программирование должен быть больше 100 символов 1658
1659,1,2025-09-09 09:04:11.421803,Заголовок про программирование 1659,Текст про программирование должен быть больше 100 символов 1659
1660,2,2025-09-09 09:04:11.421804,Заголовок про программирование 1660,Текст про программирование должен быть больше 100 символов 1660
1661,2,2025-09-09 09:04:11.421805,Заголовок про программирование 1661,Текст про программирование должен быть больше 100 символов 1661
1662,1,2025-09-09 09:04:11.421806,Заголовок про программирование 1662,Текст про программирование должен быть больше 100 символов 1662
1663,2,2025-09-09 09:04:11.421807,Заголовок про программирование 1663,Текст про программирование должен быть больше 100 символов 1663
1664,1,2025-09-09 09:04:11.421808,Заголовок про программирование 1664,Текст про программирование должен быть больше 100 символов 1664
1665,3,2025-09-09 09:04:11.421809,Заголовок про программирование 1665,Текст про программирование должен быть больше 100 символов 1665
1666,1,2025-09-09 09:04:11.421810,Заголовок про программирование 1666,Текст про программирование должен быть больше 100 символов 1666
1667,1,2025-09-09 09:04:11.421811,Заголовок про программирование 1667,Текст про программирование должен быть больше 100 символов 1667
1668,3,2025-09-09 09:04:11.421812,Заголовок про программирование 1668,Текст про программирование должен быть больше 100 символов 1668
1669,2,2025-09-09 09:04:11.421813,Заголовок про программирование 1669,Текст про программирование должен быть больше 100 символов 1669
1670,3,2025-09-09 09:04:11.421814,Заголовок про программирование 1670,Текст про программирование должен быть больше 100 символов 1670
1671,2,2025-09-09 09:04:11.421815,Заголовок про программирование 1671,Текст про программирование должен быть больше 100 символов 1671
1672,2,2025-09-09 09:04:11.421816,Заголовок про программирование 1672,Текст про программирование должен быть больше 100 символов 1672
1673,3,2025-09-09 09:04:11.421817,Заголовок про программирование 1673,Текст про программирование должен быть больше 100 символов 1673
1674,1,2025-09-09 09:04:11.421818,Заголовок про программирование 1674,Текст про программирование должен быть больше 100 символов 1674
1675,1,2025-09-09 09:04:11.421819,Заголовок про программирование 1675,Текст про программирование должен быть больше 100 символов 1675
1676,3,2025-09-09 09:04:11.421820,Заголовок про программирование 1676,Текст про программирование должен быть больше 100 символов 1676
1677,3,2025-09-09 09:04:11.421821,Заголовок про программирование 1677,Текст про программирование должен быть больше 100 символов 1677
1678,1,2025-09-09 09:04:11.421822,Заголовок про программирование 1678,Текст про программирование должен быть больше 100 символов 1678
1679,1,2025-09-09 09:04:11.421823,Заголовок про программирование 1679,Текст про программирование должен быть больше 100 символов 1679
1680,3,2025-09-09 09:04:11.421824,Заголовок про программирование 1680,Текст про программирование должен быть больше 100 символов 1680
1681,1,2025-09-09 09:04:11.421825,Заголовок про программирование 1681,Текст про программирование должен быть больше 100 символов 1681
1682,1,2025-09-09 09:04:11.421826,Заголовок про программирование 1682,Текст про программирование должен быть больше 100 символов 1682
1683,2,2025-09-09 09:04:11.421827,Заголовок про программирование 1683,Текст про программирование должен быть больше 100 символов 1683
1684,3,2025-09-09 09:04:11.421828,Заголовок про программирование 1684,Текст про программирование должен быть больше 100 символов 1684
1685,2,2025-09-09 09:04:11.421829,Заголовок про программирование 1685,Текст про программирование должен быть больше 100 символов 1685
1686,1,2025-09-09 09:04:11.421830,Заголовок про программирование 1686,Текст про программирование должен быть больше 100 символов 1686
1687,2,2025-09-09 09:04:11.421831,Заголовок про программирование 1687,Текст про программирование должен быть больше 100 символов 1687
1688,2,2025-09-09 09:04:11.421832,Заголовок про программирование 1688,Текст про программирование должен быть больше 100 символов 1688
1689,1,2025-09-09 09:04:11.421833,Заголовок про программирование 1689,Текст про программирование должен быть больше 100 символов 1689
1690,1,2025-09-09 09:04:11.421834,Заголовок про программирование 1690,Текст про программирование должен быть больше 100 символов 1690
1691,1,2025-09-09 09:04:11.421835,Заголовок про программирование 1691,Текст про программирование должен быть больше 100 символов 1691
1692,2,2025-09-09 09:04:11.421836,Заголовок про программирование 1692,Текст про программирование должен быть больше 100 символов 1692
1693,2,2025-09-09 09:04:11.421837,Заголовок про программирование 1693,Текст про программирование должен быть больше 100 символов 1693
1694,2,2025-09-09 09:04:11.421838,Заголовок про программирование 1694,Текст про программирование должен быть больше 100 символов 1694
1695,1,2025-09-09 09:04:11.421839,Заголовок про программирование 1695,Текст про программирование должен быть больше 100 символов 1695
1696,2,2025-09-09 09:04:11.421840,Заголовок про программирование 1696,Текст про программирование должен быть больше 100 символов 1696
1697,1,2025-09-09 09:04:11.421841,Заголовок про программирование 1697,Текст про программирование должен быть больше 100 символов 1697
1698,2,2025-09-09 09:04:11.421842,Заголовок про программирование 1698,Текст про программирование должен быть больше 100 символов 1698
1699,3,2025-09-09 09:04:11.421843,Заголовок про программирование 1699,Текст про программирование должен быть больше 100 символов 1699
1700,1,2025-09-09 09:04:11.421844,Заголовок про программирование 1700,Текст про программирование должен быть больше 100 символов 1700
1701,1,2025-09-09 09:04:11.421845,Заголовок про программирование 1701,Текст про программирование должен быть больше 100 символов 1701
1702,1,2025-09-09 09:04:11.421846,Заголовок про программирование 1702,Текст про программирование должен быть больше 100 символов 1702
1703,2,2025-09-09 09:04:11.421847,Заголовок про программирование 1703,Текст про программирование должен быть больше 100 символов 1703
1704,2,2025-09-09 09:04:11.421848,Заголовок про программирование 1704,Текст про программирование должен быть больше 100 символов 1704
1705,2,2025-09-09 09:04:11.421849,Заголовок про программирование 1705,Текст про программирование должен быть больше 100 символов 1705
1706,1,2025-09-09 09:04:11.421850,Заголовок про программирование 1706,Текст про программирование должен быть больше 100 символов 1706
1707,1,2025-09-09 09:04:11.421851,Заголовок про программирование 1707,Текст про программирование должен быть больше 100 символов 1707
1708,3,2025-09-09 09:04:11.421852,Заголовок про программирование 1708,Текст про программирование должен быть больше 100 символов 1708
1709,2,2025-09-09 09:04:11.421853,Заголовок про программирование 1709,Текст про программирование должен быть больше 100 символов 1709
1710,1,2025-09-09 09:04:11.421854,Заголовок про программирование 1710,Текст про программирование должен быть больше 100 символов 1710
1711,2,2025-09-09 09:04:11.421855,Заголовок про программирование 1711,Текст про программирование должен быть больше 100 символов 1711
1712,2,2025-09-09 09:04:11.421856,Заголовок про программирование 1712,Текст про программирование должен быть больше 100 символов 1712
1713,1,2025-09-09 09:04:11.421857,Заголовок про программирование 1713,Текст про программирование должен быть больше 100 символов 1713
1714,2,2025-09-09 09:04:11.421858,Заголовок про программирование 1714,Текст про программирование должен быть больше 100 символов 1714
1715,2,2025-09-09 09:04:11.421859,Заголовок про программирование 1715,Текст про программирование должен быть больше 100 символов 1715
1716,3,2025-09-09 09:04:11.421860,Заголовок про программирование 1716,Текст про программирование должен быть больше 100 символов 1716
1717,1,2025-09-09 09:04:11.421861,Заголовок про программирование 1717,Текст про программирование должен быть больше 100 символов 1717
1718,1,2025-09-09 09:04:11.421862,Заголовок про программирование 1718,Текст про программирование должен быть больше 100 символов 1718
1719,3,2025-09-09 09:04:11.421863,Заголовок про программирование 1719,Текст про программирование должен быть больше 100 символов 1719
1720,3,2025-09-09 09:04:11.421864,Заголовок про программирование 1720,Текст про программирование должен быть больше 100 символов 1720
1721,2,2025-09-09 09:04:11.421865,Заголовок про программирование 1721,Текст про программирование должен быть больше 100 символов 1721
1722,1,2025-09-09 09:04:11.421866,Заголовок про программирование 1722,Текст про программирование должен быть больше 100 символов 1722
1723,2,2025-09-09 09:04:11.421867,Заголовок про программирование 1723,Текст про программирование должен быть больше 100 символов 1723
1724,2,2025-09-09 09:04:11.421868,Заголовок про программирование 1724,Текст про программирование должен быть больше 100 символов 1724
1725,1,2025-09-09 09:04:11.421869,Заголовок про программирование 1725,Текст про программирование должен быть больше 100 символов 1725
1726,1,2025-09-09 09:04:11.421870,Заголовок про программирование 1726,Текст про программирование должен быть больше 100 символов 1726
1727,3,2025-09-09 09:04:11.421871,Заголовок про программирование 1727,Текст про программирование должен быть больше 100 символов 1727
1728,2,2025-09-09 09:04:11.421872,Заголовок про программирование 1728,Текст про программирование должен быть больше 100 символов 1728
1729,3,2025-09-09 09:04:11.421873,Заголовок про программирование 1729,Текст про программирование должен быть больше 100 символов 1729
1730,3,2025-09-09 09:04:11.421874,Заголовок про программирование 1730,Текст про программирование должен быть больше 100 символов 1730
1731,3,2025-09-09 09:04:11.421875,Заголовок про программирование 1731,Текст про программирование должен быть больше 100 символов 1731
1732,3,2025-09-09 09:04:11.421876,Заголовок про программирование 1732,Текст про программирование должен быть больше 100 символов 1732
1733,2,2025-09-09 09:04:11.421877,Заголовок про программирование 1733,Текст про программирование должен быть больше 100 символов 1733
1734,3,2025-09-09 09:04:11.421878,Заголовок про программирование 1734,Текст про программирование должен быть больше 100 символов 1734
1735,3,2025-09-09 09:04:11.421879,Заголовок про программирование 1735,Текст про программирование должен быть больше 100 символов 1735
1736,3,2025-09-09 09:04:11.421880,Заголовок про программирование 1736,Текст про программирование должен быть больше 100 символов 1736
1737,1,2025-09-09 09:04:11.421881,Заголовок про программирование 1737,Текст про программирование должен быть больше 100 символов 1737
1738,1,2025-09-09 09:04:11.421882,Заголовок про программирование 1738,Текст про программирование должен быть больше 100 символов 1738
1739,2,2025-09-09 09:04:11.421883,Заголовок про программирование 1739,Текст про программирование должен быть больше 100 символов 1739
1740,3,2025-09-09 09:04:11.421884,Заголовок про программирование 1740,Текст про программирование должен быть больше 100 символов 1740
1741,1,2025-09-09 09:04:11.421885,Заголовок про программирование 1741,Текст про программирование должен быть больше 100 символов 1741
1742,1,2025-09-09 09:04:11.421886,Заголовок про программирование 1742,Текст про программирование должен быть больше 100 символов 1742
1743,2,2025-09-09 09:04:11.421887,Заголовок про программирование 1743,Текст про программирование должен быть больше 100 символов 1743
1744,1,2025-09-09 09:04:11.421888,Заголовок про программирование 1744,Текст про программирование должен быть больше 100 символов 1744
1745,1,2025-09-09 09:04:11.421889,Заголовок про программирование 1745,Текст про программирование должен быть больше 100 символов 1745
1746,1,2025-09-09 09:04:11.421890,Заголовок про программирование 1746,Текст про программирование должен быть больше 100 символов 1746
1747,1,2025-09-09 09:04:11.421891,Заголовок про программирование 1747,Текст про программирование должен быть больше 100 символов 1747
1748,1,2025-09-09 09:04:11.421892,Заголовок про программирование 1748,Текст про программирование должен быть больше 100 символов 1748
1749,2,2025-09-09 09:04:11.421893,Заголовок про программирование 1749,Текст про программирование должен быть больше 100 символов 1749
1750,2,2025-09-09 09:04:11.421894,Заголовок про программирование 1750,Текст про программирование должен быть больше 100 символов 1750
1751,3,2025-09-09 09:04:11.421895,Заголовок про программирование 1751,Текст про программирование должен быть больше 100 символов 1751
1752,2,2025-09-09 09:04:11.421896,Заголовок про программирование 1752,Текст про программирование должен быть больше 100 символов 1752
1753,1,2025-09-09 09:04:11.421897,Заголовок про программирование 1753,Текст про программирование должен быть больше 100 символов 1753
1754,2,2025-09-09 09:04:11.421898,Заголовок про программирование 1754,Текст про программирование должен быть больше 100 символов 1754
1755,2,2025-09-09 09:04:11.421899,Заголовок про программирование 1755,Текст про программирование должен быть больше 100 символов 1755
1756,1,2025-09-09 09:04:11.421900,Заголовок про программирование 1756,Текст про программирование должен быть больше 100 символов 1756
1757,1,2025-09-09 09:04:11.421901,Заголовок про программирование 1757,Текст про программирование должен быть больше 100 символов 1757
1758,1,2025-09-09 09:04:11.421902,Заголовок про программирование 1758,Текст про программирование должен быть больше 100 символов 1758
1759,3,2025-09-09 09:04:11.421903,Заголовок про программирование 1759,Текст про программирование должен быть больше 100 символов 1759
1760,2,2025-09-09 09:04:11.421904,Заголовок про программирование 1760,Текст про программирование должен быть больше 100 символов 1760
1761,2,2025-09-09 09:04:11.421905,Заголовок про программирование 1761,Текст про программирование должен быть больше 100 символов 1761
1762,1,2025-09-09 09:04:11.421906,Заголовок про программирование 1762,Текст про программирование должен быть больше 100 символов 1762
1763,3,2025-09-09 09:04:11.421907,Заголовок про программирование 1763,Текст про программирование должен быть больше 100 символов 1763
1764,2,2025-09-09 09:04:11.421908,Заголовок про программирование 1764,Текст про программирование должен быть больше 100 символов 1764
1765,1,2025-09-09 09:04:11.421909,Заголовок про программирование 1765,Текст про программирование должен быть больше 100 символов 1765
1766,2,2025-09-09 09:04:11.421910,Заголовок про программирование 1766,Текст про программирование должен быть больше 100 символов 1766
1767,3,2025-09-09 09:04:11.421911,Заголовок про программирование 1767,Текст про программирование должен быть больше 100 символов 1767
1768,2,2025-09-09 09:04:11.421912,Заголовок про программирование 1768,Текст про программирование должен быть больше 100 символов 1768
1769,2,2025-09-09 09:04:11.421913,Заголовок про программирование 1769,Текст про программирование должен быть больше 100 символов 1769
1770,2,2025-09-09 09:04:11.421914,Заголовок про программирование 1770,Текст про программирование должен быть больше 100 символов 1770
1771,3,2025-09-09 09:04:11.421915,Заголовок про программирование 1771,Текст про программирование должен быть больше 100 символов 1771
1772,2,2025-09-09 09:04:11.421916,Заголовок про программирование 1772,Текст про программирование должен быть больше 100 символов 1772
1773,3,2025-09-09 09:04:11.421917,Заголовок про программирование 1773,Текст про программирование должен быть больше 100 символов 1773
1774,1,2025-09-09 09:04:11.421918,Заголовок про программирование 1774,Текст про программирование должен быть больше 100 символов 1774
1775,3,2025-09-09 09:04:11.421919,Заголовок про программирование 1775,Текст про программирование должен быть больше 100 символов 1775
1776,2,2025-09-09 09:04:11.421920,Заголовок про программирование 1776,Текст про программирование должен быть больше 100 символов 1776
1777,1,2025-09-09 09:04:11.421921,Заголовок про программирование 1777,Текст про программирование должен быть больше 100 символов 1777
1778,2,2025-09-09 09:04:11.421922,Заголовок про программирование 1778,Текст про программирование должен быть больше 100 символов 1778
1779,1,2025-09-09 09:04:11.421923,Заголовок про программирование 1779,Текст про программирование должен быть больше 100 символов 1779
1780,3,2025-09-09 09:04:11.421924,Заголовок про программирование 1780,Текст про программирование должен быть больше 100 символов 1780
1781,2,2025-09-09 09:04:11.421925,Заголовок про программирование 1781,Текст про программирование должен быть больше 100 символов 1781
1782,2,2025-09-09 09:04:11.421926,Заголовок про программирование 1782,Текст про программирование должен быть больше 100 символов 1782
1783,3,2025-09-09 09:04:11.421927,Заголовок про программирование 1783,Текст про программирование должен быть больше 100 символов 1783
1784,1,2025-09-09 09:04:11.421928,Заголовок про программирование 1784,Текст про программирование должен быть больше 100 символов 1784
1785,2,2025-09-09 09:04:11.421929,Заголовок про программирование 1785,Текст про программирование должен быть больше 100 символов 1785
1786,2,2025-09-09 09:04:11.421930,Заголовок про программирование 1786,Текст про программирование должен быть больше 100 символов 1786
1787,3,2025-09-09 09:04:11.421931,Заголовок про программирование 1787,Текст про программирование должен быть больше 100 символов 1787
1788,2,2025-09-09 09:04:11.421932,Заголовок про программирование 1788,Текст про программирование должен быть больше 100 символов 1788
1789,3,2025-09-09 09:04:11.421933,Заголовок про программирование 1789,Текст про программирование должен быть больше 100 символов 1789
1790,3,2025-09-09 09:04:11.421934,Заголовок про программирование 1790,Текст про программирование должен быть больше 100 символов 1790
1791,3,2025-09-09 09:04:11.421935,Заголовок про программирование 1791,Текст про программирование должен быть больше 100 символов 1791
1792,2,2025-09-09 09:04:11.421936,Заголовок про программирование 1792,Текст про программирование должен быть больше 100 символов 1792
1793,3,2025-09-09 09:04:11.421937,Заголовок про программирование 1793,Текст про программирование должен быть больше 100 символов 1793
1794,3,2025-09-09 09:04:11.421938,Заголовок про программирование 1794,Текст про программирование должен быть больше 100 символов 1794
1795,3,2025-09-09 09:04:11.421939,Заголовок про программирование 1795,Текст про программирование должен быть больше 100 символов 1795
1796,2,2025-09-09 09:04:11.421940,Заголовок про программирование 1796,Текст про программирование должен быть больше 100 символов 1796
1797,3,2025-09-09 09:04:11.421941,Заголовок про программирование 1797,Текст про программирование должен быть больше 100 символов 1797
1798,3,2025-09-09 09:04:11.421942,Заголовок про программирование 1798,Текст про программирование должен быть больше 100 символов 1798
1799,3,2025-09-09 09:04:11.421943,Заголовок про программирование 1799,Текст про программирование должен быть больше 100 символов 1799
1800,1,2025-09-09 09:04:11.421944,Заголовок про программирование 1800,Текст про программирование должен быть больше 100 символов 1800
1801,1,2025-09-09 09:04:11.421945,Заголовок про программирование 1801,Текст про программирование должен быть больше 100 символов 1801
1802,1,2025-09-09 09:04:11.421946,Заголовок про программирование 1802,Текст про программирование должен быть больше 100 символов 1802
1803,1,2025-09-09 09:04:11.421947,Заголовок про программирование 1803,Текст про программирование должен быть больше 100 символов 1803
1804,2,2025-09-09 09:04:11.421948,Заголовок про программирование 1804,Текст про программирование должен быть больше 100 символов 1804
1805,2,2025-09-09 09:04:11.421949,Заголовок про программирование 1805,Текст про программирование должен быть больше 100 символов 1805
1806,1,2025-09-09 09:04:11.421950,Заголовок про программирование 1806,Текст про программирование должен быть больше 100 символов 1806
1807,1,2025-09-09 09:04:11.421951,Заголовок про программирование 1807,Текст про программирование должен быть больше 100 символов 1807
1808,1,2025-09-09 09:04:11.421952,Заголовок про программирование 1808,Текст про программирование должен быть больше 100 символов 1808
1809,1,2025-09-09 09:04:11.421953,Заголовок про программирование 1809,Текст про программирование должен быть больше 100 символов 1809
1810,1,2025-09-09 09:04:11.421954,Заголовок про программирование 1810,Текст про программирование должен быть больше 100 символов 1810
1811,1,2025-09-09 09:04:11.421955,Заголовок про программирование 1811,Текст про программирование должен быть больше 100 символов 1811
1812,3,2025-09-09 09:04:11.421956,Заголовок про программирование 1812,Текст про программирование должен быть больше 100 символов 1812
1813,1,2025-09-09 09:04:11.421957,Заголовок про программирование 1813,Текст про программирование должен быть больше 100 символов 1813
1814,2,2025-09-09 09:04:11.421958,Заголовок про программирование 1814,Текст про программирование должен быть больше 100 символов 1814
1815,2,2025-09-09 09:04:11.421959,Заголовок про программирование 1815,Текст про программирование должен быть больше 100 символов 1815
1816,1,2025-09-09 09:04:11.421960,Заголовок про программирование 1816,Текст про программирование должен быть больше 100 символов 1816
1817,3,2025-09-09 09:04:11.421961,Заголовок про программирование 1817,Текст про программирование должен быть больше 100 символов 1817
1818,3,2025-09-09 09:04:11.421962,Заголовок про программирование 1818,Текст про программирование должен быть больше 100 символов 1818
1819,1,2025-09-09 09:04:11.421963,Заголовок про программирование 1819,Текст про программирование должен быть больше 100 символов 1819
1820,1,2025-09-09 09:04:11.421964,Заголовок про программирование 1820,Текст про программирование должен быть больше 100 символов 1820
1821,1,2025-09-09 09:04:11.421965,Заголовок про программирование 1821,Текст про программирование должен быть больше 100 символов 1821
1822,1,2025-09-09 09:04:11.421966,Заголовок про программирование 1822,Текст про программирование должен быть больше 100 символов 1822
1823,1,2025-09-09 09:04:11.421967,Заголовок про программирование 1823,Текст про программирование должен быть больше 100 символов 1823
1824,1,2025-09-09 09:04:11.421968,Заголовок про программирование 1824,Текст про программирование должен быть больше 100 символов 1824
1825,1,2025-09-09 09:04:11.421969,Заголовок про программирование 1825,Текст про программирование должен быть больше 100 символов 1825
1826,1,2025-09-09 09:04:11.421970,Заголовок про программирование 1826,Текст про программирование должен быть больше 100 символов 1826
1827,3,2025-09-09 09:04:11.421971,Заголовок про программирование 1827,Текст про программирование должен быть больше 100 символов 1827
1828,3,2025-09-09 09:04:11.421972,Заголовок про программирование 1828,Текст про программирование должен быть больше 100 символов 1828
1829,3,2025-09-09 09:04:11.421973,Заголовок про программирование 1829,Текст про программирование должен быть больше 100 символов 1829
1830,1,2025-09-09 09:04:11.421974,Заголовок про программирование 1830,Текст про программирование должен быть больше 100 символов 1830
1831,3,2025-09-09 09:04:11.421975,Заголовок про программирование 1831,Текст про программирование должен быть больше 100 символов 1831
1832,3,2025-09-09 09:04:11.421976,Заголовок про программирование 1832,Текст про программирование должен быть больше 100 символов 1832
1833,3,2025-09-09 09:04:11.421977,Заголовок про программирование 1833,Текст про программирование должен быть больше 100 символов 1833
1834,2,2025-09-09 09:04:11.421978,Заголовок про программирование 1834,Текст про программирование должен быть больше 100 символов 1834
1835,1,2025-09-09 09:04:11.421979,Заголовок про программирование 1835,Текст про программирование должен быть больше 100 символов 1835
1836,3,2025-09-09 09:04:11.421980,Заголовок про программирование 1836,Текст про программирование должен быть больше 100 символов 1836
1837,2,2025-09-09 09:04:11.421981,Заголовок про программирование 1837,Текст про программирование должен быть больше 100 символов 1837
1838,2,2025-09-09 09:04:11.421982,Заголовок про программирование 1838,Текст про программирование должен быть больше 100 символов 1838
1839,1,2025-09-09 09:04:11.421983,Заголовок про программирование 1839,Текст про программирование должен быть больше 100 символов 1839
1840,1,2025-09-09 09:04:11.421984,Заголовок про программирование 1840,Текст про программирование должен быть больше 100 символов 1840
1841,1,2025-09-09 09:04:11.421985,Заголовок про программирование 1841,Текст про программирование должен быть больше 100 символов 1841
1842,1,2025-09-09 09:04:11.421986,Заголовок про программирование 1842,Текст про программирование должен быть больше 100 символов 1842
1843,2,2025-09-09 09:04:11.421987,Заголовок про программирование 1843,Текст про программирование должен быть больше 100 символов 1843
1844,1,2025-09-09 09:04:11.421988,Заголовок про программирование 1844,Текст про программирование должен быть больше 100 символов 1844
1845,3,2025-09-09 09:04:11.421989,Заголовок про программирование 1845,Текст про программирование должен быть больше 100 символов 1845
1846,3,2025-09-09 09:04:11.421990,Заголовок про программирование 1846,Текст про программирование должен быть больше 100 символов 1846
1847,2,2025-09-09 09:04:11.421991,Заголовок про программирование 1847,Текст про программирование должен быть больше 100 символов 1847
1848,1,2025-09-09 09:04:11.421992,Заголовок про программирование 1848,Текст про программирование должен быть больше 100 символов 1848
1849,2,2025-09-09 09:04:11.421993,Заголовок про программирование 1849,Текст про программирование должен быть больше 100 символов 1849
1850,1,2025-09-09 09:04:11.421994,Заголовок про программирование 1850,Текст про программирование должен быть больше 100 символов 1850
1851,3,2025-09-09 09:04:11.421995,Заголовок про программирование 1851,Текст про программирование должен быть больше 100 символов 1851
1852,2,2025-09-09 09:04:11.421996,Заголовок про программирование 1852,Текст про программирование должен быть больше 100 символов 1852
1853,3,2025-09-09 09:04:11.421997,Заголовок про программирование 1853,Текст про программирование должен быть больше 100 символов 1853
1854,1,2025-09-09 09:04:11.421998,Заголовок про программирование 1854,Текст про программирование должен быть больше 100 символов 1854
1855,2,2025-09-09 09:04:11.421999,Заголовок про программирование 1855,Текст про программирование должен быть больше 100 символов 1855
1856,1,2025-09-09 09:04:11.422000,Заголовок про программирование 1856,Текст про программирование должен быть больше 100 символов 1856
1857,1,2025-09-09 09:04:11.422001,Заголовок про программирование 1857,Текст про программирование должен быть больше 100 символов 1857
1858,1,2025-09-09 09:04:11.422002,Заголовок про программирование 1858,Текст про программирование должен быть больше 100 символов 1858
1859,2,2025-09-09 09:04:11.422003,Заголовок про программирование 1859,Текст про программирование должен быть больше 100 символов 1859
1860,2,2025-09-09 09:04:11.422004,Заголовок про программирование 1860,Текст про программирование должен быть больше 100 символов 1860
1861,2,2025-09-09 09:04:11.422005,Заголовок про программирование 1861,Текст про программирование должен быть больше 100 символов 1861
1862,3,2025-09-09 09:04:11.422006,Заголовок про программирование 1862,Текст про программирование должен быть больше 100 символов 1862
1863,1,2025-09-09 09:04:11.422007,Заголовок про программирование 1863,Текст про программирование должен быть больше 100 символов 1863
1864,1,2025-09-09 09:04:11.422008,Заголовок про программирование 1864,Текст про программирование должен быть больше 100 символов 1864
1865,1,2025-09-09 09:04:11.422009,Заголовок про программирование 1865,Текст про программирование должен быть больше 100 символов 1865
1866,2,2025-09-09 09:04:11.422010,Заголовок про программирование 1866,Текст про программирование должен быть больше 100 символов 1866
1867,3,2025-09-09 09:04:11.422011,Заголовок про программирование 1867,Текст про программирование должен быть больше 100 символов 1867
1868,3,2025-09-09 09:04:11.422012,Заголовок про программирование 1868,Текст про программирование должен быть больше 100 символов 1868
1869,2,2025-09-09 09:04:11.422013,Заголовок про программирование 1869,Текст про программирование должен быть больше 100 символов 1869
1870,1,2025-09-09 09:04:11.422014,Заголовок про программирование 1870,Текст про программирование должен быть больше 100 символов 1870
1871,3,2025-09-09 09:04:11.422015,Заголовок про программирование 1871,Текст про программирование должен быть больше 100 символов 1871
1872,1,2025-09-09 09:04:11.422016,Заголовок про программирование 1872,Текст про программирование должен быть больше 100 символов 1872
1873,3,2025-09-09 09:04:11.422017,Заголовок про программирование 1873,Текст про программирование должен быть больше 100 символов 1873
1874,1,2025-09-09 09:04:11.422018,Заголовок про программирование 1874,Текст про программирование должен быть больше 100 символов 1874
1875,2,2025-09-09 09:04:11.422019,Заголовок про программирование 1875,Текст про программирование должен быть больше 100 символов 1875
1876,3,2025-09-09 09:04:11.422020,Заголовок про программирование 1876,Текст про программирование должен быть больше 100 символов 1876
1877,2,2025-09-09 09:04:11.422021,Заголовок про программирование 1877,Текст про программирование должен быть больше 100 символов 1877
1878,1,2025-09-09 09:04:11.422022,Заголовок про программирование 1878,Текст про программирование должен быть больше 100 символов 1878
1879,1,2025-09-09 09:04:11.422023,Заголовок про программирование 1879,Текст про программирование должен быть больше 100 символов 1879
1880,2,2025-09-09 09:04:11.422024,Заголовок про программирование 1880,Текст про программирование должен быть больше 100 символов 1880
1881,2,2025-09-09 09:04:11.422025,Заголовок про программирование 1881,Текст про программирование должен быть больше 100 символов 1881
1882,2,2025-09-09 09:04:11.422026,Заголовок про программирование 1882,Текст про программирование должен быть больше 100 символов 1882
1883,1,2025-09-09 09:04:11.422027,Заголовок про программирование 1883,Текст про программирование должен быть больше 100 символов 1883
1884,1,2025-09-09 09:04:11.422028,Заголовок про программирование 1884,Текст про программирование должен быть больше 100 символов 1884
1885,3,2025-09-09 09:04:11.422029,Заголовок про программирование 1885,Текст про программирование должен быть больше 100 символов 1885
1886,1,2025-09-09 09:04:11.422030,Заголовок про программирование 1886,Текст про программирование должен быть больше 100 символов 1886
1887,3,2025-09-09 09:04:11.422031,Заголовок про программирование 1887,Текст про программирование должен быть больше 100 символов 1887
1888,3,2025-09-09 09:04:11.422032,Заголовок про программирование 1888,Текст про программирование должен быть больше 100 символов 1888
1889,1,2025-09-09 09:04:11.422033,Заголовок про программирование 1889,Текст про программирование должен быть больше 100 символов 1889
1890,3,2025-09-09 09:04:11.422034,Заголовок про программирование 1890,Текст про программирование должен быть больше 100 символов 1890
1891,3,2025-09-09 09:04:11.422035,Заголовок про программирование 1891,Текст про программирование должен быть больше 100 символов 1891
1892,2,2025-09-09 09:04:11.422036,Заголовок про программирование 1892,Текст про программирование должен быть больше 100 символов 1892
1893,3,2025-09-09 09:04:11.422037,Заголовок про программирование 1893,Текст про программирование должен быть больше 100 символов 1893
1894,3,2025-09-09 09:04:11.422038,Заголовок про программирование 1894,Текст про программирование должен быть больше 100 символов 1894
1895,3,2025-09-09 09:04:11.422039,Заголовок про программирование 1895,Текст про программирование должен быть больше 100 символов 1895
1896,1,2025-09-09 09:04:11.422040,Заголовок про программирование 1896,Текст про программирование должен быть больше 100 символов 1896
1897,1,2025-09-09 09:04:11.422041,Заголовок про программирование 1897,Текст про программирование должен быть больше 100 символов 1897
1898,1,2025-09-09 09:04:11.422042,Заголовок про программирование 1898,Текст про программирование должен быть больше 100 символов 1898
1899,1,2025-09-09 09:04:11.422043,Заголовок про программирование 1899,Текст про программирование должен быть больше 100 символов 1899
1900,1,2025-09-09 09:04:11.422044,Заголовок про программирование 1900,Текст про программирование должен быть больше 100 символов 1900
1901,3,2025-09-09 09:04:11.422045,Заголовок про программирование 1901,Текст про программирование должен быть больше 100 символов 1901
1902,2,2025-09-09 09:04:11.422046,Заголовок про программирование 1902,Текст про программирование должен быть больше 100 символов 1902
1903,1,2025-09-09 09:04:11.422047,Заголовок про программирование 1903,Текст про программирование должен быть больше 100 символов 1903
1904,2,2025-09-09 09:04:11.422048,Заголовок про программирование 1904,Текст про программирование должен быть больше 100 символов 1904
1905,3,2025-09-09 09:04:11.422049,Заголовок про программирование 1905,Текст про программирование должен быть больше 100 символов 1905
1906,2,2025-09-09 09:04:11.422050,Заголовок про программирование 1906,Текст про программирование должен быть больше 100 символов 1906
1907,2,2025-09-09 09:04:11.422051,Заголовок про программирование 1907,Текст про программирование должен быть больше 100 символов 1907
1908,2,2025-09-09 09:04:11.422052,Заголовок про программирование 1908,Текст про программирование должен быть больше 100 символов 1908
1909,3,2025-09-09 09:04:11.422053,Заголовок про программирование 1909,Текст про программирование должен быть больше 100 символов 1909
1910,3,2025-09-09 09:04:11.422054,Заголовок про программирование 1910,Текст про программирование должен быть больше 100 символов 1910
1911,2,2025-09-09 09:04:11.422055,Заголовок про программирование 1911,Текст про программирование должен быть больше 100 символов 1911
1912,1,2025-09-09 09:04:11.422056,Заголовок про программирование 1912,Текст про программирование должен быть больше 100 символов 1912
1913,1,2025-09-09 09:04:11.422057,Заголовок про программирование 1913,Текст про программирование должен быть больше 100 символов 1913
1914,3,2025-09-09 09:04:11.422058,Заголовок про программирование 1914,Текст про программирование должен быть больше 100 символов 1914
1915,3,2025-09-09 09:04:11.422059,Заголовок про программирование 1915,Текст про программирование должен быть больше 100 символов 1915
1916,1,2025-09-09 09:04:11.422060,Заголовок про программирование 1916,Текст про программирование должен быть больше 100 символов 1916
1917,3,2025-09-09 09:04:11.422061,Заголовок про программирование 1917,Текст про программирование должен быть больше 100 символов 1917
1918,2,2025-09-09 09:04:11.422062,Заголовок про программирование 1918,Текст про программирование должен быть больше 100 символов 1918
1919,1,2025-09-09 09:04:11.422063,Заголовок про программирование 1919,Текст про программирование должен быть больше 100 символов 1919
1920,1,2025-09-09 09:04:11.422064,Заголовок про программирование 1920,Текст про программирование должен быть больше 100 символов 1920
1921,2,2025-09-09 09:04:11.422065,Заголовок про программирование 1921,Текст про программирование должен быть больше 100 символов 1921
1922,1,2025-09-09 09:04:11.422066,Заголовок про программирование 1922,Текст про программирование должен быть больше 100 символов 1922
1923,2,2025-09-09 09:04:11.422067,Заголовок про программирование 1923,Текст про программирование должен быть больше 100 символов 1923
1924,2,2025-09-09 09:04:11.422068,Заголовок про программирование 1924,Текст про программирование должен быть больше 100 символов 1924
1925,2,2025-09-09 09:04:11.422069,Заголовок про программирование 1925,Текст про программирование должен быть больше 100 символов 1925
1926,2,2025-09-09 09:04:11.422070,Заголовок про программирование 1926,Текст про программирование должен быть больше 100 символов 1926
1927,3,2025-09-09 09:04:11.422071,Заголовок про программирование 1927,Текст про программирование должен быть больше 100 символов 1927
1928,3,2025-09-09 09:04:11.422072,Заголовок про программирование 1928,Текст про программирование должен быть больше 100 символов 1928
1929,3,2025-09-09 09:04:11.422073,Заголовок про программирование 1929,Текст про программирование должен быть больше 100 символов 1929
1930,1,2025-09-09 09:04:11.422074,Заголовок про программирование 1930,Текст про программирование должен быть больше 100 символов 1930
1931,2,2025-09-09 09:04:11.422075,Заголовок про программирование 1931,Текст про программирование должен быть больше 100 символов 1931
1932,1,2025-09-09 09:04:11.422076,Заголовок про программирование 1932,Текст про программирование должен быть больше 100 символов 1932
1933,3,2025-09-09 09:04:11.422077,Заголовок про программирование 1933,Текст про программирование должен быть больше 100 символов 1933
1934,2,2025-09-09 09:04:11.422078,Заголовок про программирование 1934,Текст про программирование должен быть больше 100 символов 1934
1935,2,2025-09-09 09:04:11.422079,Заголовок про программирование 1935,Текст про программирование должен быть больше 100 символов 1935
1936,1,2025-09-09 09:04:11.422080,Заголовок про программирование 1936,Текст про программирование должен быть больше 100 символов 1936
1937,1,2025-09-09 09:04:11.422081,Заголовок про программирование 1937,Текст про программирование должен быть больше 100 символов 1937
1938,1,2025-09-09 09:04:11.422082,Заголовок про программирование 1938,Текст про программирование должен быть больше 100 символов 1938
1939,1,2025-09-09 09:04:11.422083,Заголовок про программирование 1939,Текст про программирование должен быть больше 100 символов 1939
1940,1,2025-09-09 09:04:11.422084,Заголовок про программирование 1940,Текст про программирование должен быть больше 100 символов 1940
1941,2,2025-09-09 09:04:11.422085,Заголовок про программирование 1941,Текст про программирование должен быть больше 100 символов 1941
1942,2,2025-09-09 09:04:11.422086,Заголовок про программирование 1942,Текст про программирование должен быть больше 100 символов 1942
1943,1,2025-09-09 09:04:11.422087,Заголовок про программирование 1943,Текст про программирование должен быть больше 100 символов 1943
1944,2,2025-09-09 09:04:11.422088,Заголовок про программирование 1944,Текст про программирование должен быть больше 100 символов 1944
1945,1,2025-09-09 09:04:11.422089,Заголовок про программирование 1945,Текст про программирование должен быть больше 100 символов 1945
1946,3,2025-09-09 09:04:11.422090,Заголовок про программирование 1946,Текст про программирование должен быть больше 100 символов 1946
1947,2,2025-09-09 09:04:11.422091,Заголовок про программирование 1947,Текст про программирование должен быть больше 100 символов 1947
1948,3,2025-09-09 09:04:11.422092,Заголовок про программирование 1948,Текст про программирование должен быть больше 100 символов 1948
1949,3,2025-09-09 09:04:11.422093,Заголовок про программирование 1949,Текст про программирование должен быть больше 100 символов 1949
1950,2,2025-09-09 09:04:11.422094,Заголовок про программирование 1950,Текст про программирование должен быть больше 100 символов 1950
1951,2,2025-09-09 09:04:11.422095,Заголовок про программирование 1951,Текст про программирование должен быть больше 100 символов 1951
1952,1,2025-09-09 09:04:11.422096,Заголовок про программирование 1952,Текст про программирование должен быть больше 100 символов 1952
1953,1,2025-09-09 09:04:11.422097,Заголовок про программирование 1953,Текст про программирование должен быть больше 100 символов 1953
1954,1,2025-09-09 09:04:11.422098,Заголовок про программирование 1954,Текст про программирование должен быть больше 100 символов 1954
1955,3,2025-09-09 09:04:11.422099,Заголовок про программирование 1955,Текст про программирование должен быть больше 100 символов 1955
1956,1,2025-09-09 09:04:11.422100,Заголовок про программирование 1956,Текст про программирование должен быть больше 100 символов 1956
1957,3,2025-09-09 09:04:11.422101,Заголовок про программирование 1957,Текст про программирование должен быть больше 100 символов 1957
1958,1,2025-09-09 09:04:11.422102,Заголовок про программирование 1958,Текст про программирование должен быть больше 100 символов 1958
1959,2,2025-09-09 09:04:11.422103,Заголовок про программирование 1959,Текст про программирование должен быть больше 100 символов 1959
1960,2,2025-09-09 09:04:11.422104,Заголовок про программирование 1960,Текст про программирование должен быть больше 100 символов 1960
1961,2,2025-09-09 09:04:11.422105,Заголовок про программирование 1961,Текст про программирование должен быть больше 100 символов 1961
1962,1,2025-09-09 09:04:11.422106,Заголовок про программирование 1962,Текст про программирование должен быть больше 100 символов 1962
1963,3,2025-09-09 09:04:11.422107,Заголовок про программирование 1963,Текст про программирование должен быть больше 100 символов 1963
1964,3,2025-09-09 09:04:11.422108,Заголовок про программирование 1964,Текст про программирование должен быть больше 100 символов 1964
1965,3,2025-09-09 09:04:11.422109,Заголовок про программирование 1965,Текст про программирование должен быть больше 100 символов 1965
1966,1,2025-09-09 09:04:11.422110,Заголовок про программирование 1966,Текст про программирование должен быть больше 100 символов 1966
1967,3,2025-09-09 09:04:11.422111,Заголовок про программирование 1967,Текст про программирование должен быть больше 100 символов 1967
1968,1,2025-09-09 09:04:11.422112,Заголовок про программирование 1968,Текст про программирование должен быть больше 100 символов 1968
1969,3,2025-09-09 09:04:11.422113,Заголовок про программирование 1969,Текст про программирование должен быть больше 100 символов 1969
1970,2,2025-09-09 09:04:11.422114,Заголовок про программирование 1970,Текст про программирование должен быть больше 100 символов 1970
1971,3,2025-09-09 09:04:11.422115,Заголовок про программирование 1971,Текст про программирование должен быть больше 100 символов 1971
1972,1,2025-09-09 09:04:11.422116,Заголовок про программирование 1972,Текст про программирование должен быть больше 100 символов 1972
1973,2,2025-09-09 09:04:11.422117,Заголовок про программирование 1973,Текст про программирование должен быть больше 100 символов 1973
1974,2,2025-09-09 09:04:11.422118,Заголовок про программирование 1974,Текст про программирование должен быть больше 100 символов 1974
1975,1,2025-09-09 09:04:11.422119,Заголовок про программирование 1975,Текст про программирование должен быть больше 100 символов 1975
1976,3,2025-09-09 09:04:11.422120,Заголовок про программирование 1976,Текст про программирование должен быть больше 100 символов 1976
1977,1,2025-09-09 09:04:11.422121,Заголовок про программирование 1977,Текст про программирование должен быть больше 100 символов 1977
1978,2,2025-09-09 09:04:11.422122,Заголовок про программирование 1978,Текст про программирование должен быть больше 100 символов 1978
1979,1,2025-09-09 09:04:11.422123,Заголовок про программирование 1979,Текст про программирование должен быть больше 100 символов 1979
1980,2,2025-09-09 09:04:11.422124,Заголовок про программирование 1980,Текст про программирование должен быть больше 100 символов 1980
1981,3,2025-09-09 09:04:11.422125,Заголовок про программирование 1981,Текст про программирование должен быть больше 100 символов 1981
1982,3,2025-09-09 09:04:11.422126,Заголовок про программирование 1982,Текст про программирование должен быть больше 100 символов 1982
1983,1,2025-09-09 09:04:11.422127,Заголовок про программирование 1983,Текст про программирование должен быть больше 100 символов 1983
1984,3,2025-09-09 09:04:11.422128,Заголовок про программирование 1984,Текст про программирование должен быть больше 100 символов 1984
1985,2,2025-09-09 09:04:11.422129,Заголовок про программирование 1985,Текст про программирование должен быть больше 100 символов 1985
1986,3,2025-09-09 09:04:11.422130,Заголовок про программирование 1986,Текст про программирование должен быть больше 100 символов 1986
1987,3,2025-09-09 09:04:11.422131,Заголовок про программирование 1987,Текст про программирование должен быть больше 100 символов 1987
1988,3,2025-09-09 09:04:11.422132,Заголовок про программирование 1988,Текст про программирование должен быть больше 100 символов 1988
1989,2,2025-09-09 09:04:11.422133,Заголовок про программирование 1989,Текст про программирование должен быть больше 100 символов 1989
1990,3,2025-09-09 09:04:11.422134,Заголовок про программирование 1990,Текст про программирование должен быть больше 100 символов 1990
1991,1,2025-09-09 09:04:11.422135,Заголовок про программирование 1991,Текст про программирование должен быть больше 100 символов 1991
1992,2,2025-09-09 09:04:11.422136,Заголовок про программирование 1992,Текст про программирование должен быть больше 100 символов 1992
1993,3,2025-09-09 09:04:11.422137,Заголовок про программирование 1993,Текст про программирование должен быть больше 100 символов 1993
1994,1,2025-09-09 09:04:11.422138,Заголовок про программирование 1994,Текст про программирование должен быть больше 100 символов 1994
1995,1,2025-09-09 09:04:11.422139,Заголовок про программирование 1995,Текст про программирование должен быть больше 100 символов 1995
1996,3,2025-09-09 09:04:11.422140,Заголовок про программирование 1996,Текст про программирование должен быть больше 100 символов 1996
1997,2,2025-09-09 09:04:11.422141,Заголовок про программирование 1997,Текст про программирование должен быть больше 100 символов 1997
1998,2,2025-09-09 09:04:11.422142,Заголовок про программирование 1998,Текст про программирование должен быть больше 100 символов 1998
1999,1,2025-09-09 09:04:11.422143,Заголовок про программирование 1999,Текст про программирование должен быть больше 100 символов 1999
2000,2,2025-09-09 09:04:11.422144,Заголовок про программирование 2000,Текст про программирование должен быть больше 100 символов 2000
2001,3,2025-09-09 09:04:11.422145,Заголовок про программирование 2001,Текст про программирование должен быть больше 100 символов 2001
2002,3,2025-09-09 09:04:11.422146,Заголовок про программирование 2002,Текст про программирование должен быть больше 100 символов 2002
2003,1,2025-09-09 09:04:11.422147,Заголовок про программирование 2003,Текст про программирование должен быть больше 100 символов 2003
2004,3,2025-09-09 09:04:11.422148,Заголовок про программирование 2004,Текст про программирование должен быть больше 100 символов 2004
2005,2,2025-09-09 09:04:11.422149,Заголовок про программирование 2005,Текст про программирование должен быть больше 100 символов 2005
2006,3,2025-09-09 09:04:11.422150,Заголовок про программирование 2006,Текст про программирование должен быть больше 100 символов 2006
2007,3,2025-09-09 09:04:11.422151,Заголовок про программирование 2007,Текст про программирование должен быть больше 100 символов 2007
2008,1,2025-09-09 09:04:11.422152,Заголовок про программирование 2008,Текст про программирование должен быть больше 100 символов 2008
2009,2,2025-09-09 09:04:11.422153,Заголовок про программирование 2009,Текст про программирование должен быть больше 100 символов 2009
2010,1,2025-09-09 09:04:11.422154,Заголовок про программирование 2010,Текст про программирование должен быть больше 100 символов 2010
2011,1,2025-09-09 09:04:11.422155,Заголовок про программирование 2011,Текст про программирование должен быть больше 100 символов 2011
2012,3,2025-09-09 09:04:11.422156,Заголовок про программирование 2012,Текст про программирование должен быть больше 100 символов 2012
2013,2,2025-09-09 09:04:11.422157,Заголовок про программирование 2013,Текст про программирование должен быть больше 100 символов 2013
2014,2,2025-09-09 09:04:11.422158,Заголовок про программирование 2014,Текст про программирование должен быть больше 100 символов 2014
2015,3,2025-09-09 09:04:11.422159,Заголовок про программирование 2015,Текст про программирование должен быть больше 100 символов 2015
2016,3,2025-09-09 09:04:11.422160,Заголовок про программирование 2016,Текст про программирование должен быть больше 100 символов 2016
2017,1,2025-09-09 09:04:11.422161,Заголовок про программирование 2017,Текст про программирование должен быть больше 100 символов 2017
2018,3,2025-09-09 09:04:11.422162,Заголовок про программирование 2018,Текст про программирование должен быть больше 100 символов 2018
2019,1,2025-09-09 09:04:11.422163,Заголовок про программирование 2019,Текст про программирование должен быть больше 100 символов 2019
2020,2,2025-09-09 09:04:11.422164,Заголовок про программирование 2020,Текст про программирование должен быть больше 100 символов 2020
2021,2,2025-09-09 09:04:11.422165,Заголовок про программирование 2021,Текст про программирование должен быть больше 100 символов 2021
2022,1,2025-09-09 09:04:11.422166,Заголовок про программирование 2022,Текст про программирование должен быть больше 100 символов 2022
2023,2,2025-09-09 09:04:11.422167,Заголовок про программирование 2023,Текст про программирование должен быть больше 100 символов 2023
2024,2,2025-09-09 09:04:11.422168,Заголовок про программирование 2024,Текст про программирование должен быть больше 100 символов 2024
2025,1,2025-09-09 09:04:11.422169,Заголовок про программирование 2025,Текст про программирование должен быть больше 100 символов 2025
2026,3,2025-09-09 09:04:11.422170,Заголовок про программирование 2026,Текст про программирование должен быть больше 100 символов 2026
2027,2,2025-09-09 09:04:11.422171,Заголовок про программирование 2027,Текст про программирование должен быть больше 100 символов 2027
2028,1,2025-09-09 09:04:11.422172,Заголовок про программирование 2028,Текст про программирование должен быть больше 100 символов 2028
2029,1,2025-09-09 09:04:11.422173,Заголовок про программирование 2029,Текст про программирование должен быть больше 100 символов 2029
2030,2,2025-09-09 09:04:11.422174,Заголовок про программирование 2030,Текст про программирование должен быть больше 100 символов 2030
2031,3,2025-09-09 09:04:11.422175,Заголовок про программирование 2031,Текст про программирование должен быть больше 100 символов 2031
2032,2,2025-09-09 09:04:11.422176,Заголовок про программирование 2032,Текст про программирование должен быть больше 100 символов 2032
2033,2,2025-09-09 09:04:11.422177,Заголовок про программирование 2033,Текст про программирование должен быть больше 100 символов 2033
2034,2,2025-09-09 09:04:11.422178,Заголовок про программирование 2034,Текст про программирование должен быть больше 100 символов 2034
2035,2,2025-09-09 09:04:11.422179,Заголовок про программирование 2035,Текст про программирование должен быть больше 100 символов 2035
2036,1,2025-09-09 09:04:11.422180,Заголовок про программирование 2036,Текст про программирование должен быть больше 100 символов 2036
2037,3,2025-09-09 09:04:11.422181,Заголовок про программирование 2037,Текст про программирование должен быть больше 100 символов 2037
2038,3,2025-09-09 09:04:11.422182,Заголовок про программирование 2038,Текст про программирование должен быть больше 100 символов 2038
2039,2,2025-09-09 09:04:11.422183,Заголовок про программирование 2039,Текст про программирование должен быть больше 100 символов 2039
2040,2,2025-09-09 09:04:11.422184,Заголовок про программирование 2040,Текст про программирование должен быть больше 100 символов 2040
2041,2,2025-09-09 09:04:11.422185,Заголовок про программирование 2041,Текст про программирование должен быть больше 100 символов 2041
2042,3,2025-09-09 09:04:11.422186,Заголовок про программирование 2042,Текст про программирование должен быть больше 100 символов 2042
2043,1,2025-09-09 09:04:11.422187,Заголовок про программирование 2043,Текст про программирование должен быть больше 100 символов 2043
2044,2,2025-09-09 09:04:11.422188,Заголовок про программирование 2044,Текст про программирование должен быть больше 100 символов 2044
2045,3,2025-09-09 09:04:11.422189,Заголовок про программирование 2045,Текст про программирование должен быть больше 100 символов 2045
2046,1,2025-09-09 09:04:11.422190,Заголовок про программирование 2046,Текст про программирование должен быть больше 100 символов 2046
2047,3,2025-09-09 09:04:11.422191,Заголовок про программирование 2047,Текст про программирование должен быть больше 100 символов 2047
2048,2,2025-09-09 09:04:11.422192,Заголовок про программирование 2048,Текст про программирование должен быть больше 100 символов 2048
2049,3,2025-09-09 09:04:11.422193,Заголовок про программирование 2049,Текст про программирование должен быть больше 100 символов 2049
2050,2,2025-09-09 09:04:11.422194,Заголовок про программирование 2050,Текст про программирование должен быть больше 100 символов 2050
2051,2,2025-09-09 09:04:11.422195,Заголовок про программирование 2051,Текст про программирование должен быть больше 100 символов 2051
2052,3,2025-09-09 09:04:11.422196,Заголовок про программирование 2052,Текст про программирование должен быть больше 100 символов 2052
2053,3,2025-09-09 09:04:11.422197,Заголовок про программирование 2053,Текст про программирование должен быть больше 100 символов 2053
2054,1,2025-09-09 09:04:11.422198,Заголовок про программирование 2054,Текст про программирование должен быть больше 100 символов 2054
2055,2,2025-09-09 09:04:11.422199,Заголовок про программирование 2055,Текст про программирование должен быть больше 100 символов 2055
2056,1,2025-09-09 09:04:11.422200,Заголовок про программирование 2056,Текст про программирование должен быть больше 100 символов 2056
2057,1,2025-09-09 09:04:11.422201,Заголовок про программирование 2057,Текст про программирование должен быть больше 100 символов 2057
2058,2,2025-09-09 09:04:11.422202,Заголовок про программирование 2058,Текст про программирование должен быть больше 100 символов 2058
2059,1,2025-09-09 09:04:11.422203,Заголовок про программирование 2059,Текст про программирование должен быть больше 100 символов 2059
2060,3,2025-09-09 09:04:11.422204,Заголовок про программирование 2060,Текст про программирование должен быть больше 100 символов 2060
2061,1,2025-09-09 09:04:11.422205,Заголовок про программирование 2061,Текст про программирование должен быть больше 100 символов 2061
2062,2,2025-09-09 09:04:11.422206,Заголовок про программирование 2062,Текст про программирование должен быть больше 100 символов 2062
2063,1,2025-09-09 09:04:11.422207,Заголовок про программирование 2063,Текст про программирование должен быть больше 100 символов 2063
2064,1,2025-09-09 09:04:11.422208,Заголовок про программирование 2064,Текст про программирование должен быть больше 100 символов 2064
2065,3,2025-09-09 09:04:11.422209,Заголовок про программирование 2065,Текст про программирование должен быть больше 100 символов 2065
2066,2,2025-09-09 09:04:11.422210,Заголовок про программирование 2066,Текст про программирование должен быть больше 100 символов 2066
2067,1,2025-09-09 09:04:11.422211,Заголовок про программирование 2067,Текст про программирование должен быть больше 100 символов 2067
2068,2,2025-09-09 09:04:11.422212,Заголовок про программирование 2068,Текст про программирование должен быть больше 100 символов 2068
2069,1,2025-09-09 09:04:11.422213,Заголовок про программирование 2069,Текст про программирование должен быть больше 100 символов 2069
2070,1,2025-09-09 09:04:11.422214,Заголовок про программирование 2070,Текст про программирование должен быть больше 100 символов 2070
2071,1,2025-09-09 09:04:11.422215,Заголовок про программирование 2071,Текст про программирование должен быть больше 100 символов 2071
2072,1,2025-09-09 09:04:11.422216,Заголовок про программирование 2072,Текст про программирование должен быть больше 100 символов 2072
2073,3,2025-09-09 09:04:11.422217,Заголовок про программирование 2073,Текст про программирование должен быть больше 100 символов 2073
2074,2,2025-09-09 09:04:11.422218,Заголовок про программирование 2074,Текст про программирование должен быть больше 100 символов 2074
2075,1,2025-09-09 09:04:11.422219,Заголовок про программирование 2075,Текст про программирование должен быть больше 100 символов 2075
2076,1,2025-09-09 09:04:11.422220,Заголовок про программирование 2076,Текст про программирование должен быть больше 100 символов 2076
2077,2,2025-09-09 09:04:11.422221,Заголовок про программирование 2077,Текст про программирование должен быть больше 100 символов 2077
2078,3,2025-09-09 09:04:11.422222,Заголовок про программирование 2078,Текст про программирование должен быть больше 100 символов 2078
2079,1,2025-09-09 09:04:11.422223,Заголовок про программирование 2079,Текст про программирование должен быть больше 100 символов 2079
2080,3,2025-09-09 09:04:11.422224,Заголовок про программирование 2080,Текст про программирование должен быть больше 100 символов 2080
2081,1,2025-09-09 09:04:11.422225,Заголовок про программирование 2081,Текст про программирование должен быть больше 100 символов 2081
2082,1,2025-09-09 09:04:11.422226,Заголовок про программирование 2082,Текст про программирование должен быть больше 100 символов 2082
2083,2,2025-09-09 09:04:11.422227,Заголовок про программирование 2083,Текст про программирование должен быть больше 100 символов 2083
2084,2,2025-09-09 09:04:11.422228,Заголовок про программирование 2084,Текст про программирование должен быть больше 100 символов 2084
2085,3,2025-09-09 09:04:11.422229,Заголовок про программирование 2085,Текст про программирование должен быть больше 100 символов 2085
2086,3,2025-09-09 09:04:11.422230,Заголовок про программирование 2086,Текст про программирование должен быть больше 100 символов 2086
2087,3,2025-09-09 09:04:11.422231,Заголовок про программирование 2087,Текст про программирование должен быть больше 100 символов 2087
2088,3,2025-09-09 09:04:11.422232,Заголовок про программирование 2088,Текст про программирование должен быть больше 100 символов 2088
2089,1,2025-09-09 09:04:11.422233,Заголовок про программирование 2089,Текст про программирование должен быть больше 100 символов 2089
2090,1,2025-09-09 09:04:11.422234,Заголовок про программирование 2090,Текст про программирование должен быть больше 100 символов 2090
2091,1,2025-09-09 09:04:11.422235,Заголовок про программирование 2091,Текст про программирование должен быть больше 100 символов 2091
2092,2,2025-09-09 09:04:11.422236,Заголовок про программирование 2092,Текст про программирование должен быть больше 100 символов 2092
2093,2,2025-09-09 09:04:11.422237,Заголовок про программирование 2093,Текст про программирование должен быть больше 100 символов 2093
2094,2,2025-09-09 09:04:11.422238,Заголовок про программирование 2094,Текст про программирование должен быть больше 100 символов 2094
2095,2,2025-09-09 09:04:11.422239,Заголовок про программирование 2095,Текст про программирование должен быть больше 100 символов 2095
2096,3,2025-09-09 09:04:11.422240,Заголовок про программирование 2096,Текст про программирование должен быть больше 100 символов 2096
2097,1,2025-09-09 09:04:11.422241,Заголовок про программирование 2097,Текст про программирование должен быть больше 100 символов 2097
2098,3,2025-09-09 09:04:11.422242,Заголовок про программирование 2098,Текст про программирование должен быть больше 100 символов 2098
2099,1,2025-09-09 09:04:11.422243,Заголовок про программирование 2099,Текст про программирование должен быть больше 100 символов 2099
2100,3,2025-09-09 09:04:11.422244,Заголовок про программирование 2100,Текст про программирование должен быть больше 100 символов 2100
2101,2,2025-09-09 09:04:11.422245,Заголовок про программирование 2101,Текст про программирование должен быть больше 100 символов 2101
2102,1,2025-09-09 09:04:11.422246,Заголовок про программирование 2102,Текст про программирование должен быть больше 100 символов 2102
2103,1,2025-09-09 09:04:11.422247,Заголовок про программирование 2103,Текст про программирование должен быть больше 100 символов 2103
2104,1,2025-09-09 09:04:11.422248,Заголовок про программирование 2104,Текст про программирование должен быть больше 100 символов 2104
2105,3,2025-09-09 09:04:11.422249,Заголовок про программирование 2105,Текст про программирование должен быть больше 100 символов 2105
2106,3,2025-09-09 09:04:11.422250,Заголовок про программирование 2106,Текст про программирование должен быть больше 100 символов 2106
2107,3,2025-09-09 09:04:11.422251,Заголовок про программирование 2107,Текст про программирование должен быть больше 100 символов 2107
2108,2,2025-09-09 09:04:11.422252,Заголовок про программирование 2108,Текст про программирование должен быть больше 100 символов 2108
2109,1,2025-09-09 09:04:11.422253,Заголовок про программирование 2109,Текст про программирование должен быть больше 100 символов 2109
2110,1,2025-09-09 09:04:11.422254,Заголовок про программирование 2110,Текст про программирование должен быть больше 100 символов 2110
2111,2,2025-09-09 09:04:11.422255,Заголовок про программирование 2111,Текст про программирование должен быть больше 100 символов 2111
2112,2,2025-09-09 09:04:11.422256,Заголовок про программирование 2112,Текст про программирование должен быть больше 100 символов 2112
2113,3,2025-09-09 09:04:11.422257,Заголовок про программирование 2113,Текст про программирование должен быть больше 100 символов 2113
2114,3,2025-09-09 09:04:11.422258,Заголовок про программирование 2114,Текст про программирование должен быть больше 100 символов 2114
2115,1,2025-09-09 09:04:11.422259,Заголовок про программирование 2115,Текст про программирование должен быть больше 100 символов 2115
2116,1,2025-09-09 09:04:11.422260,Заголовок про программирование 2116,Текст про программирование должен быть больше 100 символов 2116
2117,2,2025-09-09 09:04:11.422261,Заголовок про программирование 2117,Текст про программирование должен быть больше 100 символов 2117
2118,1,2025-09-09 09:04:11.422262,Заголовок про программирование 2118,Текст про программирование должен быть больше 100 символов 2118
2119,2,2025-09-09 09:04:11.422263,Заголовок про программирование 2119,Текст про программирование должен быть больше 100 символов 2119
2120,1,2025-09-09 09:04:11.422264,Заголовок про программирование 2120,Текст про программирование должен быть больше 100 символов 2120
2121,2,2025-09-09 09:04:11.422265,Заголовок про программирование 2121,Текст про программирование должен быть больше 100 символов 2121
2122,3,2025-09-09 09:04:11.422266,Заголовок про программирование 2122,Текст про программирование должен быть больше 100 символов 2122
2123,1,2025-09-09 09:04:11.422267,Заголовок про программирование 2123,Текст про программирование должен быть больше 100 символов 2123
2124,2,2025-09-09 09:04:11.422268,Заголовок про программирование 2124,Текст про программирование должен быть больше 100 символов 2124
2125,3,2025-09-09 09:04:11.422269,Заголовок про программирование 2125,Текст про программирование должен быть больше 100 символов 2125
2126,3,2025-09-09 09:04:11.422270,Заголовок про программирование 2126,Текст про программирование должен быть больше 100 символов 2126
2127,2,2025-09-09 09:04:11.422271,Заголовок про программирование 2127,Текст про программирование должен быть больше 100 символов 2127
2128,3,2025-09-09 09:04:11.422272,Заголовок про программирование 2128,Текст про программирование должен быть больше 100 символов 2128
2129,3,2025-09-09 09:04:11.422273,Заголовок про программирование 2129,Текст про программирование должен быть больше 100 символов 2129
2130,3,2025-09-09 09:04:11.422274,Заголовок про программирование 2130,Текст про программирование должен быть больше 100 символов 2130
2131,3,2025-09-09 09:04:11.422275,Заголовок про программирование 2131,Текст про программирование должен быть больше 100 символов 2131
2132,2,2025-09-09 09:04:11.422276,Заголовок про программирование 2132,Текст про программирование должен быть больше 100 символов 2132
2133,3,2025-09-09 09:04:11.422277,Заголовок про программирование 2133,Текст про программирование должен быть больше 100 символов 2133
2134,3,2025-09-09 09:04:11.422278,Заголовок про программирование 2134,Текст про программирование должен быть больше 100 символов 2134
2135,3,2025-09-09 09:04:11.422279,Заголовок про программирование 2135,Текст про программирование должен быть больше 100 символов 2135
2136,2,2025-09-09 09:04:11.422280,Заголовок про программирование 2136,Текст про программирование должен быть больше 100 символов 2136
2137,2,2025-09-09 09:04:11.422281,Заголовок про программирование 2137,Текст про программирование должен быть больше 100 символов 2137
2138,3,2025-09-09 09:04:11.422282,Заголовок про программирование 2138,Текст про программирование должен быть больше 100 символов 2138
2139,1,2025-09-09 09:04:11.422283,Заголовок про программирование 2139,Текст про программирование должен быть больше 100 символов 2139
2140,2,2025-09-09 09:04:11.422284,Заголовок про программирование 2140,Текст про программирование должен быть больше 100 символов 2140
2141,2,2025-09-09 09:04:11.422285,Заголовок про программирование 2141,Текст про программирование должен быть больше 100 символов 2141
2142,3,2025-09-09 09:04:11.422286,Заголовок про программирование 2142,Текст про программирование должен быть больше 100 символов 2142
2143,1,2025-09-09 09:04:11.422287,Заголовок про программирование 2143,Текст про программирование должен быть больше 100 символов 2143
2144,2,2025-09-09 09:04:11.422288,Заголовок про программирование 2144,Текст про программирование должен быть больше 100 символов 2144
2145,1,2025-09-09 09:04:11.422289,Заголовок про программирование 2145,Текст про программирование должен быть больше 100 символов 2145
2146,3,2025-09-09 09:04:11.422290,Заголовок про программирование 2146,Текст про программирование должен быть больше 100 символов 2146
2147,3,2025-09-09 09:04:11.422291,Заголовок про программирование 2147,Текст про программирование должен быть больше 100 символов 2147
2148,1,2025-09-09 09:04:11.422292,Заголовок про программирование 2148,Текст про программирование должен быть больше 100 символов 2148
2149,1,2025-09-09 09:04:11.422293,Заголовок про программирование 2149,Текст про программирование должен быть больше 100 символов 2149
2150,3,2025-09-09 09:04:11.422294,Заголовок про программирование 2150,Текст про программирование должен быть больше 100 символов 2150
2151,3,2025-09-09 09:04:11.422295,Заголовок про программирование 2151,Текст про программирование должен быть больше 100 символов 2151
2152,2,2025-09-09 09:04:11.422296,Заголовок про программирование 2152,Текст про программирование должен быть больше 100 символов 2152
2153,1,2025-09-09 09:04:11.422297,Заголовок про программирование 2153,Текст про программирование должен быть больше 100 символов 2153
2154,3,2025-09-09 09:04:11.422298,Заголовок про программирование 2154,Текст про программирование должен быть больше 100 символов 2154
2155,3,2025-09-09 09:04:11.422299,Заголовок про программирование 2155,Текст про программирование должен быть больше 100 символов 2155
2156,3,2025-09-09 09:04:11.422300,Заголовок про программирование 2156,Текст про программирование должен быть больше 100 символов 2156
2157,3,2025-09-09 09:04:11.422301,Заголовок про программирование 2157,Текст про программирование должен быть больше 100 символов 2157
2158,3,2025-09-09 09:04:11.422302,Заголовок про программирование 2158,Текст про программирование должен быть больше 100 символов 2158
2159,1,2025-09-09 09:04:11.422303,Заголовок про программирование 2159,Текст про программирование должен быть больше 100 символов 2159
2160,3,2025-09-09 09:04:11.422304,Заголовок про программирование 2160,Текст про программирование должен быть больше 100 символов 2160
2161,3,2025-09-09 09:04:11.422305,Заголовок про программирование 2161,Текст про программирование должен быть больше 100 символов 2161
2162,3,2025-09-09 09:04:11.422306,Заголовок про программирование 2162,Текст про программирование должен быть больше 100 символов 2162
2163,2,2025-09-09 09:04:11.422307,Заголовок про программирование 2163,Текст про программирование должен быть больше 100 символов 2163
2164,2,2025-09-09 09:04:11.422308,Заголовок про программирование 2164,Текст про программирование должен быть больше 100 символов 2164
2165,2,2025-09-09 09:04:11.422309,Заголовок про программирование 2165,Текст про программирование должен быть больше 100 символов 2165
2166,1,2025-09-09 09:04:11.422310,Заголовок про программирование 2166,Текст про программирование должен быть больше 100 символов 2166
2167,3,2025-09-09 09:04:11.422311,Заголовок про программирование 2167,Текст про программирование должен быть больше 100 символов 2167
2168,1,2025-09-09 09:04:11.422312,Заголовок про программирование 2168,Текст про программирование должен быть больше 100 символов 2168
2169,3,2025-09-09 09:04:11.422313,Заголовок про программирование 2169,Текст про программирование должен быть больше 100 символов 2169
2170,1,2025-09-09 09:04:11.422314,Заголовок про программирование 2170,Текст про программирование должен быть больше 100 символов 2170
2171,2,2025-09-09 09:04:11.422315,Заголовок про программирование 2171,Текст про программирование должен быть больше 100 символов 2171
2172,3,2025-09-09 09:04:11.422316,Заголовок про программирование 2172,Текст про программирование должен быть больше 100 символов 2172
2173,3,2025-09-09 09:04:11.422317,Заголовок про программирование 2173,Текст про программирование должен быть больше 100 символов 2173
2174,1,2025-09-09 09:04:11.422318,Заголовок про программирование 2174,Текст про программирование должен быть больше 100 символов 2174
2175,2,2025-09-09 09:04:11.422319,Заголовок про программирование 2175,Текст про программирование должен быть больше 100 символов 2175
2176,1,2025-09-09 09:04:11.422320,Заголовок про программирование 2176,Текст про программирование должен быть больше 100 символов 2176
2177,2,2025-09-09 09:04:11.422321,Заголовок про программирование 2177,Текст про программирование должен быть больше 100 символов 2177
2178,2,2025-09-09 09:04:11.422322,Заголовок про программирование 2178,Текст про программирование должен быть больше 100 символов 2178
2179,2,2025-09-09 09:04:11.422323,Заголовок про программирование 2179,Текст про программирование должен быть больше 100 символов 2179
2180,3,2025-09-09 09:04:11.422324,Заголовок про программирование 2180,Текст про программирование должен быть больше 100 символов 2180
2181,1,2025-09-09 09:04:11.422325,Заголовок про программирование 2181,Текст про программирование должен быть больше 100 символов 2181
2182,2,2025-09-09 09:04:11.422326,Заголовок про программирование 2182,Текст про программирование должен быть больше 100 символов 2182
2183,3,2025-09-09 09:04:11.422327,Заголовок про программирование 2183,Текст про программирование должен быть больше 100 символов 2183
2184,2,2025-09-09 09:04:11.422328,Заголовок про программирование 2184,Текст про программирование должен быть больше 100 символов 2184
2185,3,2025-09-09 09:04:11.422329,Заголовок про программирование 2185,Текст про программирование должен быть больше 100 символов 2185
2186,3,2025-09-09 09:04:11.422330,Заголовок про программирование 2186,Текст про программирование должен быть больше 100 символов 2186
2187,3,2025-09-09 09:04:11.422331,Заголовок про программирование 2187,Текст про программирование должен быть больше 100 символов 2187
2188,1,2025-09-09 09:04:11.422332,Заголовок про программирование 2188,Текст про программирование должен быть больше 100 символов 2188
2189,1,2025-09-09 09:04:11.422333,Заголовок про программирование 2189,Текст про программирование должен быть больше 100 символов 2189
2190,2,2025-09-09 09:04:11.422334,Заголовок про программирование 2190,Текст про программирование должен быть больше 100 символов 2190
2191,1,2025-09-09 09:04:11.422335,Заголовок про программирование 2191,Текст про программирование должен быть больше 100 символов 2191
2192,2,2025-09-09 09:04:11.422336,Заголовок про программирование 2192,Текст про программирование должен быть больше 100 символов 2192
2193,3,2025-09-09 09:04:11.422337,Заголовок про программирование 2193,Текст про программирование должен быть больше 100 символов 2193
2194,3,2025-09-09 09:04:11.422338,Заголовок про программирование 2194,Текст про программирование должен быть больше 100 символов 2194
2195,1,2025-09-09 09:04:11.422339,Заголовок про программирование 2195,Текст про программирование должен быть больше 100 символов 2195
2196,2,2025-09-09 09:04:11.422340,Заголовок про программирование 2196,Текст про программирование должен быть больше 100 символов 2196
2197,3,2025-09-09 09:04:11.422341,Заголовок про программирование 2197,Текст про программирование должен быть больше 100 символов 2197
2198,2,2025-09-09 09:04:11.422342,Заголовок про программирование 2198,Текст про программирование должен быть больше 100 символов 2198
2199,2,2025-09-09 09:04:11.422343,Заголовок про программирование 2199,Текст про программирование должен быть больше 100 символов 2199
2200,3,2025-09-09 09:04:11.422344,Заголовок про программирование 2200,Текст про программирование должен быть больше 100 символов 2200
2201,2,2025-09-09 09:04:11.422345,Заголовок про программирование 2201,Текст про программирование должен быть больше 100 символов 2201
2202,3,2025-09-09 09:04:11.422346,Заголовок про программирование 2202,Текст про программирование должен быть больше 100 символов 2202
2203,1,2025-09-09 09:04:11.422347,Заголовок про программирование 2203,Текст про программирование должен быть больше 100 символов 2203
2204,1,2025-09-09 09:04:11.422348,Заголовок про программирование 2204,Текст про программирование должен быть больше 100 символов 2204
2205,3,2025-09-09 09:04:11.422349,Заголовок про программирование 2205,Текст про программирование должен быть больше 100 символов 2205
2206,2,2025-09-09 09:04:11.422350,Заголовок про программирование 2206,Текст про программирование должен быть больше 100 символов 2206
2207,2,2025-09-09 09:04:11.422351,Заголовок про программирование 2207,Текст про программирование должен быть больше 100 символов 2207
2208,2,2025-09-09 09:04:11.422352,Заголовок про программирование 2208,Текст про программирование должен быть больше 100 символов 2208
2209,2,2025-09-09 09:04:11.422353,Заголовок про программирование 2209,Текст про программирование должен быть больше 100 символов 2209
2210,3,2025-09-09 09:04:11.422354,Заголовок про программирование 2210,Текст про программирование должен быть больше 100 символов 2210
2211,1,2025-09-09 09:04:11.422355,Заголовок про программирование 2211,Текст про программирование должен быть больше 100 символов 2211
2212,2,2025-09-09 09:04:11.422356,Заголовок про программирование 2212,Текст про программирование должен быть больше 100 символов 2212
2213,3,2025-09-09 09:04:11.422357,Заголовок про программирование 2213,Текст про программирование должен быть больше 100 символов 2213
2214,3,2025-09-09 09:04:11.422358,Заголовок про программирование 2214,Текст про программирование должен быть больше 100 символов 2214
2215,1,2025-09-09 09:04:11.422359,Заголовок про программирование 2215,Текст про программирование должен быть больше 100 символов 2215
2216,3,2025-09-09 09:04:11.422360,Заголовок про программирование 2216,Текст про программирование должен быть больше 100 символов 2216
2217,2,2025-09-09 09:04:11.422361,Заголовок про программирование 2217,Текст про программирование должен быть больше 100 символов 2217
2218,2,2025-09-09 09:04:11.422362,Заголовок про программирование 2218,Текст про программирование должен быть больше 100 символов 2218
2219,2,2025-09-09 09:04:11.422363,Заголовок про программирование 2219,Текст про программирование должен быть больше 100 символов 2219
2220,2,2025-09-09 09:04:11.422364,Заголовок про программирование 2220,Текст про программирование должен быть больше 100 символов 2220
2221,3,2025-09-09 09:04:11.422365,Заголовок про программирование 2221,Текст про программирование должен быть больше 100 символов 2221
2222,2,2025-09-09 09:04:11.422366,Заголовок про программирование 2222,Текст про программирование должен быть больше 100 символов 2222
2223,3,2025-09-09 09:04:11.422367,Заголовок про программирование 2223,Текст про программирование должен быть больше 100 символов 2223
2224,3,2025-09-09 09:04:11.422368,Заголовок про программирование 2224,Текст про программирование должен быть больше 100 символов 2224
2225,3,2025-09-09 09:04:11.422369,Заголовок про программирование 2225,Текст про программирование должен быть больше 100 символов 2225
2226,2,2025-09-09 09:04:11.422370,Заголовок про программирование 2226,Текст про программирование должен быть больше 100 символов 2226
2227,2,2025-09-09 09:04:11.422371,Заголовок про программирование 2227,Текст про программирование должен быть больше 100 символов 2227
2228,2,2025-09-09 09:04:11.422372,Заголовок про программирование 2228,Текст про программирование должен быть больше 100 символов 2228
2229,1,2025-09-09 09:04:11.422373,Заголовок про программирование 2229,Текст про программирование должен быть больше 100 символов 2229
2230,2,2025-09-09 09:04:11.422374,Заголовок про программирование 2230,Текст про программирование должен быть больше 100 символов 2230
2231,2,2025-09-09 09:04:11.422375,Заголовок про программирование 2231,Текст про программирование должен быть больше 100 символов 2231
2232,2,2025-09-09 09:04:11.422376,Заголовок про программирование 2232,Текст про программирование должен быть больше 100 символов 2232
2233,1,2025-09-09 09:04:11.422377,Заголовок про программирование 2233,Текст про программирование должен быть больше 100 символов 2233
2234,1,2025-09-09 09:04:11.422378,Заголовок про программирование 2234,Текст про программирование должен быть больше 100 символов 2234
2235,2,2025-09-09 09:04:11.422379,Заголовок про программирование 2235,Текст про программирование должен быть больше 100 символов 2235
2236,1,2025-09-09 09:04:11.422380,Заголовок про программирование 2236,Текст про программирование должен быть больше 100 символов 2236
2237,2,2025-09-09 09:04:11.422381,Заголовок про программирование 2237,Текст про программирование должен быть больше 100 символов 2237
2238,1,2025-09-09 09:04:11.422382,Заголовок про программирование 2238,Текст про программирование должен быть больше 100 символов 2238
2239,2,2025-09-09 09:04:11.422383,Заголовок про программирование 2239,Текст про программирование должен быть больше 100 символов 2239
2240,3,2025-09-09 09:04:11.422384,Заголовок про программирование 2240,Текст про программирование должен быть больше 100 символов 2240
2241,3,2025-09-09 09:04:11.422385,Заголовок про программирование 2241,Текст про программирование должен быть больше 100 символов 2241
2242,1,2025-09-09 09:04:11.422386,Заголовок про программирование 2242,Текст про программирование должен быть больше 100 символов 2242
2243,2,2025-09-09 09:04:11.422387,Заголовок про программирование 2243,Текст про программирование должен быть больше 100 символов 2243
2244,3,2025-09-09 09:04:11.422388,Заголовок про программирование 2244,Текст про программирование должен быть больше 100 символов 2244
2245,3,2025-09-09 09:04:11.422389,Заголовок про программирование 2245,Текст про программирование должен быть больше 100 символов 2245
2246,3,2025-09-09 09:04:11.422390,Заголовок про программирование 2246,Текст про программирование должен быть больше 100 символов 2246
2247,1,2025-09-09 09:04:11.422391,Заголовок про программирование 2247,Текст про программирование должен быть больше 100 символов 2247
2248,2,2025-09-09 09:04:11.422392,Заголовок про программирование 2248,Текст про программирование должен быть больше 100 символов 2248
2249,1,2025-09-09 09:04:11.422393,Заголовок про программирование 2249,Текст про программирование должен быть больше 100 символов 2249
2250,3,2025-09-09 09:04:11.422394,Заголовок про программирование 2250,Текст про программирование должен быть больше 100 символов 2250
2251,2,2025-09-09 09:04:11.422395,Заголовок про программирование 2251,Текст про программирование должен быть больше 100 символов 2251
2252,2,2025-09-09 09:04:11.422396,Заголовок про программирование 2252,Текст про программирование должен быть больше 100 символов 2252
2253,3,2025-09-09 09:04:11.422397,Заголовок про программирование 2253,Текст про программирование должен быть больше 100 символов 2253
2254,3,2025-09-09 09:04:11.422398,Заголовок про программирование 2254,Текст про программирование должен быть больше 100 символов 2254
2255,2,2025-09-09 09:04:11.422399,Заголовок про программирование 2255,Текст про программирование должен быть больше 100 символов 2255
2256,2,2025-09-09 09:04:11.422400,Заголовок про программирование 2256,Текст про программирование должен быть больше 100 символов 2256
2257,1,2025-09-09 09:04:11.422401,Заголовок про программирование 2257,Текст про программирование должен быть больше 100 символов 2257
2258,2,2025-09-09 09:04:11.422402,Заголовок про программирование 2258,Текст про программирование должен быть больше 100 символов 2258
2259,3,2025-09-09 09:04:11.422403,Заголовок про программирование 2259,Текст про программирование должен быть больше 100 символов 2259
2260,3,2025-09-09 09:04:11.422404,Заголовок про программирование 2260,Текст про программирование должен быть больше 100 символов 2260
2261,1,2025-09-09 09:04:11.422405,Заголовок про программирование 2261,Текст про программирование должен быть больше 100 символов 2261
2262,3,2025-09-09 09:04:11.422406,Заголовок про программирование 2262,Текст про программирование должен быть больше 100 символов 2262
2263,3,2025-09-09 09:04:11.422407,Заголовок про программирование 2263,Текст про программирование должен быть больше 100 символов 2263
2264,2,2025-09-09 09:04:11.422408,Заголовок про программирование 2264,Текст про программирование должен быть больше 100 символов 2264
2265,2,2025-09-09 09:04:11.422409,Заголовок про программирование 2265,Текст про программирование должен быть больше 100 символов 2265
2266,3,2025-09-09 09:04:11.422410,Заголовок про программирование 2266,Текст про программирование должен быть больше 100 символов 2266
2267,3,2025-09-09 09:04:11.422411,Заголовок про программирование 2267,Текст про программирование должен быть больше 100 символов 2267
2268,1,2025-09-09 09:04:11.422412,Заголовок про программирование 2268,Текст про программирование должен быть больше 100 символов 2268
2269,2,2025-09-09 09:04:11.422413,Заголовок про программирование 2269,Текст про программирование должен быть больше 100 символов 2269
2270,2,2025-09-09 09:04:11.422414,Заголовок про программирование 2270,Текст про программирование должен быть больше 100 символов 2270
2271,1,2025-09-09 09:04:11.422415,Заголовок про программирование 2271,Текст про программирование должен быть больше 100 символов 2271
2272,1,2025-09-09 09:04:11.422416,Заголовок про программирование 2272,Текст про программирование должен быть больше 100 символов 2272
2273,2,2025-09-09 09:04:11.422417,Заголовок про программирование 2273,Текст про программирование должен быть больше 100 символов 2273
2274,1,2025-09-09 09:04:11.422418,Заголовок про программирование 2274,Текст про программирование должен быть больше 100 символов 2274
2275,1,2025-09-09 09:04:11.422419,Заголовок про программирование 2275,Текст про программирование должен быть больше 100 символов 2275
2276,3,2025-09-09 09:04:11.422420,Заголовок про программирование 2276,Текст про программирование должен быть больше 100 символов 2276
2277,3,2025-09-09 09:04:11.422421,Заголовок про программирование 2277,Текст про программирование должен быть больше 100 символов 2277
2278,3,2025-09-09 09:04:11.422422,Заголовок про программирование 2278,Текст про программирование должен быть больше 100 символов 2278
2279,2,2025-09-09 09:04:11.422423,Заголовок про программирование 2279,Текст про программирование должен быть больше 100 символов 2279
2280,2,2025-09-09 09:04:11.422424,Заголовок про программирование 2280,Текст про программирование должен быть больше 100 символов 2280
2281,1,2025-09-09 09:04:11.422425,Заголовок про программирование 2281,Текст про программирование должен быть больше 100 символов 2281
2282,2,2025-09-09 09:04:11.422426,Заголовок про программирование 2282,Текст про программирование должен быть больше 100 символов 2282
2283,2,2025-09-09 09:04:11.422427,Заголовок про программирование 2283,Текст про программирование должен быть больше 100 символов 2283
2284,3,2025-09-09 09:04:11.422428,Заголовок про программирование 2284,Текст про программирование должен быть больше 100 символов 2284
2285,1,2025-09-09 09:04:11.422429,Заголовок про программирование 2285,Текст про программирование должен быть больше 100 символов 2285
2286,1,2025-09-09 09:04:11.422430,Заголовок про программирование 2286,Текст про программирование должен быть больше 100 символов 2286
2287,2,2025-09-09 09:04:11.422431,Заголовок про программирование 2287,Текст про программирование должен быть больше 100 символов 2287
2288,1,2025-09-09 09:04:11.422432,Заголовок про программирование 2288,Текст про программирование должен быть больше 100 символов 2288
2289,3,2025-09-09 09:04:11.422433,Заголовок про программирование 2289,Текст про программирование должен быть больше 100 символов 2289
2290,3,2025-09-09 09:04:11.422434,Заголовок про программирование 2290,Текст про программирование должен быть больше 100 символов 2290
2291,1,2025-09-09 09:04:11.422435,Заголовок про программирование 2291,Текст про программирование должен быть больше 100 символов 2291
2292,2,2025-09-09 09:04:11.422436,Заголовок про программирование 2292,Текст про программирование должен быть больше 100 символов 2292
2293,2,2025-09-09 09:04:11.422437,Заголовок про программирование 2293,Текст про программирование должен быть больше 100 символов 2293
2294,1,2025-09-09 09:04:11.422438,Заголовок про программирование 2294,Текст про программирование должен быть больше 100 символов 2294
2295,3,2025-09-09 09:04:11.422439,Заголовок про программирование 2295,Текст про программирование должен быть больше 100 символов 2295
2296,3,2025-09-09 09:04:11.422440,Заголовок про программирование 2296,Текст про программирование должен быть больше 100 символов 2296
2297,3,2025-09-09 09:04:11.422441,Заголовок про программирование 2297,Текст про программирование должен быть больше 100 символов 2297
2298,1,2025-09-09 09:04:11.422442,Заголовок про программирование 2298,Текст про программирование должен быть больше 100 символов 2298
2299,3,2025-09-09 09:04:11.422443,Заголовок про программирование 2299,Текст про программирование должен быть больше 100 символов 2299
2300,3,2025-09-09 09:04:11.422444,Заголовок про программирование 2300,Текст про программирование должен быть больше 100 символов 2300
2301,1,2025-09-09 09:04:11.422445,Заголовок про программирование 2301,Текст про программирование должен быть больше 100 символов 2301
2302,2,2025-09-09 09:04:11.422446,Заголовок про программирование 2302,Текст про программирование должен быть больше 100 символов 2302
2303,2,2025-09-09 09:04:11.422447,Заголовок про программирование 2303,Текст про программирование должен быть больше 100 символов 2303
2304,1,2025-09-09 09:04:11.422448,Заголовок про программирование 2304,Текст про программирование должен быть больше 100 символов 2304
2305,3,2025-09-09 09:04:11.422449,Заголовок про программирование 2305,Текст про программирование должен быть больше 100 символов 2305
2306,2,2025-09-09 09:04:11.422450,Заголовок про программирование 2306,Текст про программирование должен быть больше 100 символов 2306
2307,2,2025-09-09 09:04:11.422451,Заголовок про программирование 2307,Текст про программирование должен быть больше 100 символов 2307
2308,2,2025-09-09 09:04:11.422452,Заголовок про программирование 2308,Текст про программирование должен быть больше 100 символов 2308
2309,2,2025-09-09 09:04:11.422453,Заголовок про программирование 2309,Текст про программирование должен быть больше 100 символов 2309
2310,3,2025-09-09 09:04:11.422454,Заголовок про программирование 2310,Текст про программирование должен быть больше 100 символов 2310
2311,3,2025-09-09 09:04:11.422455,Заголовок про программирование 2311,Текст про программирование должен быть больше 100 символов 2311
2312,2,2025-09-09 09:04:11.422456,Заголовок про программирование 2312,Текст про программирование должен быть больше 100 символов 2312
2313,1,2025-09-09 09:04:11.422457,Заголовок про программирование 2313,Текст про программирование должен быть больше 100 символов 2313
2314,3,2025-09-09 09:04:11.422458,Заголовок про программирование 2314,Текст про программирование должен быть больше 100 символов 2314
2315,1,2025-09-09 09:04:11.422459,Заголовок про программирование 2315,Текст про программирование должен быть больше 100 символов 2315
2316,3,2025-09-09 09:04:11.422460,Заголовок про программирование 2316,Текст про программирование должен быть больше 100 символов 2316
2317,3,2025-09-09 09:04:11.422461,Заголовок про программирование 2317,Текст про программирование должен быть больше 100 символов 2317
2318,3,2025-09-09 09:04:11.422462,Заголовок про программирование 2318,Текст про программирование должен быть больше 100 символов 2318
2319,3,2025-09-09 09:04:11.422463,Заголовок про программирование 2319,Текст про программирование должен быть больше 100 символов 2319
2320,2,2025-09-09 09:04:11.422464,Заголовок про программирование 2320,Текст про программирование должен быть больше 100 символов 2320
2321,2,2025-09-09 09:04:11.422465,Заголовок про программирование 2321,Текст про программирование должен быть больше 100 символов 2321
2322,1,2025-09-09 09:04:11.422466,Заголовок про программирование 2322,Текст про программирование должен быть больше 100 символов 2322
2323,3,2025-09-09 09:04:11.422467,Заголовок про программирование 2323,Текст про программирование должен быть больше 100 символов 2323
2324,3,2025-09-09 09:04:11.422468,Заголовок про программирование 2324,Текст про программирование должен быть больше 100 символов 2324
2325,2,2025-09-09 09:04:11.422469,Заголовок про программирование 2325,Текст про программирование должен быть больше 100 символов 2325
2326,2,2025-09-09 09:04:11.422470,Заголовок про программирование 2326,Текст про программирование должен быть больше 100 символов 2326
2327,3,2025-09-09 09:04:11.422471,Заголовок про программирование 2327,Текст про программирование должен быть больше 100 символов 2327
2328,1,2025-09-09 09:04:11.422472,Заголовок про программирование 2328,Текст про программирование должен быть больше 100 символов 2328
2329,3,2025-09-09 09:04:11.422473,Заголовок про программирование 2329,Текст про программирование должен быть больше 100 символов 2329
2330,1,2025-09-09 09:04:11.422474,Заголовок про программирование 2330,Текст про программирование должен быть больше 100 символов 2330
2331,3,2025-09-09 09:04:11.422475,Заголовок про программирование 2331,Текст про программирование должен быть больше 100 символов 2331
2332,3,2025-09-09 09:04:11.422476,Заголовок про программирование 2332,Текст про программирование должен быть больше 100 символов 2332
2333,1,2025-09-09 09:04:11.422477,Заголовок про программирование 2333,Текст про программирование должен быть больше 100 символов 2333
2334,2,2025-09-09 09:04:11.422478,Заголовок про программирование 2334,Текст про программирование должен быть больше 100 символов 2334
2335,3,2025-09-09 09:04:11.422479,Заголовок про программирование 2335,Текст про программирование должен быть больше 100 символов 2335
2336,1,2025-09-09 09:04:11.422480,Заголовок про программирование 2336,Текст про программирование должен быть больше 100 символов 2336
2337,2,2025-09-09 09:04:11.422481,Заголовок про программирование 2337,Текст про программирование должен быть больше 100 символов 2337
2338,1,2025-09-09 09:04:11.422482,Заголовок про программирование 2338,Текст про программирование должен быть больше 100 символов 2338
2339,1,2025-09-09 09:04:11.422483,Заголовок про программирование 2339,Текст про программирование должен быть больше 100 символов 2339
2340,1,2025-09-09 09:04:11.422484,Заголовок про программирование 2340,Текст про программирование должен быть больше 100 символов 2340
2341,3,2025-09-09 09:04:11.422485,Заголовок про программирование 2341,Текст про программирование должен быть больше 100 символов 2341
2342,1,2025-09-09 09:04:11.422486,Заголовок про программирование 2342,Текст про программирование должен быть больше 100 символов 2342
2343,1,2025-09-09 09:04:11.422487,Заголовок про программирование 2343,Текст про программирование должен быть больше 100 символов 2343
2344,1,2025-09-09 09:04:11.422488,Заголовок про программирование 2344,Текст про программирование должен быть больше 100 символов 2344
2345,3,2025-09-09 09:04:11.422489,Заголовок про программирование 2345,Текст про программирование должен быть больше 100 символов 2345
2346,2,2025-09-09 09:04:11.422490,Заголовок про программирование 2346,Текст про программирование должен быть больше 100 символов 2346
2347,3,2025-09-09 09:04:11.422491,Заголовок про программирование 2347,Текст про программирование должен быть больше 100 символов 2347
2348,2,2025-09-09 09:04:11.422492,Заголовок про программирование 2348,Текст про программирование должен быть больше 100 символов 2348
2349,3,2025-09-09 09:04:11.422493,Заголовок про программирование 2349,Текст про программирование должен быть больше 100 символов 2349
2350,2,2025-09-09 09:04:11.422494,Заголовок про программирование 2350,Текст про программирование должен быть больше 100 символов 2350
2351,3,2025-09-09 09:04:11.422495,Заголовок про программирование 2351,Текст про программирование должен быть больше 100 символов 2351
2352,1,2025-09-09 09:04:11.422496,Заголовок про программирование 2352,Текст про программирование должен быть больше 100 символов 2352
2353,3,2025-09-09 09:04:11.422497,Заголовок про программирование 2353,Текст про программирование должен быть больше 100 символов 2353
2354,2,2025-09-09 09:04:11.422498,Заголовок про программирование 2354,Текст про программирование должен быть больше 100 символов 2354
2355,3,2025-09-09 09:04:11.422499,Заголовок про программирование 2355,Текст про программирование должен быть больше 100 символов 2355
2356,2,2025-09-09 09:04:11.422500,Заголовок про программирование 2356,Текст про программирование должен быть больше 100 символов 2356
2357,2,2025-09-09 09:04:11.422501,Заголовок про программирование 2357,Текст про программирование должен быть больше 100 символов 2357
2358,3,2025-09-09 09:04:11.422502,Заголовок про программирование 2358,Текст про программирование должен быть больше 100 символов 2358
2359,2,2025-09-09 09:04:11.422503,Заголовок про программирование 2359,Текст про программирование должен быть больше 100 символов 2359
2360,2,2025-09-09 09:04:11.422504,Заголовок про программирование 2360,Текст про программирование должен быть больше 100 символов 2360
2361,2,2025-09-09 09:04:11.422505,Заголовок про программирование 2361,Текст про программирование должен быть больше 100 символов 2361
2362,3,2025-09-09 09:04:11.422506,Заголовок про программирование 2362,Текст про программирование должен быть больше 100 символов 2362
2363,3,2025-09-09 09:04:11.422507,Заголовок про программирование 2363,Текст про программирование должен быть больше 100 символов 2363
2364,1,2025-09-09 09:04:11.422508,Заголовок про программирование 2364,Текст про программирование должен быть больше 100 символов 2364
2365,3,2025-09-09 09:04:11.422509,Заголовок про программирование 2365,Текст про программирование должен быть больше 100 символов 2365
2366,1,2025-09-09 09:04:11.422510,Заголовок про программирование 2366,Текст про программирование должен быть больше 100 символов 2366
2367,2,2025-09-09 09:04:11.422511,Заголовок про программирование 2367,Текст про программирование должен быть больше 100 символов 2367
2368,1,2025-09-09 09:04:11.422512,Заголовок про программирование 2368,Текст про программирование должен быть больше 100 символов 2368
2369,3,2025-09-09 09:04:11.422513,Заголовок про программирование 2369,Текст про программирование должен быть больше 100 символов 2369
2370,3,2025-09-09 09:04:11.422514,Заголовок про программирование 2370,Текст про программирование должен быть больше 100 символов 2370
2371,1,2025-09-09 09:04:11.422515,Заголовок про программирование 2371,Текст про программирование должен быть больше 100 символов 2371
2372,2,2025-09-09 09:04:11.422516,Заголовок про программирование 2372,Текст про программирование должен быть больше 100 символов 2372
2373,2,2025-09-09 09:04:11.422517,Заголовок про программирование 2373,Текст про программирование должен быть больше 100 символов 2373
2374,3,2025-09-09 09:04:11.422518,Заголовок про программирование 2374,Текст про программирование должен быть больше 100 символов 2374
2375,2,2025-09-09 09:04:11.422519,Заголовок про программирование 2375,Текст про программирование должен быть больше 100 символов 2375
2376,1,2025-09-09 09:04:11.422520,Заголовок про программирование 2376,Текст про программирование должен быть больше 100 символов 2376
2377,3,2025-09-09 09:04:11.422521,Заголовок про программирование 2377,Текст про программирование должен быть больше 100 символов 2377
2378,3,2025-09-09 09:04:11.422522,Заголовок про программирование 2378,Текст про программирование должен быть больше 100 символов 2378
2379,3,2025-09-09 09:04:11.422523,Заголовок про программирование 2379,Текст про программирование должен быть больше 100 символов 2379
2380,3,2025-09-09 09:04:11.422524,Заголовок про программирование 2380,Текст про программирование должен быть больше 100 символов 2380
2381,3,2025-09-09 09:04:11.422525,Заголовок про программирование 2381,Текст про программирование должен быть больше 100 символов 2381
2382,3,2025-09-09 09:04:11.422526,Заголовок про программирование 2382,Текст про программирование должен быть больше 100 символов 2382
2383,2,2025-09-09 09:04:11.422527,Заголовок про программирование 2383,Текст про программирование должен быть больше 100 символов 2383
2384,1,2025-09-09 09:04:11.422528,Заголовок про программирование 2384,Текст про программирование должен быть больше 100 символов 2384
2385,3,2025-09-09 09:04:11.422529,Заголовок про программирование 2385,Текст про программирование должен быть больше 100 символов 2385
2386,2,2025-09-09 09:04:11.422530,Заголовок про программирование 2386,Текст про программирование должен быть больше 100 символов 2386
2387,1,2025-09-09 09:04:11.422531,Заголовок про программирование 2387,Текст про программирование должен быть больше 100 символов 2387
2388,3,2025-09-09 09:04:11.422532,Заголовок про программирование 2388,Текст про программирование должен быть больше 100 символов 2388
2389,1,2025-09-09 09:04:11.422533,Заголовок про программирование 2389,Текст про программирование должен быть больше 100 символов 2389
2390,3,2025-09-09 09:04:11.422534,Заголовок про программирование 2390,Текст про программирование должен быть больше 100 символов 2390
2391,3,2025-09-09 09:04:11.422535,Заголовок про программирование 2391,Текст про программирование должен быть больше 100 символов 2391
2392,1,2025-09-09 09:04:11.422536,Заголовок про программирование 2392,Текст про программирование должен быть больше 100 символов 2392
2393,1,2025-09-09 09:04:11.422537,Заголовок про программирование 2393,Текст про программирование должен быть больше 100 символов 2393
2394,2,2025-09-09 09:04:11.422538,Заголовок про программирование 2394,Текст про программирование должен быть больше 100 символов 2394
2395,3,2025-09-09 09:04:11.422539,Заголовок про программирование 2395,Текст про программирование должен быть больше 100 символов 2395
2396,3,2025-09-09 09:04:11.422540,Заголовок про программирование 2396,Текст про программирование должен быть больше 100 символов 2396
2397,1,2025-09-09 09:04:11.422541,Заголовок про программирование 2397,Текст про программирование должен быть больше 100 символов 2397
2398,3,2025-09-09 09:04:11.422542,Заголовок про программирование 2398,Текст про программирование должен быть больше 100 символов 2398
2399,3,2025-09-09 09:04:11.422543,Заголовок про программирование 2399,Текст про программирование должен быть больше 100 символов 2399
2400,1,2025-09-09 09:04:11.422544,Заголовок про программирование 2400,Текст про программирование должен быть больше 100 символов 2400
2401,1,2025-09-09 09:04:11.422545,Заголовок про программирование 2401,Текст про программирование должен быть больше 100 символов 2401
2402,2,2025-09-09 09:04:11.422546,Заголовок про программирование 2402,Текст про программирование должен быть больше 100 символов 2402
2403,2,2025-09-09 09:04:11.422547,Заголовок про программирование 2403,Текст про программирование должен быть больше 100 символов 2403
2404,2,2025-09-09 09:04:11.422548,Заголовок про программирование 2404,Текст про программирование должен быть больше 100 символов 2404
2405,3,2025-09-09 09:04:11.422549,Заголовок про программирование 2405,Текст про программирование должен быть больше 100 символов 2405
2406,3,2025-09-09 09:04:11.422550,Заголовок про программирование 2406,Текст про программирование должен быть больше 100 символов 2406
2407,3,2025-09-09 09:04:11.422551,Заголовок про программирование 2407,Текст про программирование должен быть больше 100 символов 2407
2408,3,2025-09-09 09:04:11.422552,Заголовок про программирование 2408,Текст про программирование должен быть больше 100 символов 2408
2409,1,2025-09-09 09:04:11.422553,Заголовок про программирование 2409,Текст про программирование должен быть больше 100 символов 2409
2410,1,2025-09-09 09:04:11.422554,Заголовок про программирование 2410,Текст про программирование должен быть больше 100 символов 2410
2411,1,2025-09-09 09:04:11.422555,Заголовок про программирование 2411,Текст про программирование должен быть больше 100 символов 2411
2412,3,2025-09-09 09:04:11.422556,Заголовок про программирование 2412,Текст про программирование должен быть больше 100 символов 2412
2413,1,2025-09-09 09:04:11.422557,Заголовок про программирование 2413,Текст про программирование должен быть больше 100 символов 2413
2414,3,2025-09-09 09:04:11.422558,Заголовок про программирование 2414,Текст про программирование должен быть больше 100 символов 2414
2415,3,2025-09-09 09:04:11.422559,Заголовок про программирование 2415,Текст про программирование должен быть больше 100 символов 2415
2416,1,2025-09-09 09:04:11.422560,Заголовок про программирование 2416,Текст про программирование должен быть больше 100 символов 2416
2417,2,2025-09-09 09:04:11.422561,Заголовок про программирование 2417,Текст про программирование должен быть больше 100 символов 2417
2418,2,2025-09-09 09:04:11.422562,Заголовок про программирование 2418,Текст про программирование должен быть больше 100 символов 2418
2419,1,2025-09-09 09:04:11.422563,Заголовок про программирование 2419,Текст про программирование должен быть больше 100 символов 2419
2420,2,2025-09-09 09:04:11.422564,Заголовок про программирование 2420,Текст про программирование должен быть больше 100 символов 2420
2421,1,2025-09-09 09:04:11.422565,Заголовок про программирование 2421,Текст про программирование должен быть больше 100 символов 2421
2422,2,2025-09-09 09:04:11.422566,Заголовок про программирование 2422,Текст про программирование должен быть больше 100 символов 2422
2423,2,2025-09-09 09:04:11.422567,Заголовок про программирование 2423,Текст про программирование должен быть больше 100 символов 2423
2424,2,2025-09-09 09:04:11.422568,Заголовок про программирование 2424,Текст про программирование должен быть больше 100 символов 2424
2425,3,2025-09-09 09:04:11.422569,Заголовок про программирование 2425,Текст про программирование должен быть больше 100 символов 2425
2426,3,2025-09-09 09:04:11.422570,Заголовок про программирование 2426,Текст про программирование должен быть больше 100 символов 2426
2427,3,2025-09-09 09:04:11.422571,Заголовок про программирование 2427,Текст про программирование должен быть больше 100 символов 2427
2428,2,2025-09-09 09:04:11.422572,Заголовок про программирование 2428,Текст про программирование должен быть больше 100 символов 2428
2429,2,2025-09-09 09:04:11.422573,Заголовок про программирование 2429,Текст про программирование должен быть больше 100 символов 2429
2430,2,2025-09-09 09:04:11.422574,Заголовок про программирование 2430,Текст про программирование должен быть больше 100 символов 2430
2431,1,2025-09-09 09:04:11.422575,Заголовок про программирование 2431,Текст про программирование должен быть больше 100 символов 2431
2432,3,2025-09-09 09:04:11.422576,Заголовок про программирование 2432,Текст про программирование должен быть больше 100 символов 2432
2433,2,2025-09-09 09:04:11.422577,Заголовок про программирование 2433,Текст про программирование должен быть больше 100 символов 2433
2434,1,2025-09-09 09:04:11.422578,Заголовок про программирование 2434,Текст про программирование должен быть больше 100 символов 2434
2435,1,2025-09-09 09:04:11.422579,Заголовок про программирование 2435,Текст про программирование должен быть больше 100 символов 2435
2436,1,2025-09-09 09:04:11.422580,Заголовок про программирование 2436,Текст про программирование должен быть больше 100 символов 2436
2437,1,2025-09-09 09:04:11.422581,Заголовок про программирование 2437,Текст про программирование должен быть больше 100 символов 2437
2438,3,2025-09-09 09:04:11.422582,Заголовок про программирование 2438,Текст про программирование должен быть больше 100 символов 2438
2439,2,2025-09-09 09:04:11.422583,Заголовок про программирование 2439,Текст про программирование должен быть больше 100 символов 2439
2440,2,2025-09-09 09:04:11.422584,Заголовок про программирование 2440,Текст про программирование должен быть больше 100 символов 2440
2441,1,2025-09-09 09:04:11.422585,Заголовок про программирование 2441,Текст про программирование должен быть больше 100 символов 2441
2442,1,2025-09-09 09:04:11.422586,Заголовок про программирование 2442,Текст про программирование должен быть больше 100 символов 2442
2443,3,2025-09-09 09:04:11.422587,Заголовок про программирование 2443,Текст про программирование должен быть больше 100 символов 2443
2444,1,2025-09-09 09:04:11.422588,Заголовок про программирование 2444,Текст про программирование должен быть больше 100 символов 2444
2445,3,2025-09-09 09:04:11.422589,Заголовок про программирование 2445,Текст про программирование должен быть больше 100 символов 2445
2446,2,2025-09-09 09:04:11.422590,Заголовок про программирование 2446,Текст про программирование должен быть больше 100 символов 2446
2447,2,2025-09-09 09:04:11.422591,Заголовок про программирование 2447,Текст про программирование должен быть больше 100 символов 2447
2448,1,2025-09-09 09:04:11.422592,Заголовок про программирование 2448,Текст про программирование должен быть больше 100 символов 2448
2449,2,2025-09-09 09:04:11.422593,Заголовок про программирование 2449,Текст про программирование должен быть больше 100 символов 2449
2450,2,2025-09-09 09:04:11.422594,Заголовок про программирование 2450,Текст про программирование должен быть больше 100 символов 2450
2451,3,2025-09-09 09:04:11.422595,Заголовок про программирование 2451,Текст про программирование должен быть больше 100 символов 2451
2452,3,2025-09-09 09:04:11.422596,Заголовок про программирование 2452,Текст про программирование должен быть больше 100 символов 2452
2453,2,2025-09-09 09:04:11.422597,Заголовок про программирование 2453,Текст про программирование должен быть больше 100 символов 2453
2454,2,2025-09-09 09:04:11.422598,Заголовок про программирование 2454,Текст про программирование должен быть больше 100 символов 2454
2455,3,2025-09-09 09:04:11.422599,Заголовок про программирование 2455,Текст про программирование должен быть больше 100 символов 2455
2456,1,2025-09-09 09:04:11.422600,Заголовок про программирование 2456,Текст про программирование должен быть больше 100 символов 2456
2457,1,2025-09-09 09:04:11.422601,Заголовок про программирование 2457,Текст про программирование должен быть больше 100 символов 2457
2458,2,2025-09-09 09:04:11.422602,Заголовок про программирование 2458,Текст про программирование должен быть больше 100 символов 2458
2459,3,2025-09-09 09:04:11.422603,Заголовок про программирование 2459,Текст про программирование должен быть больше 100 символов 2459
2460,1,2025-09-09 09:04:11.422604,Заголовок про программирование 2460,Текст про программирование должен быть больше 100 символов 2460
2461,1,2025-09-09 09:04:11.422605,Заголовок про программирование 2461,Текст про программирование должен быть больше 100 символов 2461
2462,2,2025-09-09 09:04:11.422606,Заголовок про программирование 2462,Текст про программирование должен быть больше 100 символов 2462
2463,2,2025-09-09 09:04:11.422607,Заголовок про программирование 2463,Текст про программирование должен быть больше 100 символов 2463
2464,1,2025-09-09 09:04:11.422608,Заголовок про программирование 2464,Текст про программирование должен быть больше 100 символов 2464
2465,3,2025-09-09 09:04:11.422609,Заголовок про программирование 2465,Текст про программирование должен быть больше 100 символов 2465
2466,2,2025-09-09 09:04:11.422610,Заголовок про программирование 2466,Текст про программирование должен быть больше 100 символов 2466
2467,1,2025-09-09 09:04:11.422611,Заголовок про программирование 2467,Текст про программирование должен быть больше 100 символов 2467
2468,1,2025-09-09 09:04:11.422612,Заголовок про программирование 2468,Текст про программирование должен быть больше 100 символов 2468
2469,3,2025-09-09 09:04:11.422613,Заголовок про программирование 2469,Текст про программирование должен быть больше 100 символов 2469
2470,3,2025-09-09 09:04:11.422614,Заголовок про программирование 2470,Текст про программирование должен быть больше 100 символов 2470
2471,3,2025-09-09 09:04:11.422615,Заголовок про программирование 2471,Текст про программирование должен быть больше 100 символов 2471
2472,3,2025-09-09 09:04:11.422616,Заголовок про программирование 2472,Текст про программирование должен быть больше 100 символов 2472
2473,2,2025-09-09 09:04:11.422617,Заголовок про программирование 2473,Текст про программирование должен быть больше 100 символов 2473
2474,2,2025-09-09 09:04:11.422618,Заголовок про программирование 2474,Текст про программирование должен быть больше 100 символов 2474
2475,2,2025-09-09 09:04:11.422619,Заголовок про программирование 2475,Текст про программирование должен быть больше 100 символов 2475
2476,1,2025-09-09 09:04:11.422620,Заголовок про программирование 2476,Текст про программирование должен быть больше 100 символов 2476
2477,2,2025-09-09 09:04:11.422621,Заголовок про программирование 2477,Текст про программирование должен быть больше 100 символов 2477
2478,1,2025-09-09 09:04:11.422622,Заголовок про программирование 2478,Текст про программирование должен быть больше 100 символов 2478
2479,3,2025-09-09 09:04:11.422623,Заголовок про программирование 2479,Текст про программирование должен быть больше 100 символов 2479
2480,2,2025-09-09 09:04:11.422624,Заголовок про программирование 2480,Текст про программирование должен быть больше 100 символов 2480
2481,1,2025-09-09 09:04:11.422625,Заголовок про программирование 2481,Текст про программирование должен быть больше 100 символов 2481
2482,3,2025-09-09 09:04:11.422626,Заголовок про программирование 2482,Текст про программирование должен быть больше 100 символов 2482
2483,3,2025-09-09 09:04:11.422627,Заголовок про программирование 2483,Текст про программирование должен быть больше 100 символов 2483
2484,3,2025-09-09 09:04:11.422628,Заголовок про программирование 2484,Текст про программирование должен быть больше 100 символов 2484
2485,2,2025-09-09 09:04:11.422629,Заголовок про программирование 2485,Текст про программирование должен быть больше 100 символов 2485
2486,2,2025-09-09 09:04:11.422630,Заголовок про программирование 2486,Текст про программирование должен быть больше 100 символов 2486
2487,2,2025-09-09 09:04:11.422631,Заголовок про программирование 2487,Текст про программирование должен быть больше 100 символов 2487
2488,1,2025-09-09 09:04:11.422632,Заголовок про программирование 2488,Текст про программирование должен быть больше 100 символов 2488
2489,1,2025-09-09 09:04:11.422633,Заголовок про программирование 2489,Текст про программирование должен быть больше 100 символов 2489
2490,2,2025-09-09 09:04:11.422634,Заголовок про программирование 2490,Текст про программирование должен быть больше 100 символов 2490
2491,3,2025-09-09 09:04:11.422635,Заголовок про программирование 2491,Текст про программирование должен быть больше 100 символов 2491
2492,2,2025-09-09 09:04:11.422636,Заголовок про программирование 2492,Текст про программирование должен быть больше 100 символов 2492
2493,2,2025-09-09 09:04:11.422637,Заголовок про программирование 2493,Текст про программирование должен быть больше 100 символов 2493
2494,1,2025-09-09 09:04:11.422638,Заголовок про программирование 2494,Текст про программирование должен быть больше 100 символов 2494
2495,2,2025-09-09 09:04:11.422639,Заголовок про программирование 2495,Текст про программирование должен быть больше 100 символов 2495
2496,3,2025-09-09 09:04:11.422640,Заголовок про программирование 2496,Текст про программирование должен быть больше 100 символов 2496
2497,3,2025-09-09 09:04:11.422641,Заголовок про программирование 2497,Текст про программирование должен быть больше 100 символов 2497
2498,2,2025-09-09 09:04:11.422642,Заголовок про программирование 2498,Текст про программирование должен быть больше 100 символов 2498
2499,2,2025-09-09 09:04:11.422643,Заголовок про программирование 2499,Текст про программирование должен быть больше 100 символов 2499
2500,1,2025-09-09 09:04:11.422644,Заголовок про программирование 2500,Текст про программирование должен быть больше 100 символов 2500
2501,1,2025-09-09 09:04:11.422645,Заголовок про программирование 2501,Текст про программирование должен быть больше 100 символов 2501
2502,3,2025-09-09 09:04:11.422646,Заголовок про программирование 2502,Текст про программирование должен быть больше 100 символов 2502
2503,1,2025-09-09 09:04:11.422647,Заголовок про программирование 2503,Текст про программирование должен быть больше 100 символов 2503
2504,1,2025-09-09 09:04:11.422648,Заголовок про программирование 2504,Текст про программирование должен быть больше 100 символов 2504
2505,2,2025-09-09 09:04:11.422649,Заголовок про программирование 2505,Текст про программирование должен быть больше 100 символов 2505
2506,1,2025-09-09 09:04:11.422650,Заголовок про программирование 2506,Текст про программирование должен быть больше 100 символов 2506
2507,1,2025-09-09 09:04:11.422651,Заголовок про программирование 2507,Текст про программирование должен быть больше 100 символов 2507
2508,1,2025-09-09 09:04:11.422652,Заголовок про программирование 2508,Текст про программирование должен быть больше 100 символов 2508
2509,2,2025-09-09 09:04:11.422653,Заголовок про программирование 2509,Текст про программирование должен быть больше 100 символов 2509
2510,2,2025-09-09 09:04:11.422654,Заголовок про программирование 2510,Текст про программирование должен быть больше 100 символов 2510
2511,1,2025-09-09 09:04:11.422655,Заголовок про программирование 2511,Текст про программирование должен быть больше 100 символов 2511
2512,3,2025-09-09 09:04:11.422656,Заголовок про программирование 2512,Текст про программирование должен быть больше 100 символов 2512
2513,2,2025-09-09 09:04:11.422657,Заголовок про программирование 2513,Текст про программирование должен быть больше 100 символов 2513
2514,3,2025-09-09 09:04:11.422658,Заголовок про программирование 2514,Текст про программирование должен быть больше 100 символов 2514
2515,2,2025-09-09 09:04:11.422659,Заголовок про программирование 2515,Текст про программирование должен быть больше 100 символов 2515
2516,2,2025-09-09 09:04:11.422660,Заголовок про программирование 2516,Текст про программирование должен быть больше 100 символов 2516
2517,2,2025-09-09 09:04:11.422661,Заголовок про программирование 2517,Текст про программирование должен быть больше 100 символов 2517
2518,1,2025-09-09 09:04:11.422662,Заголовок про программирование 2518,Текст про программирование должен быть больше 100 символов 2518
2519,3,2025-09-09 09:04:11.422663,Заголовок про программирование 2519,Текст про программирование должен быть больше 100 символов 2519
2520,3,2025-09-09 09:04:11.422664,Заголовок про программирование 2520,Текст про программирование должен быть больше 100 символов 2520
2521,2,2025-09-09 09:04:11.422665,Заголовок про программирование 2521,Текст про программирование должен быть больше 100 символов 2521
2522,1,2025-09-09 09:04:11.422666,Заголовок про программирование 2522,Текст про программирование должен быть больше 100 символов 2522
2523,1,2025-09-09 09:04:11.422667,Заголовок про программирование 2523,Текст про программирование должен быть больше 100 символов 2523
2524,3,2025-09-09 09:04:11.422668,Заголовок про программирование 2524,Текст про программирование должен быть больше 100 символов 2524
2525,1,2025-09-09 09:04:11.422669,Заголовок про программирование 2525,Текст про программирование должен быть больше 100 символов 2525
2526,1,2025-09-09 09:04:11.422670,Заголовок про программирование 2526,Текст про программирование должен быть больше 100 символов 2526
2527,3,2025-09-09 09:04:11.422671,Заголовок про программирование 2527,Текст про программирование должен быть больше 100 символов 2527
2528,1,2025-09-09 09:04:11.422672,Заголовок про программирование 2528,Текст про программирование должен быть больше 100 символов 2528
2529,1,2025-09-09 09:04:11.422673,Заголовок про программирование 2529,Текст про программирование должен быть больше 100 символов 2529
2530,3,2025-09-09 09:04:11.422674,Заголовок про программирование 2530,Текст про программирование должен быть больше 100 символов 2530
2531,1,2025-09-09 09:04:11.422675,Заголовок про программирование 2531,Текст про программирование должен быть больше 100 символов 2531
2532,3,2025-09-09 09:04:11.422676,Заголовок про программирование 2532,Текст про программирование должен быть больше 100 символов 2532
2533,3,2025-09-09 09:04:11.422677,Заголовок про программирование 2533,Текст про программирование должен быть больше 100 символов 2533
2534,1,2025-09-09 09:04:11.422678,Заголовок про программирование 2534,Текст про программирование должен быть больше 100 символов 2534
2535,2,2025-09-09 09:04:11.422679,Заголовок про программирование 2535,Текст про программирование должен быть больше 100 символов 2535
2536,2,2025-09-09 09:04:11.422680,Заголовок про программирование 2536,Текст про программирование должен быть больше 100 символов 2536
2537,2,2025-09-09 09:04:11.422681,Заголовок про программирование 2537,Текст про программирование должен быть больше 100 символов 2537
2538,1,2025-09-09 09:04:11.422682,Заголовок про программирование 2538,Текст про программирование должен быть больше 100 символов 2538
2539,2,2025-09-09 09:04:11.422683,Заголовок про программирование 2539,Текст про программирование должен быть больше 100 символов 2539
2540,3,2025-09-09 09:04:11.422684,Заголовок про программирование 2540,Текст про программирование должен быть больше 100 символов 2540
2541,2,2025-09-09 09:04:11.422685,Заголовок про программирование 2541,Текст про программирование должен быть больше 100 символов 2541
2542,3,2025-09-09 09:04:11.422686,Заголовок про программирование 2542,Текст про программирование должен быть больше 100 символов 2542
2543,2,2025-09-09 09:04:11.422687,Заголовок про программирование 2543,Текст про программирование должен быть больше 100 символов 2543
2544,2,2025-09-09 09:04:11.422688,Заголовок про программирование 2544,Текст про программирование должен быть больше 100 символов 2544
2545,3,2025-09-09 09:04:11.422689,Заголовок про программирование 2545,Текст про программирование должен быть больше 100 символов 2545
2546,2,2025-09-09 09:04:11.422690,Заголовок про программирование 2546,Текст про программирование должен быть больше 100 символов 2546
2547,1,2025-09-09 09:04:11.422691,Заголовок про программирование 2547,Текст про программирование должен быть больше 100 символов 2547
2548,2,2025-09-09 09:04:11.422692,Заголовок про программирование 2548,Текст про программирование должен быть больше 100 символов 2548
2549,1,2025-09-09 09:04:11.422693,Заголовок про программирование 2549,Текст про программирование должен быть больше 100 символов 2549
2550,1,2025-09-09 09:04:11.422694,Заголовок про программирование 2550,Текст про программирование должен быть больше 100 символов 2550
2551,1,2025-09-09 09:04:11.422695,Заголовок про программирование 2551,Текст про программирование должен быть больше 100 символов 2551
2552,2,2025-09-09 09:04:11.422696,Заголовок про программирование 2552,Текст про программирование должен быть больше 100 символов 2552
2553,1,2025-09-09 09:04:11.422697,Заголовок про программирование 2553,Текст про программирование должен быть больше 100 символов 2553
2554,1,2025-09-09 09:04:11.422698,Заголовок про программирование 2554,Текст про программирование должен быть больше 100 символов 2554
2555,3,2025-09-09 09:04:11.422699,Заголовок про программирование 2555,Текст про программирование должен быть больше 100 символов 2555
2556,2,2025-09-09 09:04:11.422700,Заголовок про программирование 2556,Текст про программирование должен быть больше 100 символов 2556
2557,3,2025-09-09 09:04:11.422701,Заголовок про программирование 2557,Текст про программирование должен быть больше 100 символов 2557
2558,3,2025-09-09 09:04:11.422702,Заголовок про программирование 2558,Текст про программирование должен быть больше 100 символов 2558
2559,1,2025-09-09 09:04:11.422703,Заголовок про программирование 2559,Текст про программирование должен быть больше 100 символов 2559
2560,2,2025-09-09 09:04:11.422704,Заголовок про программирование 2560,Текст про программирование должен быть больше 100 символов 2560
2561,2,2025-09-09 09:04:11.422705,Заголовок про программирование 2561,Текст про программирование должен быть больше 100 символов 2561
2562,2,2025-09-09 09:04:11.422706,Заголовок про программирование 2562,Текст про программирование должен быть больше 100 символов 2562
2563,2,2025-09-09 09:04:11.422707,Заголовок про программирование 2563,Текст про программирование должен быть больше 100 символов 2563
2564,2,2025-09-09 09:04:11.422708,Заголовок про программирование 2564,Текст про программирование должен быть больше 100 символов 2564
2565,3,2025-09-09 09:04:11.422709,Заголовок про программирование 2565,Текст про программирование должен быть больше 100 символов 2565
2566,2,2025-09-09 09:04:11.422710,Заголовок про программирование 2566,Текст про программирование должен быть больше 100 символов 2566
2567,3,2025-09-09 09:04:11.422711,Заголовок про программирование 2567,Текст про программирование должен быть больше 100 символов 2567
2568,1,2025-09-09 09:04:11.422712,Заголовок про программирование 2568,Текст про программирование должен быть больше 100 символов 2568
2569,1,2025-09-09 09:04:11.422713,Заголовок про программирование 2569,Текст про программирование должен быть больше 100 символов 2569
2570,1,2025-09-09 09:04:11.422714,Заголовок про программирование 2570,Текст про программирование должен быть больше 100 символов 2570
2571,1,2025-09-09 09:04:11.422715,Заголовок про программирование 2571,Текст про программирование должен быть больше 100 символов 2571
2572,3,2025-09-09 09:04:11.422716,Заголовок про программирование 2572,Текст про программирование должен быть больше 100 символов 2572
2573,3,2025-09-09 09:04:11.422717,Заголовок про программирование 2573,Текст про программирование должен быть больше 100 символов 2573
2574,1,2025-09-09 09:04:11.422718,Заголовок про программирование 2574,Текст про программирование должен быть больше 100 символов 2574
2575,3,2025-09-09 09:04:11.422719,Заголовок про программирование 2575,Текст про программирование должен быть больше 100 символов 2575
2576,3,2025-09-09 09:04:11.422720,Заголовок про программирование 2576,Текст про программирование должен быть больше 100 символов 2576
2577,3,2025-09-09 09:04:11.422721,Заголовок про программирование 2577,Текст про программирование должен быть больше 100 символов 2577
2578,1,2025-09-09 09:04:11.422722,Заголовок про программирование 2578,Текст про программирование должен быть больше 100 символов 2578
2579,3,2025-09-09 09:04:11.422723,Заголовок про программирование 2579,Текст про программирование должен быть больше 100 символов 2579
2580,3,2025-09-09 09:04:11.422724,Заголовок про программирование 2580,Текст про программирование должен быть больше 100 символов 2580
2581,1,2025-09-09 09:04:11.422725,Заголовок про программирование 2581,Текст про программирование должен быть больше 100 символов 2581
2582,1,2025-09-09 09:04:11.422726,Заголовок про программирование 2582,Текст про программирование должен быть больше 100 символов 2582
2583,2,2025-09-09 09:04:11.422727,Заголовок про программирование 2583,Текст про программирование должен быть больше 100 символов 2583
2584,2,2025-09-09 09:04:11.422728,Заголовок про программирование 2584,Текст про программирование должен быть больше 100 символов 2584
2585,2,2025-09-09 09:04:11.422729,Заголовок про программирование 2585,Текст про программирование должен быть больше 100 символов 2585
2586,3,2025-09-09 09:04:11.422730,Заголовок про программирование 2586,Текст про программирование должен быть больше 100 символов 2586
2587,2,2025-09-09 09:04:11.422731,Заголовок про программирование 2587,Текст про программирование должен быть больше 100 символов 2587
2588,3,2025-09-09 09:04:11.422732,Заголовок про программирование 2588,Текст про программирование должен быть больше 100 символов 2588
2589,1,2025-09-09 09:04:11.422733,Заголовок про программирование 2589,Текст про программирование должен быть больше 100 символов 2589
2590,3,2025-09-09 09:04:11.422734,Заголовок про программирование 2590,Текст про программирование должен быть больше 100 символов 2590
2591,1,2025-09-09 09:04:11.422735,Заголовок про программирование 2591,Текст про программирование должен быть больше 100 символов 2591
2592,1,2025-09-09 09:04:11.422736,Заголовок про программирование 2592,Текст про программирование должен быть больше 100 символов 2592
2593,2,2025-09-09 09:04:11.422737,Заголовок про программирование 2593,Текст про программирование должен быть больше 100 символов 2593
2594,3,2025-09-09 09:04:11.422738,Заголовок про программирование 2594,Текст про программирование должен быть больше 100 символов 2594
2595,2,2025-09-09 09:04:11.422739,Заголовок про программирование 2595,Текст про программирование должен быть больше 100 символов 2595
2596,2,2025-09-09 09:04:11.422740,Заголовок про программирование 2596,Текст про программирование должен быть больше 100 символов 2596
2597,1,2025-09-09 09:04:11.422741,Заголовок про программирование 2597,Текст про программирование должен быть больше 100 символов 2597
2598,1,2025-09-09 09:04:11.422742,Заголовок про программирование 2598,Текст про программирование должен быть больше 100 символов 2598
2599,3,2025-09-09 09:04:11.422743,Заголовок про программирование 2599,Текст про программирование должен быть больше 100 символов 2599
2600,3,2025-09-09 09:04:11.422744,Заголовок про программирование 2600,Текст про программирование должен быть больше 100 символов 2600
2601,2,2025-09-09 09:04:11.422745,Заголовок про программирование 2601,Текст про программирование должен быть больше 100 символов 2601
2602,2,2025-09-09 09:04:11.422746,Заголовок про программирование 2602,Текст про программирование должен быть больше 100 символов 2602
2603,3,2025-09-09 09:04:11.422747,Заголовок про программирование 2603,Текст про программирование должен быть больше 100 символов 2603
2604,3,2025-09-09 09:04:11.422748,Заголовок про программирование 2604,Текст про программирование должен быть больше 100 символов 2604
2605,1,2025-09-09 09:04:11.422749,Заголовок про программирование 2605,Текст про программирование должен быть больше 100 символов 2605
2606,2,2025-09-09 09:04:11.422750,Заголовок про программирование 2606,Текст про программирование должен быть больше 100 символов 2606
2607,1,2025-09-09 09:04:11.422751,Заголовок про программирование 2607,Текст про программирование должен быть больше 100 символов 2607
2608,2,2025-09-09 09:04:11.422752,Заголовок про программирование 2608,Текст про программирование должен быть больше 100 символов 2608
2609,2,2025-09-09 09:04:11.422753,Заголовок про программирование 2609,Текст про программирование должен быть больше 100 символов 2609
2610,3,2025-09-09 09:04:11.422754,Заголовок про программирование 2610,Текст про программирование должен быть больше 100 символов 2610
2611,3,2025-09-09 09:04:11.422755,Заголовок про программирование 2611,Текст про программирование должен быть больше 100 символов 2611
2612,2,2025-09-09 09:04:11.422756,Заголовок про программирование 2612,Текст про программирование должен быть больше 100 символов 2612
2613,1,2025-09-09 09:04:11.422757,Заголовок про программирование 2613,Текст про программирование должен быть больше 100 символов 2613
2614,1,2025-09-09 09:04:11.422758,Заголовок про программирование 2614,Текст про программирование должен быть больше 100 символов 2614
2615,2,2025-09-09 09:04:11.422759,Заголовок про программирование 2615,Текст про программирование должен быть больше 100 символов 2615
2616,2,2025-09-09 09:04:11.422760,Заголовок про программирование 2616,Текст про программирование должен быть больше 100 символов 2616
2617,1,2025-09-09 09:04:11.422761,Заголовок про программирование 2617,Текст про программирование должен быть больше 100 символов 2617
2618,2,2025-09-09 09:04:11.422762,Заголовок про программирование 2618,Текст про программирование должен быть больше 100 символов 2618
2619,1,2025-09-09 09:04:11.422763,Заголовок про программирование 2619,Текст про программирование должен быть больше 100 символов 2619
2620,3,2025-09-09 09:04:11.422764,Заголовок про программирование 2620,Текст про программирование должен быть больше 100 символов 2620
2621,3,2025-09-09 09:04:11.422765,Заголовок про программирование 2621,Текст про программирование должен быть больше 100 символов 2621
2622,2,2025-09-09 09:04:11.422766,Заголовок про программирование 2622,Текст про программирование должен быть больше 100 символов 2622
2623,1,2025-09-09 09:04:11.422767,Заголовок про программирование 2623,Текст про программирование должен быть больше 100 символов 2623
2624,1,2025-09-09 09:04:11.422768,Заголовок про программирование 2624,Текст про программирование должен быть больше 100 символов 2624
2625,1,2025-09-09 09:04:11.422769,Заголовок про программирование 2625,Текст про программирование должен быть больше 100 символов 2625
2626,1,2025-09-09 09:04:11.422770,Заголовок про программирование 2626,Текст про программирование должен быть больше 100 символов 2626
2627,1,2025-09-09 09:04:11.422771,Заголовок про программирование 2627,Текст про программирование должен быть больше 100 символов 2627
2628,1,2025-09-09 09:04:11.422772,Заголовок про программирование 2628,Текст про программирование должен быть больше 100 символов 2628
2629,3,2025-09-09 09:04:11.422773,Заголовок про программирование 2629,Текст про программирование должен быть больше 100 символов 2629
2630,3,2025-09-09 09:04:11.422774,Заголовок про программирование 2630,Текст про программирование должен быть больше 100 символов 2630
2631,1,2025-09-09 09:04:11.422775,Заголовок про программирование 2631,Текст про программирование должен быть больше 100 символов 2631
2632,2,2025-09-09 09:04:11.422776,Заголовок про программирование 2632,Текст про программирование должен быть больше 100 символов 2632
2633,1,2025-09-09 09:04:11.422777,Заголовок про программирование 2633,Текст про программирование должен быть больше 100 символов 2633
2634,2,2025-09-09 09:04:11.422778,Заголовок про программирование 2634,Текст про программирование должен быть больше 100 символов 2634
2635,3,2025-09-09 09:04:11.422779,Заголовок про программирование 2635,Текст про программирование должен быть больше 100 символов 2635
2636,2,2025-09-09 09:04:11.422780,Заголовок про программирование 2636,Текст про программирование должен быть больше 100 символов 2636
2637,2,2025-09-09 09:04:11.422781,Заголовок про программирование 2637,Текст про программирование должен быть больше 100 символов 2637
2638,1,2025-09-09 09:04:11.422782,Заголовок про программирование 2638,Текст про программирование должен быть больше 100 символов 2638
2639,3,2025-09-09 09:04:11.422783,Заголовок про программирование 2639,Текст про программирование должен быть больше 100 символов 2639
2640,2,2025-09-09 09:04:11.422784,Заголовок про программирование 2640,Текст про программирование должен быть больше 100 символов 2640
2641,3,2025-09-09 09:04:11.422785,Заголовок про программирование 2641,Текст про программирование должен быть больше 100 символов 2641
2642,2,2025-09-09 09:04:11.422786,Заголовок про программирование 2642,Текст про программирование должен быть больше 100 символов 2642
2643,2,2025-09-09 09:04:11.422787,Заголовок про программирование 2643,Текст про программирование должен быть больше 100 символов 2643
2644,1,2025-09-09 09:04:11.422788,Заголовок про программирование 2644,Текст про программирование должен быть больше 100 символов 2644
2645,1,2025-09-09 09:04:11.422789,Заголовок про программирование 2645,Текст про программирование должен быть больше 100 символов 2645
2646,3,2025-09-09 09:04:11.422790,Заголовок про программирование 2646,Текст про программирование должен быть больше 100 символов 2646
2647,1,2025-09-09 09:04:11.422791,Заголовок про программирование 2647,Текст про программирование должен быть больше 100 символов 2647
2648,2,2025-09-09 09:04:11.422792,Заголовок про программирование 2648,Текст про программирование должен быть больше 100 символов 2648
2649,2,2025-09-09 09:04:11.422793,Заголовок про программирование 2649,Текст про программирование должен быть больше 100 символов 2649
2650,1,2025-09-09 09:04:11.422794,Заголовок про программирование 2650,Текст про программирование должен быть больше 100 символов 2650
2651,1,2025-09-09 09:04:11.422795,Заголовок про программирование 2651,Текст про программирование должен быть больше 100 символов 2651
2652,2,2025-09-09 09:04:11.422796,Заголовок про программирование 2652,Текст про программирование должен быть больше 100 символов 2652
2653,3,2025-09-09 09:04:11.422797,Заголовок про программирование 2653,Текст про программирование должен быть больше 100 символов 2653
2654,2,2025-09-09 09:04:11.422798,Заголовок про программирование 2654,Текст про программирование должен быть больше 100 символов 2654
2655,1,2025-09-09 09:04:11.422799,Заголовок про программирование 2655,Текст про программирование должен быть больше 100 символов 2655
2656,3,2025-09-09 09:04:11.422800,Заголовок про программирование 2656,Текст про программирование должен быть больше 100 символов 2656
2657,3,2025-09-09 09:04:11.422801,Заголовок про программирование 2657,Текст про программирование должен быть больше 100 символов 2657
2658,1,2025-09-09 09:04:11.422802,Заголовок про программирование 2658,Текст про программирование должен быть больше 100 символов 2658
2659,2,2025-09-09 09:04:11.422803,Заголовок про программирование 2659,Текст про программирование должен быть больше 100 символов 2659
2660,1,2025-09-09 09:04:11.422804,Заголовок про программирование 2660,Текст про программирование должен быть больше 100 символов 2660
2661,2,2025-09-09 09:04:11.422805,Заголовок про программирование 2661,Текст про программирование должен быть больше 100 символов 2661
2662,2,2025-09-09 09:04:11.422806,Заголовок про программирование 2662,Текст про программирование должен быть больше 100 символов 2662
2663,1,2025-09-09 09:04:11.422807,Заголовок про программирование 2663,Текст про программирование должен быть больше 100 символов 2663
2664,2,2025-09-09 09:04:11.422808,Заголовок про программирование 2664,Текст про программирование должен быть больше 100 символов 2664
2665,1,2025-09-09 09:04:11.422809,Заголовок про программирование 2665,Текст про программирование должен быть больше 100 символов 2665
2666,3,2025-09-09 09:04:11.422810,Заголовок про программирование 2666,Текст про программирование должен быть больше 100 символов 2666
2667,2,2025-09-09 09:04:11.422811,Заголовок про программирование 2667,Текст про программирование должен быть больше 100 символов 2667
2668,3,2025-09-09 09:04:11.422812,Заголовок про программирование 2668,Текст про программирование должен быть больше 100 символов 2668
2669,1,2025-09-09 09:04:11.422813,Заголовок про программирование 2669,Текст про программирование должен быть больше 100 символов 2669
2670,3,2025-09-09 09:04:11.422814,Заголовок про программирование 2670,Текст про программирование должен быть больше 100 символов 2670
2671,2,2025-09-09 09:04:11.422815,Заголовок про программирование 2671,Текст про программирование должен быть больше 100 символов 2671
2672,3,2025-09-09 09:04:11.422816,Заголовок про программирование 2672,Текст про программирование должен быть больше 100 символов 2672
2673,2,2025-09-09 09:04:11.422817,Заголовок про программирование 2673,Текст про программирование должен быть больше 100 символов 2673
2674,1,2025-09-09 09:04:11.422818,Заголовок про программирование 2674,Текст про программирование должен быть больше 100 символов 2674
2675,3,2025-09-09 09:04:11.422819,Заголовок про программирование 2675,Текст про программирование должен быть больше 100 символов 2675
2676,2,2025-09-09 09:04:11.422820,Заголовок про программирование 2676,Текст про программирование должен быть больше 100 символов 2676
2677,1,2025-09-09 09:04:11.422821,Заголовок про программирование 2677,Текст про программирование должен быть больше 100 символов 2677
2678,3,2025-09-09 09:04:11.422822,Заголовок про программирование 2678,Текст про программирование должен быть больше 100 символов 2678
2679,1,2025-09-09 09:04:11.422823,Заголовок про программирование 2679,Текст про программирование должен быть больше 100 символов 2679
2680,3,2025-09-09 09:04:11.422824,Заголовок про программирование 2680,Текст про программирование должен быть больше 100 символов 2680
2681,3,2025-09-09 09:04:11.422825,Заголовок про программирование 2681,Текст про программирование должен быть больше 100 символов 2681
2682,1,2025-09-09 09:04:11.422826,Заголовок про программирование 2682,Текст про программирование должен быть больше 100 символов 2682
2683,3,2025-09-09 09:04:11.422827,Заголовок про программирование 2683,Текст про программирование должен быть больше 100 символов 2683
2684,3,2025-09-09 09:04:11.422828,Заголовок про программирование 2684,Текст про программирование должен быть больше 100 символов 2684
2685,2,2025-09-09 09:04:11.422829,Заголовок про программирование 2685,Текст про программирование должен быть больше 100 символов 2685
2686,1,2025-09-09 09:04:11.422830,Заголовок про программирование 2686,Текст про программирование должен быть больше 100 символов 2686
2687,3,2025-09-09 09:04:11.422831,Заголовок про программирование 2687,Текст про программирование должен быть больше 100 символов 2687
2688,1,2025-09-09 09:04:11.422832,Заголовок про программирование 2688,Текст про программирование должен быть больше 100 символов 2688
2689,2,2025-09-09 09:04:11.422833,Заголовок про программирование 2689,Текст про программирование должен быть больше 100 символов 2689
2690,2,2025-09-09 09:04:11.422834,Заголовок про программирование 2690,Текст про программирование должен быть больше 100 символов 2690
2691,1,2025-09-09 09:04:11.422835,Заголовок про программирование 2691,Текст про программирование должен быть больше 100 символов 2691
2692,2,2025-09-09 09:04:11.422836,Заголовок про программирование 2692,Текст про программирование должен быть больше 100 символов 2692
2693,1,2025-09-09 09:04:11.422837,Заголовок про программирование 2693,Текст про программирование должен быть больше 100 символов 2693
2694,2,2025-09-09 09:04:11.422838,Заголовок про программирование 2694,Текст про программирование должен быть больше 100 символов 2694
2695,2,2025-09-09 09:04:11.422839,Заголовок про программирование 2695,Текст про программирование должен быть больше 100 символов 2695
2696,2,2025-09-09 09:04:11.422840,Заголовок про программирование 2696,Текст про программирование должен быть больше 100 символов 2696
2697,2,2025-09-09 09:04:11.422841,Заголовок про программирование 2697,Текст про программирование должен быть больше 100 символов 2697
2698,1,2025-09-09 09:04:11.422842,Заголовок про программирование 2698,Текст про программирование должен быть больше 100 символов 2698
2699,1,2025-09-09 09:04:11.422843,Заголовок про программирование 2699,Текст про программирование должен быть больше 100 символов 2699
2700,1,2025-09-09 09:04:11.422844,Заголовок про программирование 2700,Текст про программирование должен быть больше 100 символов 2700
2701,3,2025-09-09 09:04:11.422845,Заголовок про программирование 2701,Текст про программирование должен быть больше 100 символов 2701
2702,1,2025-09-09 09:04:11.422846,Заголовок про программирование 2702,Текст про программирование должен быть больше 100 символов 2702
2703,2,2025-09-09 09:04:11.422847,Заголовок про программирование 2703,Текст про программирование должен быть больше 100 символов 2703
2704,1,2025-09-09 09:04:11.422848,Заголовок про программирование 2704,Текст про программирование должен быть больше 100 символов 2704
2705,3,2025-09-09 09:04:11.422849,Заголовок про программирование 2705,Текст про программирование должен быть больше 100 символов 2705
2706,2,2025-09-09 09:04:11.422850,Заголовок про программирование 2706,Текст про программирование должен быть больше 100 символов 2706
2707,1,2025-09-09 09:04:11.422851,Заголовок про программирование 2707,Текст про программирование должен быть больше 100 символов 2707
2708,3,2025-09-09 09:04:11.422852,Заголовок про программирование 2708,Текст про программирование должен быть больше 100 символов 2708
2709,1,2025-09-09 09:04:11.422853,Заголовок про программирование 2709,Текст про программирование должен быть больше 100 символов 2709
2710,1,2025-09-09 09:04:11.422854,Заголовок про программирование 2710,Текст про программирование должен быть больше 100 символов 2710
2711,1,2025-09-09 09:04:11.422855,Заголовок про программирование 2711,Текст про программирование должен быть больше 100 символов 2711
2712,2,2025-09-09 09:04:11.422856,Заголовок про программирование 2712,Текст про программирование должен быть больше 100 символов 2712
2713,1,2025-09-09 09:04:11.422857,Заголовок про программирование 2713,Текст про программирование должен быть больше 100 символов 2713
2714,1,2025-09-09 09:04:11.422858,Заголовок про программирование 2714,Текст про программирование должен быть больше 100 символов 2714
2715,2,2025-09-09 09:04:11.422859,Заголовок про программирование 2715,Текст про программирование должен быть больше 100 символов 2715
2716,1,2025-09-09 09:04:11.422860,Заголовок про программирование 2716,Текст про программирование должен быть больше 100 символов 2716
2717,2,2025-09-09 09:04:11.422861,Заголовок про программирование 2717,Текст про программирование должен быть больше 100 символов 2717
2718,1,2025-09-09 09:04:11.422862,Заголовок про программирование 2718,Текст про программирование должен быть больше 100 символов 2718
2719,1,2025-09-09 09:04:11.422863,Заголовок про программирование 2719,Текст про программирование должен быть больше 100 символов 2719
2720,3,2025-09-09 09:04:11.422864,Заголовок про программирование 2720,Текст про программирование должен быть больше 100 символов 2720
2721,1,2025-09-09 09:04:11.422865,Заголовок про программирование 2721,Текст про программирование должен быть больше 100 символов 2721
2722,3,2025-09-09 09:04:11.422866,Заголовок про программирование 2722,Текст про программирование должен быть больше 100 символов 2722
2723,2,2025-09-09 09:04:11.422867,Заголовок про программирование 2723,Текст про программирование должен быть больше 100 символов 2723
2724,1,2025-09-09 09:04:11.422868,Заголовок про программирование 2724,Текст про программирование должен быть больше 100 символов 2724
2725,3,2025-09-09 09:04:11.422869,Заголовок про программирование 2725,Текст про программирование должен быть больше 100 символов 2725
2726,3,2025-09-09 09:04:11.422870,Заголовок про программирование 2726,Текст про программирование должен быть больше 100 символов 2726
2727,2,2025-09-09 09:04:11.422871,Заголовок про программирование 2727,Текст про программирование должен быть больше 100 символов 2727
2728,2,2025-09-09 09:04:11.422872,Заголовок про программирование 2728,Текст про программирование должен быть больше 100 символов 2728
2729,3,2025-09-09 09:04:11.422873,Заголовок про программирование 2729,Текст про программирование должен быть больше 100 символов 2729
2730,3,2025-09-09 09:04:11.422874,Заголовок про программирование 2730,Текст про программирование должен быть больше 100 символов 2730
2731,2,2025-09-09 09:04:11.422875,Заголовок про программирование 2731,Текст про программирование должен быть больше 100 символов 2731
2732,3,2025-09-09 09:04:11.422876,Заголовок про программирование 2732,Текст про программирование должен быть больше 100 символов 2732
2733,1,2025-09-09 09:04:11.422877,Заголовок про программирование 2733,Текст про программирование должен быть больше 100 символов 2733
2734,1,2025-09-09 09:04:11.422878,Заголовок про программирование 2734,Текст про программирование должен быть больше 100 символов 2734
2735,1,2025-09-09 09:04:11.422879,Заголовок про программирование 2735,Текст про программирование должен быть больше 100 символов 2735
2736,3,2025-09-09 09:04:11.422880,Заголовок про программирование 2736,Текст про программирование должен быть больше 100 символов 2736
2737,3,2025-09-09 09:04:11.422881,Заголовок про программирование 2737,Текст про программирование должен быть больше 100 символов 2737
2738,2,2025-09-09 09:04:11.422882,Заголовок про программирование 2738,Текст про программирование должен быть больше 100 символов 2738
2739,1,2025-09-09 09:04:11.422883,Заголовок про программирование 2739,Текст про программирование должен быть больше 100 символов 2739
2740,2,2025-09-09 09:04:11.422884,Заголовок про программирование 2740,Текст про программирование должен быть больше 100 символов 2740
2741,1,2025-09-09 09:04:11.422885,Заголовок про программирование 2741,Текст про программирование должен быть больше 100 символов 2741
2742,1,2025-09-09 09:04:11.422886,Заголовок про программирование 2742,Текст про программирование должен быть больше 100 символов 2742
2743,2,2025-09-09 09:04:11.422887,Заголовок про программирование 2743,Текст про программирование должен быть больше 100 символов 2743
2744,1,2025-09-09 09:04:11.422888,Заголовок про программирование 2744,Текст про программирование должен быть больше 100 символов 2744
2745,1,2025-09-09 09:04:11.422889,Заголовок про программирование 2745,Текст про программирование должен быть больше 100 символов 2745
2746,1,2025-09-09 09:04:11.422890,Заголовок про программирование 2746,Текст про программирование должен быть больше 100 символов 2746
2747,2,2025-09-09 09:04:11.422891,Заголовок про программирование 2747,Текст про программирование должен быть больше 100 символов 2747
2748,1,2025-09-09 09:04:11.422892,Заголовок про программирование 2748,Текст про программирование должен быть больше 100 символов 2748
2749,3,2025-09-09 09:04:11.422893,Заголовок про программирование 2749,Текст про программирование должен быть больше 100 символов 2749
2750,1,2025-09-09 09:04:11.422894,Заголовок про программирование 2750,Текст про программирование должен быть больше 100 символов 2750
2751,3,2025-09-09 09:04:11.422895,Заголовок про программирование 2751,Текст про программирование должен быть больше 100 символов 2751
2752,1,2025-09-09 09:04:11.422896,Заголовок про программирование 2752,Текст про программирование должен быть больше 100 символов 2752
2753,2,2025-09-09 09:04:11.422897,Заголовок про программирование 2753,Текст про программирование должен быть больше 100 символов 2753
2754,3,2025-09-09 09:04:11.422898,Заголовок про программирование 2754,Текст про программирование должен быть больше 100 символов 2754
2755,1,2025-09-09 09:04:11.422899,Заголовок про программирование 2755,Текст про программирование должен быть больше 100 символов 2755
2756,3,2025-09-09 09:04:11.422900,Заголовок про программирование 2756,Текст про программирование должен быть больше 100 символов 2756
2757,3,2025-09-09 09:04:11.422901,Заголовок про программирование 2757,Текст про программирование должен быть больше 100 символов 2757
2758,3,2025-09-09 09:04:11.422902,Заголовок про программирование 2758,Текст про программирование должен быть больше 100 символов 2758
2759,3,2025-09-09 09:04:11.422903,Заголовок про программирование 2759,Текст про программирование должен быть больше 100 символов 2759
2760,1,2025-09-09 09:04:11.422904,Заголовок про программирование 2760,Текст про программирование должен быть больше 100 символов 2760
2761,1,2025-09-09 09:04:11.422905,Заголовок про программирование 2761,Текст про программирование должен быть больше 100 символов 2761
2762,1,2025-09-09 09:04:11.422906,Заголовок про программирование 2762,Текст про программирование должен быть больше 100 символов 2762
2763,2,2025-09-09 09:04:11.422907,Заголовок про программирование 2763,Текст про программирование должен быть больше 100 символов 2763
2764,2,2025-09-09 09:04:11.422908,Заголовок про программирование 2764,Текст про программирование должен быть больше 100 символов 2764
2765,2,2025-09-09 09:04:11.422909,Заголовок про программирование 2765,Текст про программирование должен быть больше 100 символов 2765
2766,3,2025-09-09 09:04:11.422910,Заголовок про программирование 2766,Текст про программирование должен быть больше 100 символов 2766
2767,3,2025-09-09 09:04:11.422911,Заголовок про программирование 2767,Текст про программирование должен быть больше 100 символов 2767
2768,2,2025-09-09 09:04:11.422912,Заголовок про программирование 2768,Текст про программирование должен быть больше 100 символов 2768
2769,1,2025-09-09 09:04:11.422913,Заголовок про программирование 2769,Текст про программирование должен быть больше 100 символов 2769
2770,3,2025-09-09 09:04:11.422914,Заголовок про программирование 2770,Текст про программирование должен быть больше 100 символов 2770
2771,1,2025-09-09 09:04:11.422915,Заголовок про программирование 2771,Текст про программирование должен быть больше 100 символов 2771
2772,2,2025-09-09 09:04:11.422916,Заголовок про программирование 2772,Текст про программирование должен быть больше 100 символов 2772
2773,3,2025-09-09 09:04:11.422917,Заголовок про программирование 2773,Текст про программирование должен быть больше 100 символов 2773
2774,3,2025-09-09 09:04:11.422918,Заголовок про программирование 2774,Текст про программирование должен быть больше 100 символов 2774
2775,1,2025-09-09 09:04:11.422919,Заголовок про программирование 2775,Текст про программирование должен быть больше 100 символов 2775
2776,2,2025-09-09 09:04:11.422920,Заголовок про программирование 2776,Текст про программирование должен быть больше 100 символов 2776
2777,3,2025-09-09 09:04:11.422921,Заголовок про программирование 2777,Текст про программирование должен быть больше 100 символов 2777
2778,1,2025-09-09 09:04:11.422922,Заголовок про программирование 2778,Текст про программирование должен быть больше 100 символов 2778
2779,2,2025-09-09 09:04:11.422923,Заголовок про программирование 2779,Текст про программирование должен быть больше 100 символов 2779
2780,1,2025-09-09 09:04:11.422924,Заголовок про программирование 2780,Текст про программирование должен быть больше 100 символов 2780
2781,1,2025-09-09 09:04:11.422925,Заголовок про программирование 2781,Текст про программирование должен быть больше 100 символов 2781
2782,1,2025-09-09 09:04:11.422926,Заголовок про программирование 2782,Текст про программирование должен быть больше 100 символов 2782
2783,3,2025-09-09 09:04:11.422927,Заголовок про программирование 2783,Текст про программирование должен быть больше 100 символов 2783
2784,1,2025-09-09 09:04:11.422928,Заголовок про программирование 2784,Текст про программирование должен быть больше 100 символов 2784
2785,1,2025-09-09 09:04:11.422929,Заголовок про программирование 2785,Текст про программирование должен быть больше 100 символов 2785
2786,1,2025-09-09 09:04:11.422930,Заголовок про программирование 2786,Текст про программирование должен быть больше 100 символов 2786
2787,3,2025-09-09 09:04:11.422931,Заголовок про программирование 2787,Текст про программирование должен быть больше 100 символов 2787
2788,3,2025-09-09 09:04:11.422932,Заголовок про программирование 2788,Текст про программирование должен быть больше 100 символов 2788
2789,3,2025-09-09 09:04:11.422933,Заголовок про программирование 2789,Текст про программирование должен быть больше 100 символов 2789
2790,2,2025-09-09 09:04:11.422934,Заголовок про программирование 2790,Текст про программирование должен быть больше 100 символов 2790
2791,3,2025-09-09 09:04:11.422935,Заголовок про программирование 2791,Текст про программирование должен быть больше 100 символов 2791
2792,2,2025-09-09 09:04:11.422936,Заголовок про программирование 2792,Текст про программирование должен быть больше 100 символов 2792
2793,1,2025-09-09 09:04:11.422937,Заголовок про программирование 2793,Текст про программирование должен быть больше 100 символов 2793
2794,1,2025-09-09 09:04:11.422938,Заголовок про программирование 2794,Текст про программирование должен быть больше 100 символов 2794
2795,3,2025-09-09 09:04:11.422939,Заголовок про программирование 2795,Текст про программирование должен быть больше 100 символов 2795
2796,1,2025-09-09 09:04:11.422940,Заголовок про программирование 2796,Текст про программирование должен быть больше 100 символов 2796
2797,3,2025-09-09 09:04:11.422941,Заголовок про программирование 2797,Текст про программирование должен быть больше 100 символов 2797
2798,3,2025-09-09 09:04:11.422942,Заголовок про программирование 2798,Текст про программирование должен быть больше 100 символов 2798
2799,1,2025-09-09 09:04:11.422943,Заголовок про программирование 2799,Текст про программирование должен быть больше 100 символов 2799
2800,3,2025-09-09 09:04:11.422944,Заголовок про программирование 2800,Текст про программирование должен быть больше 100 символов 2800
2801,3,2025-09-09 09:04:11.422945,Заголовок про программирование 2801,Текст про программирование должен быть больше 100 символов 2801
2802,3,2025-09-09 09:04:11.422946,Заголовок про программирование 2802,Текст про программирование должен быть больше 100 символов 2802
2803,3,2025-09-09 09:04:11.422947,Заголовок про программирование 2803,Текст про программирование должен быть больше 100 символов 2803
2804,2,2025-09-09 09:04:11.422948,Заголовок про программирование 2804,Текст про программирование должен быть больше 100 символов 2804
2805,3,2025-09-09 09:04:11.422949,Заголовок про программирование 2805,Текст про программирование должен быть больше 100 символов 2805
2806,1,2025-09-09 09:04:11.422950,Заголовок про программирование 2806,Текст про программирование должен быть больше 100 символов 2806
2807,1,2025-09-09 09:04:11.422951,Заголовок про программирование 2807,Текст про программирование должен быть больше 100 символов 2807
2808,2,2025-09-09 09:04:11.422952,Заголовок про программирование 2808,Текст про программирование должен быть больше 100 символов 2808
2809,2,2025-09-09 09:04:11.422953,Заголовок про программирование 2809,Текст про программирование должен быть больше 100 символов 2809
2810,1,2025-09-09 09:04:11.422954,Заголовок про программирование 2810,Текст про программирование должен быть больше 100 символов 2810
2811,3,2025-09-09 09:04:11.422955,Заголовок про программирование 2811,Текст про программирование должен быть больше 100 символов 2811
2812,2,2025-09-09 09:04:11.422956,Заголовок про программирование 2812,Текст про программирование должен быть больше 100 символов 2812
2813,3,2025-09-09 09:04:11.422957,Заголовок про программирование 2813,Текст про программирование должен быть больше 100 символов 2813
2814,2,2025-09-09 09:04:11.422958,Заголовок про программирование 2814,Текст про программирование должен быть больше 100 символов 2814
2815,3,2025-09-09 09:04:11.422959,Заголовок про программирование 2815,Текст про программирование должен быть больше 100 символов 2815
2816,3,2025-09-09 09:04:11.422960,Заголовок про программирование 2816,Текст про программирование должен быть больше 100 символов 2816
2817,2,2025-09-09 09:04:11.422961,Заголовок про программирование 2817,Текст про программирование должен быть больше 100 символов 2817
2818,2,2025-09-09 09:04:11.422962,Заголовок про программирование 2818,Текст про программирование должен быть больше 100 символов 2818
2819,2,2025-09-09 09:04:11.422963,Заголовок про программирование 2819,Текст про программирование должен быть больше 100 символов 2819
2820,1,2025-09-09 09:04:11.422964,Заголовок про программирование 2820,Текст про программирование должен быть больше 100 символов 2820
2821,3,2025-09-09 09:04:11.422965,Заголовок про программирование 2821,Текст про программирование должен быть больше 100 символов 2821
2822,3,2025-09-09 09:04:11.422966,Заголовок про программирование 2822,Текст про программирование должен быть больше 100 символов 2822
2823,1,2025-09-09 09:04:11.422967,Заголовок про программирование 2823,Текст про программирование должен быть больше 100 символов 2823
2824,3,2025-09-09 09:04:11.422968,Заголовок про программирование 2824,Текст про программирование должен быть больше 100 символов 2824
2825,1,2025-09-09 09:04:11.422969,Заголовок про программирование 2825,Текст про программирование должен быть больше 100 символов 2825
2826,3,2025-09-09 09:04:11.422970,Заголовок про программирование 2826,Текст про программирование должен быть больше 100 символов 2826
2827,2,2025-09-09 09:04:11.422971,Заголовок про программирование 2827,Текст про программирование должен быть больше 100 символов 2827
2828,2,2025-09-09 09:04:11.422972,Заголовок про программирование 2828,Текст про программирование должен быть больше 100 символов 2828
2829,2,2025-09-09 09:04:11.422973,Заголовок про программирование 2829,Текст про программирование должен быть больше 100 символов 2829
2830,2,2025-09-09 09:04:11.422974,Заголовок про программирование 2830,Текст про программирование должен быть больше 100 символов 2830
2831,3,2025-09-09 09:04:11.422975,Заголовок про программирование 2831,Текст про программирование должен быть больше 100 символов 2831
2832,2,2025-09-09 09:04:11.422976,Заголовок про программирование 2832,Текст про программирование должен быть больше 100 символов 2832
2833,3,2025-09-09 09:04:11.422977,Заголовок про программирование 2833,Текст про программирование должен быть больше 100 символов 2833
2834,2,2025-09-09 09:04:11.422978,Заголовок про программирование 2834,Текст про программирование должен быть больше 100 символов 2834
2835,1,2025-09-09 09:04:11.422979,Заголовок про программирование 2835,Текст про программирование должен быть больше 100 символов 2835
2836,2,2025-09-09 09:04:11.422980,Заголовок про программирование 2836,Текст про программирование должен быть больше 100 символов 2836
2837,2,2025-09-09 09:04:11.422981,Заголовок про программирование 2837,Текст про программирование должен быть больше 100 символов 2837
2838,1,2025-09-09 09:04:11.422982,Заголовок про программирование 2838,Текст про программирование должен быть больше 100 символов 2838
2839,1,2025-09-09 09:04:11.422983,Заголовок про программирование 2839,Текст про программирование должен быть больше 100 символов 2839
2840,1,2025-09-09 09:04:11.422984,Заголовок про программирование 2840,Текст про программирование должен быть больше 100 символов 2840
2841,1,2025-09-09 09:04:11.422985,Заголовок про программирование 2841,Текст про программирование должен быть больше 100 символов 2841
2842,1,2025-09-09 09:04:11.422986,Заголовок про программирование 2842,Текст про программирование должен быть больше 100 символов 2842
2843,2,2025-09-09 09:04:11.422987,Заголовок про программирование 2843,Текст про программирование должен быть больше 100 символов 2843
2844,1,2025-09-09 09:04:11.422988,Заголовок про программирование 2844,Текст про программирование должен быть больше 100 символов 2844
2845,1,2025-09-09 09:04:11.422989,Заголовок про программирование 2845,Текст про программирование должен быть больше 100 символов 2845
2846,1,2025-09-09 09:04:11.422990,Заголовок про программирование 2846,Текст про программирование должен быть больше 100 символов 2846
2847,1,2025-09-09 09:04:11.422991,Заголовок про программирование 2847,Текст про программирование должен быть больше 100 символов 2847
2848,2,2025-09-09 09:04:11.422992,Заголовок про программирование 2848,Текст про программирование должен быть больше 100 символов 2848
2849,3,2025-09-09 09:04:11.422993,Заголовок про программирование 2849,Текст про программирование должен быть больше 100 символов 2849
2850,2,2025-09-09 09:04:11.422994,Заголовок про программирование 2850,Текст про программирование должен быть больше 100 символов 2850
2851,2,2025-09-09 09:04:11.422995,Заголовок про программирование 2851,Текст про программирование должен быть больше 100 символов 2851
2852,1,2025-09-09 09:04:11.422996,Заголовок про программирование 2852,Текст про программирование должен быть больше 100 символов 2852
2853,3,2025-09-09 09:04:11.422997,Заголовок про программирование 2853,Текст про программирование должен быть больше 100 символов 2853
2854,2,2025-09-09 09:04:11.422998,Заголовок про программирование 2854,Текст про программирование должен быть больше 100 символов 2854
2855,1,2025-09-09 09:04:11.422999,Заголовок про программирование 2855,Текст про программирование должен быть больше 100 символов 2855
2856,2,2025-09-09 09:04:11.423000,Заголовок про программирование 2856,Текст про программирование должен быть больше 100 символов 2856
2857,2,2025-09-09 09:04:11.423001,Заголовок про программирование 2857,Текст про программирование должен быть больше 100 символов 2857
2858,1,2025-09-09 09:04:11.423002,Заголовок про программирование 2858,Текст про программирование должен быть больше 100 символов 2858
2859,2,2025-09-09 09:04:11.423003,Заголовок про программирование 2859,Текст про программирование должен быть больше 100 символов 2859
2860,2,2025-09-09 09:04:11.423004,Заголовок про программирование 2860,Текст про программирование должен быть больше 100 символов 2860
2861,3,2025-09-09 09:04:11.423005,Заголовок про программирование 2861,Текст про программирование должен быть больше 100 символов 2861
2862,1,2025-09-09 09:04:11.423006,Заголовок про программирование 2862,Текст про программирование должен быть больше 100 символов 2862
2863,3,2025-09-09 09:04:11.423007,Заголовок про программирование 2863,Текст про программирование должен быть больше 100 символов 2863
2864,2,2025-09-09 09:04:11.423008,Заголовок про программирование 2864,Текст про программирование должен быть больше 100 символов 2864
2865,3,2025-09-09 09:04:11.423009,Заголовок про программирование 2865,Текст про программирование должен быть больше 100 символов 2865
2866,3,2025-09-09 09:04:11.423010,Заголовок про программирование 2866,Текст про программирование должен быть больше 100 символов 2866
2867,1,2025-09-09 09:04:11.423011,Заголовок про программирование 2867,Текст про программирование должен быть больше 100 символов 2867
2868,2,2025-09-09 09:04:11.423012,Заголовок про программирование 2868,Текст про программирование должен быть больше 100 символов 2868
2869,1,2025-09-09 09:04:11.423013,Заголовок про программирование 2869,Текст про программирование должен быть больше 100 символов 2869
2870,3,2025-09-09 09:04:11.423014,Заголовок про программирование 2870,Текст про программирование должен быть больше 100 символов 2870
2871,2,2025-09-09 09:04:11.423015,Заголовок про программирование 2871,Текст про программирование должен быть больше 100 символов 2871
2872,2,2025-09-09 09:04:11.423016,Заголовок про программирование 2872,Текст про программирование должен быть больше 100 символов 2872
2873,1,2025-09-09 09:04:11.423017,Заголовок про программирование 2873,Текст про программирование должен быть больше 100 символов 2873
2874,2,2025-09-09 09:04:11.423018,Заголовок про программирование 2874,Текст про программирование должен быть больше 100 символов 2874
2875,3,2025-09-09 09:04:11.423019,Заголовок про программирование 2875,Текст про программирование должен быть больше 100 символов 2875
2876,3,2025-09-09 09:04:11.423020,Заголовок про программирование 2876,Текст про программирование должен быть больше 100 символов 2876
2877,3,2025-09-09 09:04:11.423021,Заголовок про программирование 2877,Текст про программирование должен быть больше 100 символов 2877
2878,2,2025-09-09 09:04:11.423022,Заголовок про программирование 2878,Текст про программирование должен быть больше 100 символов 2878
2879,1,2025-09-09 09:04:11.423023,Заголовок про программирование 2879,Текст про программирование должен быть больше 100 символов 2879
2880,3,2025-09-09 09:04:11.423024,Заголовок про программирование 2880,Текст про программирование должен быть больше 100 символов 2880
2881,1,2025-09-09 09:04:11.423025,Заголовок про программирование 2881,Текст про программирование должен быть больше 100 символов 2881
2882,3,2025-09-09 09:04:11.423026,Заголовок про программирование 2882,Текст про программирование должен быть больше 100 символов 2882
2883,2,2025-09-09 09:04:11.423027,Заголовок про программирование 2883,Текст про программирование должен быть больше 100 символов 2883
2884,2,2025-09-09 09:04:11.423028,Заголовок про программирование 2884,Текст про программирование должен быть больше 100 символов 2884
2885,2,2025-09-09 09:04:11.423029,Заголовок про программирование 2885,Текст про программирование должен быть больше 100 символов 2885
2886,3,2025-09-09 09:04:11.423030,Заголовок про программирование 2886,Текст про программирование должен быть больше 100 символов 2886
2887,2,2025-09-09 09:04:11.423031,Заголовок про программирование 2887,Текст про программирование должен быть больше 100 символов 2887
2888,2,2025-09-09 09:04:11.423032,Заголовок про программирование 2888,Текст про программирование должен быть больше 100 символов 2888
2889,1,2025-09-09 09:04:11.423033,Заголовок про программирование 2889,Текст про программирование должен быть больше 100 символов 2889
2890,1,2025-09-09 09:04:11.423034,Заголовок про программирование 2890,Текст про программирование должен быть больше 100 символов 2890
2891,1,2025-09-09 09:04:11.423035,Заголовок про программирование 2891,Текст про программирование должен быть больше 100 символов 2891
2892,1,2025-09-09 09:04:11.423036,Заголовок про программирование 2892,Текст про программирование должен быть больше 100 символов 2892
2893,3,2025-09-09 09:04:11.423037,Заголовок про программирование 2893,Текст про программирование должен быть больше 100 символов 2893
2894,2,2025-09-09 09:04:11.423038,Заголовок про программирование 2894,Текст про программирование должен быть больше 100 символов 2894
2895,1,2025-09-09 09:04:11.423039,Заголовок про программирование 2895,Текст про программирование должен быть больше 100 символов 2895
2896,3,2025-09-09 09:04:11.423040,Заголовок про программирование 2896,Текст про программирование должен быть больше 100 символов 2896
2897,2,2025-09-09 09:04:11.423041,Заголовок про программирование 2897,Текст про программирование должен быть больше 100 символов 2897
2898,1,2025-09-09 09:04:11.423042,Заголовок про программирование 2898,Текст про программирование должен быть больше 100 символов 2898
2899,2,2025-09-09 09:04:11.423043,Заголовок про программирование 2899,Текст про программирование должен быть больше 100 символов 2899
2900,2,2025-09-09 09:04:11.423044,Заголовок про программирование 2900,Текст про программирование должен быть больше 100 символов 2900
2901,3,2025-09-09 09:04:11.423045,Заголовок про программирование 2901,Текст про программирование должен быть больше 100 символов 2901
2902,3,2025-09-09 09:04:11.423046,Заголовок про программирование 2902,Текст про программирование должен быть больше 100 символов 2902
2903,1,2025-09-09 09:04:11.423047,Заголовок про программирование 2903,Текст про программирование должен быть больше 100 символов 2903
2904,2,2025-09-09 09:04:11.423048,Заголовок про программирование 2904,Текст про программирование должен быть больше 100 символов 2904
2905,2,2025-09-09 09:04:11.423049,Заголовок про программирование 2905,Текст про программирование должен быть больше 100 символов 2905
2906,2,2025-09-09 09:04:11.423050,Заголовок про программирование 2906,Текст про программирование должен быть больше 100 символов 2906
2907,2,2025-09-09 09:04:11.423051,Заголовок про программирование 2907,Текст про программирование должен быть больше 100 символов 2907
2908,3,2025-09-09 09:04:11.423052,Заголовок про программирование 2908,Текст про программирование должен быть больше 100 символов 2908
2909,1,2025-09-09 09:04:11.423053,Заголовок про программирование 2909,Текст про программирование должен быть больше 100 символов 2909
2910,3,2025-09-09 09:04:11.423054,Заголовок про программирование 2910,Текст про программирование должен быть больше 100 символов 2910
2911,3,2025-09-09 09:04:11.423055,Заголовок про программирование 2911,Текст про программирование должен быть больше 100 символов 2911
2912,1,2025-09-09 09:04:11.423056,Заголовок про программирование 2912,Текст про программирование должен быть больше 100 символов 2912
2913,2,2025-09-09 09:04:11.423057,Заголовок про программирование 2913,Текст про программирование должен быть больше 100 символов 2913
2914,1,2025-09-09 09:04:11.423058,Заголовок про программирование 2914,Текст про программирование должен быть больше 100 символов 2914
2915,2,2025-09-09 09:04:11.423059,Заголовок про программирование 2915,Текст про программирование должен быть больше 100 символов 2915
2916,2,2025-09-09 09:04:11.423060,Заголовок про программирование 2916,Текст про программирование должен быть больше 100 символов 2916
2917,3,2025-09-09 09:04:11.423061,Заголовок про программирование 2917,Текст про программирование должен быть больше 100 символов 2917
2918,3,2025-09-09 09:04:11.423062,Заголовок про программирование 2918,Текст про программирование должен быть больше 100 символов 2918
2919,1,2025-09-09 09:04:11.423063,Заголовок про программирование 2919,Текст про программирование должен быть больше 100 символов 2919
2920,3,2025-09-09 09:04:11.423064,Заголовок про программирование 2920,Текст про программирование должен быть больше 100 символов 2920
2921,3,2025-09-09 09:04:11.423065,Заголовок про программирование 2921,Текст про программирование должен быть больше 100 символов 2921
2922,2,2025-09-09 09:04:11.423066,Заголовок про программирование 2922,Текст про программирование должен быть больше 100 символов 2922
2923,1,2025-09-09 09:04:11.423067,Заголовок про программирование 2923,Текст про программирование должен быть больше 100 символов 2923
2924,1,2025-09-09 09:04:11.423068,Заголовок про программирование 2924,Текст про программирование должен быть больше 100 символов 2924
2925,3,2025-09-09 09:04:11.423069,Заголовок про программирование 2925,Текст про программирование должен быть больше 100 символов 2925
2926,1,2025-09-09 09:04:11.423070,Заголовок про программирование 2926,Текст про программирование должен быть больше 100 символов 2926
2927,3,2025-09-09 09:04:11.423071,Заголовок про программирование 2927,Текст про программирование должен быть больше 100 символов 2927
2928,2,2025-09-09 09:04:11.423072,Заголовок про программирование 2928,Текст про программирование должен быть больше 100 символов 2928
2929,1,2025-09-09 09:04:11.423073,Заголовок про программирование 2929,Текст про программирование должен быть больше 100 символов 2929
2930,1,2025-09-09 09:04:11.423074,Заголовок про программирование 2930,Текст про программирование должен быть больше 100 символов 2930
2931,1,2025-09-09 09:04:11.423075,Заголовок про программирование 2931,Текст про программирование должен быть больше 100 символов 2931
2932,2,2025-09-09 09:04:11.423076,Заголовок про программирование 2932,Текст про программирование должен быть больше 100 символов 2932
2933,3,2025-09-09 09:04:11.423077,Заголовок про программирование 2933,Текст про программирование должен быть больше 100 символов 2933
2934,3,2025-09-09 09:04:11.423078,Заголовок про программирование 2934,Текст про программирование должен быть больше 100 символов 2934
2935,3,2025-09-09 09:04:11.423079,Заголовок про программирование 2935,Текст про программирование должен быть больше 100 символов 2935
2936,3,2025-09-09 09:04:11.423080,Заголовок про программирование 2936,Текст про программирование должен быть больше 100 символов 2936
2937,2,2025-09-09 09:04:11.423081,Заголовок про программирование 2937,Текст про программирование должен быть больше 100 символов 2937
2938,3,2025-09-09 09:04:11.423082,Заголовок про программирование 2938,Текст про программирование должен быть больше 100 символов 2938
2939,3,2025-09-09 09:04:11.423083,Заголовок про программирование 2939,Текст про программирование должен быть больше 100 символов 2939
2940,2,2025-09-09 09:04:11.423084,Заголовок про программирование 2940,Текст про программирование должен быть больше 100 символов 2940
2941,2,2025-09-09 09:04:11.423085,Заголовок про программирование 2941,Текст про программирование должен быть больше 100 символов 2941
2942,2,2025-09-09 09:04:11.423086,Заголовок про программирование 2942,Текст про программирование должен быть больше 100 символов 2942
2943,2,2025-09-09 09:04:11.423087,Заголовок про программирование 2943,Текст про программирование должен быть больше 100 символов 2943
2944,3,2025-09-09 09:04:11.423088,Заголовок про программирование 2944,Текст про программирование должен быть больше 100 символов 2944
2945,1,2025-09-09 09:04:11.423089,Заголовок про программирование 2945,Текст про программирование должен быть больше 100 символов 2945
2946,1,2025-09-09 09:04:11.423090,Заголовок про программирование 2946,Текст про программирование должен быть больше 100 символов 2946
2947,1,2025-09-09 09:04:11.423091,Заголовок про программирование 2947,Текст про программирование должен быть больше 100 символов 2947
2948,2,2025-09-09 09:04:11.423092,Заголовок про программирование 2948,Текст про программирование должен быть больше 100 символов 2948
2949,3,2025-09-09 09:04:11.423093,Заголовок про программирование 2949,Текст про программирование должен быть больше 100 символов 2949
2950,2,2025-09-09 09:04:11.423094,Заголовок про программирование 2950,Текст про программирование должен быть больше 100 символов 2950
2951,3,2025-09-09 09:04:11.423095,Заголовок про программирование 2951,Текст про программирование должен быть больше 100 символов 2951
2952,1,2025-09-09 09:04:11.423096,Заголовок про программирование 2952,Текст про программирование должен быть больше 100 символов 2952
2953,3,2025-09-09 09:04:11.423097,Заголовок про программирование 2953,Текст про программирование должен быть больше 100 символов 2953
2954,3,2025-09-09 09:04:11.423098,Заголовок про программирование 2954,Текст про программирование должен быть больше 100 символов 2954
2955,1,2025-09-09 09:04:11.423099,Заголовок про программирование 2955,Текст про программирование должен быть больше 100 символов 2955
2956,2,2025-09-09 09:04:11.423100,Заголовок про программирование 2956,Текст про программирование должен быть больше 100 символов 2956
2957,3,2025-09-09 09:04:11.423101,Заголовок про программирование 2957,Текст про программирование должен быть больше 100 символов 2957
2958,2,2025-09-09 09:04:11.423102,Заголовок про программирование 2958,Текст про программирование должен быть больше 100 символов 2958
2959,2,2025-09-09 09:04:11.423103,Заголовок про программирование 2959,Текст про программирование должен быть больше 100 символов 2959
2960,3,2025-09-09 09:04:11.423104,Заголовок про программирование 2960,Текст про программирование должен быть больше 100 символов 2960
2961,1,2025-09-09 09:04:11.423105,Заголовок про программирование 2961,Текст про программирование должен быть больше 100 символов 2961
2962,1,2025-09-09 09:04:11.423106,Заголовок про программирование 2962,Текст про программирование должен быть больше 100 символов 2962
2963,1,2025-09-09 09:04:11.423107,Заголовок про программирование 2963,Текст про программирование должен быть больше 100 символов 2963
2964,1,2025-09-09 09:04:11.423108,Заголовок про программирование 2964,Текст про программирование должен быть больше 100 символов 2964
2965,2,2025-09-09 09:04:11.423109,Заголовок про программирование 2965,Текст про программирование должен быть больше 100 символов 2965
2966,2,2025-09-09 09:04:11.423110,Заголовок про программирование 2966,Текст про программирование должен быть больше 100 символов 2966
2967,2,2025-09-09 09:04:11.423111,Заголовок про программирование 2967,Текст про программирование должен быть больше 100 символов 2967
2968,3,2025-09-09 09:04:11.423112,Заголовок про программирование 2968,Текст про программирование должен быть больше 100 символов 2968
2969,1,2025-09-09 09:04:11.423113,Заголовок про программирование 2969,Текст про программирование должен быть больше 100 символов 2969
2970,2,2025-09-09 09:04:11.423114,Заголовок про программирование 2970,Текст про программирование должен быть больше 100 символов 2970
2971,1,2025-09-09 09:04:11.423115,Заголовок про программирование 2971,Текст про программирование должен быть больше 100 символов 2971
2972,3,2025-09-09 09:04:11.423116,Заголовок про программирование 2972,Текст про программирование должен быть больше 100 символов 2972
2973,2,2025-09-09 09:04:11.423117,Заголовок про программирование 2973,Текст про программирование должен быть больше 100 символов 2973
2974,1,2025-09-09 09:04:11.423118,Заголовок про программирование 2974,Текст про программирование должен быть больше 100 символов 2974
2975,3,2025-09-09 09:04:11.423119,Заголовок про программирование 2975,Текст про программирование должен быть больше 100 символов 2975
2976,3,2025-09-09 09:04:11.423120,Заголовок про программирование 2976,Текст про программирование должен быть больше 100 символов 2976
2977,1,2025-09-09 09:04:11.423121,Заголовок про программирование 2977,Текст про программирование должен быть больше 100 символов 2977
2978,3,2025-09-09 09:04:11.423122,Заголовок про программирование 2978,Текст про программирование должен быть больше 100 символов 2978
2979,1,2025-09-09 09:04:11.423123,Заголовок про программирование 2979,Текст про программирование должен быть больше 100 символов 2979
2980,1,2025-09-09 09:04:11.423124,Заголовок про программирование 2980,Текст про программирование должен быть больше 100 символов 2980
2981,1,2025-09-09 09:04:11.423125,Заголовок про программирование 2981,Текст про программирование должен быть больше 100 символов 2981
2982,2,2025-09-09 09:04:11.423126,Заголовок про программирование 2982,Текст про программирование должен быть больше 100 символов 2982
2983,3,2025-09-09 09:04:11.423127,Заголовок про программирование 2983,Текст про программирование должен быть больше 100 символов 2983
2984,1,2025-09-09 09:04:11.423128,Заголовок про программирование 2984,Текст про программирование должен быть больше 100 символов 2984
2985,1,2025-09-09 09:04:11.423129,Заголовок про программирование 2985,Текст про программирование должен быть больше 100 символов 2985
2986,1,2025-09-09 09:04:11.423130,Заголовок про программирование 2986,Текст про программирование должен быть больше 100 символов 2986
2987,2,2025-09-09 09:04:11.423131,Заголовок про программирование 2987,Текст про программирование должен быть больше 100 символов 2987
2988,3,2025-09-09 09:04:11.423132,Заголовок про программирование 2988,Текст про программирование должен быть больше 100 символов 2988
2989,1,2025-09-09 09:04:11.423133,Заголовок про программирование 2989,Текст про программирование должен быть больше 100 символов 2989
2990,2,2025-09-09 09:04:11.423134,Заголовок про программирование 2990,Текст про программирование должен быть больше 100 символов 2990
2991,3,2025-09-09 09:04:11.423135,Заголовок про программирование 2991,Текст про программирование должен быть больше 100 символов 2991
2992,1,2025-09-09 09:04:11.423136,Заголовок про программирование 2992,Текст про программирование должен быть больше 100 символов 2992
2993,2,2025-09-09 09:04:11.423137,Заголовок про программирование 2993,Текст про программирование должен быть больше 100 символов 2993
2994,1,2025-09-09 09:04:11.423138,Заголовок про программирование 2994,Текст про программирование должен быть больше 100 символов 2994
2995,2,2025-09-09 09:04:11.423139,Заголовок про программирование 2995,Текст про программирование должен быть больше 100 символов 2995
2996,3,2025-09-09 09:04:11.423140,Заголовок про программирование 2996,Текст про программирование должен быть больше 100 символов 2996
2997,3,2025-09-09 09:04:11.423141,Заголовок про программирование 2997,Текст про программирование должен быть больше 100 символов 2997
2998,2,2025-09-09 09:04:11.423142,Заголовок про программирование 2998,Текст про программирование должен быть больше 100 символов 2998
2999,3,2025-09-09 09:04:11.423143,Заголовок про программирование 2999,Текст про программирование должен быть больше 100 символов 2999
3000,3,2025-09-09 09:04:11.423144,Заголовок про программирование 3000,Текст про программирование должен быть больше 100 символов 3000
3001,1,2025-09-09 09:04:11.423145,Заголовок про программирование 3001,Текст про программирование должен быть больше 100 символов 3001
3002,2,2025-09-09 09:04:11.423146,Заголовок про программирование 3002,Текст про программирование должен быть больше 100 символов 3002
3003,1,2025-09-09 09:04:11.423147,Заголовок про программирование 3003,Текст про программирование должен быть больше 100 символов 3003
3004,2,2025-09-09 09:04:11.423148,Заголовок про программирование 3004,Текст про программирование должен быть больше 100 символов 3004
3005,1,2025-09-09 09:04:11.423149,Заголовок про программирование 3005,Текст про программирование должен быть больше 100 символов 3005
3006,2,2025-09-09 09:04:11.423150,Заголовок про программирование 3006,Текст про программирование должен быть больше 100 символов 3006
3007,1,2025-09-09 09:04:11.423151,Заголовок про программирование 3007,Текст про программирование должен быть больше 100 символов 3007
3008,2,2025-09-09 09:04:11.423152,Заголовок про программирование 3008,Текст про программирование должен быть больше 100 символов 3008
3009,3,2025-09-09 09:04:11.423153,Заголовок про программирование 3009,Текст про программирование должен быть больше 100 символов 3009
3010,3,2025-09-09 09:04:11.423154,Заголовок про программирование 3010,Текст про программирование должен быть больше 100 символов 3010
3011,1,2025-09-09 09:04:11.423155,Заголовок про программирование 3011,Текст про программирование должен быть больше 100 символов 3011
3012,2,2025-09-09 09:04:11.423156,Заголовок про программирование 3012,Текст про программирование должен быть больше 100 символов 3012
3013,2,2025-09-09 09:04:11.423157,Заголовок про программирование 3013,Текст про программирование должен быть больше 100 символов 3013
3014,1,2025-09-09 09:04:11.423158,Заголовок про программирование 3014,Текст про программирование должен быть больше 100 символов 3014
3015,2,2025-09-09 09:04:11.423159,Заголовок про программирование 3015,Текст про программирование должен быть больше 100 символов 3015
3016,2,2025-09-09 09:04:11.423160,Заголовок про программирование 3016,Текст про программирование должен быть больше 100 символов 3016
3017,1,2025-09-09 09:04:11.423161,Заголовок про программирование 3017,Текст про программирование должен быть больше 100 символов 3017
3018,2,2025-09-09 09:04:11.423162,Заголовок про программирование 3018,Текст про программирование должен быть больше 100 символов 3018
3019,1,2025-09-09 09:04:11.423163,Заголовок про программирование 3019,Текст про программирование должен быть больше 100 символов 3019
3020,3,2025-09-09 09:04:11.423164,Заголовок про программирование 3020,Текст про программирование должен быть больше 100 символов 3020
3021,2,2025-09-09 09:04:11.423165,Заголовок про программирование 3021,Текст про программирование должен быть больше 100 символов 3021
3022,3,2025-09-09 09:04:11.423166,Заголовок про программирование 3022,Текст про программирование должен быть больше 100 символов 3022
3023,1,2025-09-09 09:04:11.423167,Заголовок про программирование 3023,Текст про программирование должен быть больше 100 символов 3023
3024,3,2025-09-09 09:04:11.423168,Заголовок про программирование 3024,Текст про программирование должен быть больше 100 символов 3024
3025,3,2025-09-09 09:04:11.423169,Заголовок про программирование 3025,Текст про программирование должен быть больше 100 символов 3025
3026,3,2025-09-09 09:04:11.423170,Заголовок про программирование 3026,Текст про программирование должен быть больше 100 символов 3026
3027,1,2025-09-09 09:04:11.423171,Заголовок про программирование 3027,Текст про программирование должен быть больше 100 символов 3027
3028,3,2025-09-09 09:04:11.423172,Заголовок про программирование 3028,Текст про программирование должен быть больше 100 символов 3028
3029,1,2025-09-09 09:04:11.423173,Заголовок про программирование 3029,Текст про программирование должен быть больше 100 символов 3029
3030,3,2025-09-09 09:04:11.423174,Заголовок про программирование 3030,Текст про программирование должен быть больше 100 символов 3030
3031,2,2025-09-09 09:04:11.423175,Заголовок про программирование 3031,Текст про программирование должен быть больше 100 символов 3031
3032,1,2025-09-09 09:04:11.423176,Заголовок про программирование 3032,Текст про программирование должен быть больше 100 символов 3032
3033,1,2025-09-09 09:04:11.423177,Заголовок про программирование 3033,Текст про программирование должен быть больше 100 символов 3033
3034,3,2025-09-09 09:04:11.423178,Заголовок про программирование 3034,Текст про программирование должен быть больше 100 символов 3034
3035,2,2025-09-09 09:04:11.423179,Заголовок про программирование 3035,Текст про программирование должен быть больше 100 символов 3035
3036,2,2025-09-09 09:04:11.423180,Заголовок про программирование 3036,Текст про программирование должен быть больше 100 символов 3036
3037,3,2025-09-09 09:04:11.423181,Заголовок про программирование 3037,Текст про программирование должен быть больше 100 символов 3037
3038,3,2025-09-09 09:04:11.423182,Заголовок про программирование 3038,Текст про программирование должен быть больше 100 символов 3038
3039,1,2025-09-09 09:04:11.423183,Заголовок про программирование 3039,Текст про программирование должен быть больше 100 символов 3039
3040,1,2025-09-09 09:04:11.423184,Заголовок про программирование 3040,Текст про программирование должен быть больше 100 символов 3040
3041,2,2025-09-09 09:04:11.423185,Заголовок про программирование 3041,Текст про программирование должен быть больше 100 символов 3041
3042,2,2025-09-09 09:04:11.423186,Заголовок про программирование 3042,Текст про программирование должен быть больше 100 символов 3042
3043,3,2025-09-09 09:04:11.423187,Заголовок про программирование 3043,Текст про программирование должен быть больше 100 символов 3043
3044,1,2025-09-09 09:04:11.423188,Заголовок про программирование 3044,Текст про программирование должен быть больше 100 символов 3044
3045,2,2025-09-09 09:04:11.423189,Заголовок про программирование 3045,Текст про программирование должен быть больше 100 символов 3045
3046,1,2025-09-09 09:04:11.423190,Заголовок про программирование 3046,Текст про программирование должен быть больше 100 символов 3046
3047,3,2025-09-09 09:04:11.423191,Заголовок про программирование 3047,Текст про программирование должен быть больше 100 символов 3047
3048,3,2025-09-09 09:04:11.423192,Заголовок про программирование 3048,Текст про программирование должен быть больше 100 символов 3048
3049,3,2025-09-09 09:04:11.423193,Заголовок про программирование 3049,Текст про программирование должен быть больше 100 символов 3049
3050,1,2025-09-09 09:04:11.423194,Заголовок про программирование 3050,Текст про программирование должен быть больше 100 символов 3050
3051,3,2025-09-09 09:04:11.423195,Заголовок про программирование 3051,Текст про программирование должен быть больше 100 символов 3051
3052,2,2025-09-09 09:04:11.423196,Заголовок про программирование 3052,Текст про программирование должен быть больше 100 символов 3052
3053,2,2025-09-09 09:04:11.423197,Заголовок про программирование 3053,Текст про программирование должен быть больше 100 символов 3053
3054,1,2025-09-09 09:04:11.423198,Заголовок про программирование 3054,Текст про программирование должен быть больше 100 символов 3054
3055,3,2025-09-09 09:04:11.423199,Заголовок про программирование 3055,Текст про программирование должен быть больше 100 символов 3055
3056,2,2025-09-09 09:04:11.423200,Заголовок про программирование 3056,Текст про программирование должен быть больше 100 символов 3056
3057,3,2025-09-09 09:04:11.423201,Заголовок про программирование 3057,Текст про программирование должен быть больше 100 символов 3057
3058,1,2025-09-09 09:04:11.423202,Заголовок про программирование 3058,Текст про программирование должен быть больше 100 символов 3058
3059,1,2025-09-09 09:04:11.423203,Заголовок про программирование 3059,Текст про программирование должен быть больше 100 символов 3059
3060,2,2025-09-09 09:04:11.423204,Заголовок про программирование 3060,Текст про программирование должен быть больше 100 символов 3060
3061,2,2025-09-09 09:04:11.423205,Заголовок про программирование 3061,Текст про программирование должен быть больше 100 символов 3061
3062,2,2025-09-09 09:04:11.423206,Заголовок про программирование 3062,Текст про программирование должен быть больше 100 символов 3062
3063,1,2025-09-09 09:04:11.423207,Заголовок про программирование 3063,Текст про программирование должен быть больше 100 символов 3063
3064,2,2025-09-09 09:04:11.423208,Заголовок про программирование 3064,Текст про программирование должен быть больше 100 символов 3064
3065,3,2025-09-09 09:04:11.423209,Заголовок про программирование 3065,Текст про программирование должен быть больше 100 символов 3065
3066,2,2025-09-09 09:04:11.423210,Заголовок про программирование 3066,Текст про программирование должен быть больше 100 символов 3066
3067,3,2025-09-09 09:04:11.423211,Заголовок про программирование 3067,Текст про программирование должен быть больше 100 символов 3067
3068,1,2025-09-09 09:04:11.423212,Заголовок про программирование 3068,Текст про программирование должен быть больше 100 символов 3068
3069,1,2025-09-09 09:04:11.423213,Заголовок про программирование 3069,Текст про программирование должен быть больше 100 символов 3069
3070,3,2025-09-09 09:04:11.423214,Заголовок про программирование 3070,Текст про программирование должен быть больше 100 символов 3070
3071,3,2025-09-09 09:04:11.423215,Заголовок про программирование 3071,Текст про программирование должен быть больше 100 символов 3071
3072,3,2025-09-09 09:04:11.423216,Заголовок про программирование 3072,Текст про программирование должен быть больше 100 символов 3072
3073,1,2025-09-09 09:04:11.423217,Заголовок про программирование 3073,Текст про программирование должен быть больше 100 символов 3073
3074,2,2025-09-09 09:04:11.423218,Заголовок про программирование 3074,Текст про программирование должен быть больше 100 символов 3074
3075,3,2025-09-09 09:04:11.423219,Заголовок про программирование 3075,Текст про программирование должен быть больше 100 символов 3075
3076,2,2025-09-09 09:04:11.423220,Заголовок про программирование 3076,Текст про программирование должен быть больше 100 символов 3076
3077,1,2025-09-09 09:04:11.423221,Заголовок про программирование 3077,Текст про программирование должен быть больше 100 символов 3077
3078,3,2025-09-09 09:04:11.423222,Заголовок про программирование 3078,Текст про программирование должен быть больше 100 символов 3078
3079,3,2025-09-09 09:04:11.423223,Заголовок про программирование 3079,Текст про программирование должен быть больше 100 символов 3079
3080,3,2025-09-09 09:04:11.423224,Заголовок про программирование 3080,Текст про программирование должен быть больше 100 символов 3080
3081,2,2025-09-09 09:04:11.423225,Заголовок про программирование 3081,Текст про программирование должен быть больше 100 символов 3081
3082,2,2025-09-09 09:04:11.423226,Заголовок про программирование 3082,Текст про программирование должен быть больше 100 символов 3082
3083,3,2025-09-09 09:04:11.423227,Заголовок про программирование 3083,Текст про программирование должен быть больше 100 символов 3083
3084,3,2025-09-09 09:04:11.423228,Заголовок про программирование 3084,Текст про программирование должен быть больше 100 символов 3084
3085,1,2025-09-09 09:04:11.423229,Заголовок про программирование 3085,Текст про программирование должен быть больше 100 символов 3085
3086,1,2025-09-09 09:04:11.423230,Заголовок про программирование 3086,Текст про программирование должен быть больше 100 символов 3086
3087,3,2025-09-09 09:04:11.423231,Заголовок про программирование 3087,Текст про программирование должен быть больше 100 символов 3087
3088,3,2025-09-09 09:04:11.423232,Заголовок про программирование 3088,Текст про программирование должен быть больше 100 символов 3088
3089,1,2025-09-09 09:04:11.423233,Заголовок про программирование 3089,Текст про программирование должен быть больше 100 символов 3089
3090,3,2025-09-09 09:04:11.423234,Заголовок про программирование 3090,Текст про программирование должен быть больше 100 символов 3090
3091,1,2025-09-09 09:04:11.423235,Заголовок про программирование 3091,Текст про программирование должен быть больше 100 символов 3091
3092,3,2025-09-09 09:04:11.423236,Заголовок про программирование 3092,Текст про программирование должен быть больше 100 символов 3092
3093,3,2025-09-09 09:04:11.423237,Заголовок про программирование 3093,Текст про программирование должен быть больше 100 символов 3093
3094,3,2025-09-09 09:04:11.423238,Заголовок про программирование 3094,Текст про программирование должен быть больше 100 символов 3094
3095,2,2025-09-09 09:04:11.423239,Заголовок про программирование 3095,Текст про программирование должен быть больше 100 символов 3095
3096,3,2025-09-09 09:04:11.423240,Заголовок про программирование 3096,Текст про программирование должен быть больше 100 символов 3096
3097,1,2025-09-09 09:04:11.423241,Заголовок про программирование 3097,Текст про программирование должен быть больше 100 символов 3097
3098,1,2025-09-09 09:04:11.423242,Заголовок про программирование 3098,Текст про программирование должен быть больше 100 символов 3098
3099,2,2025-09-09 09:04:11.423243,Заголовок про программирование 3099,Текст про программирование должен быть больше 100 символов 3099
3100,2,2025-09-09 09:04:11.423244,Заголовок про программирование 3100,Текст про программирование должен быть больше 100 символов 3100
3101,1,2025-09-09 09:04:11.423245,Заголовок про программирование 3101,Текст про программирование должен быть больше 100 символов 3101
3102,2,2025-09-09 09:04:11.423246,Заголовок про программирование 3102,Текст про программирование должен быть больше 100 символов 3102
3103,2,2025-09-09 09:04:11.423247,Заголовок про программирование 3103,Текст про программирование должен быть больше 100 символов 3103
3104,2,2025-09-09 09:04:11.423248,Заголовок про программирование 3104,Текст про программирование должен быть больше 100 символов 3104
3105,3,2025-09-09 09:04:11.423249,Заголовок про программирование 3105,Текст про программирование должен быть больше 100 символов 3105
3106,3,2025-09-09 09:04:11.423250,Заголовок про программирование 3106,Текст про программирование должен быть больше 100 символов 3106
3107,3,2025-09-09 09:04:11.423251,Заголовок про программирование 3107,Текст про программирование должен быть больше 100 символов 3107
3108,2,2025-09-09 09:04:11.423252,Заголовок про программирование 3108,Текст про программирование должен быть больше 100 символов 3108
3109,1,2025-09-09 09:04:11.423253,Заголовок про программирование 3109,Текст про программирование должен быть больше 100 символов 3109
3110,2,2025-09-09 09:04:11.423254,Заголовок про программирование 3110,Текст про программирование должен быть больше 100 символов 3110
3111,2,2025-09-09 09:04:11.423255,Заголовок про программирование 3111,Текст про программирование должен быть больше 100 символов 3111
3112,1,2025-09-09 09:04:11.423256,Заголовок про программирование 3112,Текст про программирование должен быть больше 100 символов 3112
3113,2,2025-09-09 09:04:11.423257,Заголовок про программирование 3113,Текст про программирование должен быть больше 100 символов 3113
3114,1,2025-09-09 09:04:11.423258,Заголовок про программирование 3114,Текст про программирование должен быть больше 100 символов 3114
3115,3,2025-09-09 09:04:11.423259,Заголовок про программирование 3115,Текст про программирование должен быть больше 100 символов 3115
3116,2,2025-09-09 09:04:11.423260,Заголовок про программирование 3116,Текст про программирование должен быть больше 100 символов 3116
3117,1,2025-09-09 09:04:11.423261,Заголовок про программирование 3117,Текст про программирование должен быть больше 100 символов 3117
3118,2,2025-09-09 09:04:11.423262,Заголовок про программирование 3118,Текст про программирование должен быть больше 100 символов 3118
3119,2,2025-09-09 09:04:11.423263,Заголовок про программирование 3119,Текст про программирование должен быть больше 100 символов 3119
3120,2,2025-09-09 09:04:11.423264,Заголовок про программирование 3120,Текст про программирование должен быть больше 100 символов 3120
3121,1,2025-09-09 09:04:11.423265,Заголовок про программирование 3121,Текст про программирование должен быть больше 100 символов 3121
3122,1,2025-09-09 09:04:11.423266,Заголовок про программирование 3122,Текст про программирование должен быть больше 100 символов 3122
3123,1,2025-09-09 09:04:11.423267,Заголовок про программирование 3123,Текст про программирование должен быть больше 100 символов 3123
3124,1,2025-09-09 09:04:11.423268,Заголовок про программирование 3124,Текст про программирование должен быть больше 100 символов 3124
3125,3,2025-09-09 09:04:11.423269,Заголовок про программирование 3125,Текст про программирование должен быть больше 100 символов 3125
3126,1,2025-09-09 09:04:11.423270,Заголовок про программирование 3126,Текст про программирование должен быть больше 100 символов 3126
3127,2,2025-09-09 09:04:11.423271,Заголовок про программирование 3127,Текст про программирование должен быть больше 100 символов 3127
3128,2,2025-09-09 09:04:11.423272,Заголовок про программирование 3128,Текст про программирование должен быть больше 100 символов 3128
3129,1,2025-09-09 09:04:11.423273,Заголовок про программирование 3129,Текст про программирование должен быть больше 100 символов 3129
3130,1,2025-09-09 09:04:11.423274,Заголовок про программирование 3130,Текст про программирование должен быть больше 100 символов 3130
3131,1,2025-09-09 09:04:11.423275,Заголовок про программирование 3131,Текст про программирование должен быть больше 100 символов 3131
3132,3,2025-09-09 09:04:11.423276,Заголовок про программирование 3132,Текст про программирование должен быть больше 100 символов 3132
3133,2,2025-09-09 09:04:11.423277,Заголовок про программирование 3133,Текст про программирование должен быть больше 100 символов 3133
3134,2,2025-09-09 09:04:11.423278,Заголовок про программирование 3134,Текст про программирование должен быть больше 100 символов 3134
3135,3,2025-09-09 09:04:11.423279,Заголовок про программирование 3135,Текст про программирование должен быть больше 100 символов 3135
3136,2,2025-09-09 09:04:11.423280,Заголовок про программирование 3136,Текст про программирование должен быть больше 100 символов 3136
3137,1,2025-09-09 09:04:11.423281,Заголовок про программирование 3137,Текст про программирование должен быть больше 100 символов 3137
3138,2,2025-09-09 09:04:11.423282,Заголовок про программирование 3138,Текст про программирование должен быть больше 100 символов 3138
3139,3,2025-09-09 09:04:11.423283,Заголовок про программирование 3139,Текст про программирование должен быть больше 100 символов 3139
3140,2,2025-09-09 09:04:11.423284,Заголовок про программирование 3140,Текст про программирование должен быть больше 100 символов 3140
3141,3,2025-09-09 09:04:11.423285,Заголовок про программирование 3141,Текст про программирование должен быть больше 100 символов 3141
3142,2,2025-09-09 09:04:11.423286,Заголовок про программирование 3142,Текст про программирование должен быть больше 100 символов 3142
3143,3,2025-09-09 09:04:11.423287,Заголовок про программирование 3143,Текст про программирование должен быть больше 100 символов 3143
3144,2,2025-09-09 09:04:11.423288,Заголовок про программирование 3144,Текст про программирование должен быть больше 100 символов 3144
3145,2,2025-09-09 09:04:11.423289,Заголовок про программирование 3145,Текст про программирование должен быть больше 100 символов 3145
3146,2,2025-09-09 09:04:11.423290,Заголовок про программирование 3146,Текст про программирование должен быть больше 100 символов 3146
3147,1,2025-09-09 09:04:11.423291,Заголовок про программирование 3147,Текст про программирование должен быть больше 100 символов 3147
3148,2,2025-09-09 09:04:11.423292,Заголовок про программирование 3148,Текст про программирование должен быть больше 100 символов 3148
3149,1,2025-09-09 09:04:11.423293,Заголовок про программирование 3149,Текст про программирование должен быть больше 100 символов 3149
3150,1,2025-09-09 09:04:11.423294,Заголовок про программирование 3150,Текст про программирование должен быть больше 100 символов 3150
3151,2,2025-09-09 09:04:11.423295,Заголовок про программирование 3151,Текст про программирование должен быть больше 100 символов 3151
3152,2,2025-09-09 09:04:11.423296,Заголовок про программирование 3152,Текст про программирование должен быть больше 100 символов 3152
3153,1,2025-09-09 09:04:11.423297,Заголовок про программирование 3153,Текст про программирование должен быть больше 100 символов 3153
3154,2,2025-09-09 09:04:11.423298,Заголовок про программирование 3154,Текст про программирование должен быть больше 100 символов 3154
3155,3,2025-09-09 09:04:11.423299,Заголовок про программирование 3155,Текст про программирование должен быть больше 100 символов 3155
3156,3,2025-09-09 09:04:11.423300,Заголовок про программирование 3156,Текст про программирование должен быть больше 100 символов 3156
3157,3,2025-09-09 09:04:11.423301,Заголовок про программирование 3157,Текст про программирование должен быть больше 100 символов 3157
3158,2,2025-09-09 09:04:11.423302,Заголовок про программирование 3158,Текст про программирование должен быть больше 100 символов 3158
3159,2,2025-09-09 09:04:11.423303,Заголовок про программирование 3159,Текст про программирование должен быть больше 100 символов 3159
3160,3,2025-09-09 09:04:11.423304,Заголовок про программирование 3160,Текст про программирование должен быть больше 100 символов 3160
3161,3,2025-09-09 09:04:11.423305,Заголовок про программирование 3161,Текст про программирование должен быть больше 100 символов 3161
3162,1,2025-09-09 09:04:11.423306,Заголовок про программирование 3162,Текст про программирование должен быть больше 100 символов 3162
3163,1,2025-09-09 09:04:11.423307,Заголовок про программирование 3163,Текст про программирование должен быть больше 100 символов 3163
3164,1,2025-09-09 09:04:11.423308,Заголовок про программирование 3164,Текст про программирование должен быть больше 100 символов 3164
3165,3,2025-09-09 09:04:11.423309,Заголовок про программирование 3165,Текст про программирование должен быть больше 100 символов 3165
3166,1,2025-09-09 09:04:11.423310,Заголовок про программирование 3166,Текст про программирование должен быть больше 100 символов 3166
3167,2,2025-09-09 09:04:11.423311,Заголовок про программирование 3167,Текст про программирование должен быть больше 100 символов 3167
3168,3,2025-09-09 09:04:11.423312,Заголовок про программирование 3168,Текст про программирование должен быть больше 100 символов 3168
3169,2,2025-09-09 09:04:11.423313,Заголовок про программирование 3169,Текст про программирование должен быть больше 100 символов 3169
3170,3,2025-09-09 09:04:11.423314,Заголовок про программирование 3170,Текст про программирование должен быть больше 100 символов 3170
3171,1,2025-09-09 09:04:11.423315,Заголовок про программирование 3171,Текст про программирование должен быть больше 100 символов 3171
3172,3,2025-09-09 09:04:11.423316,Заголовок про программирование 3172,Текст про программирование должен быть больше 100 символов 3172
3173,3,2025-09-09 09:04:11.423317,Заголовок про программирование 3173,Текст про программирование должен быть больше 100 символов 3173
3174,3,2025-09-09 09:04:11.423318,Заголовок про программирование 3174,Текст про программирование должен быть больше 100 символов 3174
3175,3,2025-09-09 09:04:11.423319,Заголовок про программирование 3175,Текст про программирование должен быть больше 100 символов 3175
3176,3,2025-09-09 09:04:11.423320,Заголовок про программирование 3176,Текст про программирование должен быть больше 100 символов 3176
3177,1,2025-09-09 09:04:11.423321,Заголовок про программирование 3177,Текст про программирование должен быть больше 100 символов 3177
3178,2,2025-09-09 09:04:11.423322,Заголовок про программирование 3178,Текст про программирование должен быть больше 100 символов 3178
3179,3,2025-09-09 09:04:11.423323,Заголовок про программирование 3179,Текст про программирование должен быть больше 100 символов 3179
3180,3,2025-09-09 09:04:11.423324,Заголовок про программирование 3180,Текст про программирование должен быть больше 100 символов 3180
3181,3,2025-09-09 09:04:11.423325,Заголовок про программирование 3181,Текст про программирование должен быть больше 100 символов 3181
3182,3,2025-09-09 09:04:11.423326,Заголовок про программирование 3182,Текст про программирование должен быть больше 100 символов 3182
3183,3,2025-09-09 09:04:11.423327,Заголовок про программирование 3183,Текст про программирование должен быть больше 100 символов 3183
3184,1,2025-09-09 09:04:11.423328,Заголовок про программирование 3184,Текст про программирование должен быть больше 100 символов 3184
3185,1,2025-09-09 09:04:11.423329,Заголовок про программирование 3185,Текст про программирование должен быть больше 100 символов 3185
3186,1,2025-09-09 09:04:11.423330,Заголовок про программирование 3186,Текст про программирование должен быть больше 100 символов 3186
3187,2,2025-09-09 09:04:11.423331,Заголовок про программирование 3187,Текст про программирование должен быть больше 100 символов 3187
3188,3,2025-09-09 09:04:11.423332,Заголовок про программирование 3188,Текст про программирование должен быть больше 100 символов 3188
3189,1,2025-09-09 09:04:11.423333,Заголовок про программирование 3189,Текст про программирование должен быть больше 100 символов 3189
3190,1,2025-09-09 09:04:11.423334,Заголовок про программирование 3190,Текст про программирование должен быть больше 100 символов 3190
3191,3,2025-09-09 09:04:11.423335,Заголовок про программирование 3191,Текст про программирование должен быть больше 100 символов 3191
3192,1,2025-09-09 09:04:11.423336,Заголовок про программирование 3192,Текст про программирование должен быть больше 100 символов 3192
3193,2,2025-09-09 09:04:11.423337,Заголовок про программирование 3193,Текст про программирование должен быть больше 100 символов 3193
3194,3,2025-09-09 09:04:11.423338,Заголовок про программирование 3194,Текст про программирование должен быть больше 100 символов 3194
3195,2,2025-09-09 09:04:11.423339,Заголовок про программирование 3195,Текст про программирование должен быть больше 100 символов 3195
3196,1,2025-09-09 09:04:11.423340,Заголовок про программирование 3196,Текст про программирование должен быть больше 100 символов 3196
3197,2,2025-09-09 09:04:11.423341,Заголовок про программирование 3197,Текст про программирование должен быть больше 100 символов 3197
3198,2,2025-09-09 09:04:11.423342,Заголовок про программирование 3198,Текст про программирование должен быть больше 100 символов 3198
3199,1,2025-09-09 09:04:11.423343,Заголовок про программирование 3199,Текст про программирование должен быть больше 100 символов 3199
3200,3,2025-09-09 09:04:11.423344,Заголовок про программирование 3200,Текст про программирование должен быть больше 100 символов 3200
3201,3,2025-09-09 09:04:11.423345,Заголовок про программирование 3201,Текст про программирование должен быть больше 100 символов 3201
3202,1,2025-09-09 09:04:11.423346,Заголовок про программирование 3202,Текст про программирование должен быть больше 100 символов 3202
3203,1,2025-09-09 09:04:11.423347,Заголовок про программирование 3203,Текст про программирование должен быть больше 100 символов 3203
3204,2,2025-09-09 09:04:11.423348,Заголовок про программирование 3204,Текст про программирование должен быть больше 100 символов 3204
3205,3,2025-09-09 09:04:11.423349,Заголовок про программирование 3205,Текст про программирование должен быть больше 100 символов 3205
3206,2,2025-09-09 09:04:11.423350,Заголовок про программирование 3206,Текст про программирование должен быть больше 100 символов 3206
3207,1,2025-09-09 09:04:11.423351,Заголовок про программирование 3207,Текст про программирование должен быть больше 100 символов 3207
3208,3,2025-09-09 09:04:11.423352,Заголовок про программирование 3208,Текст про программирование должен быть больше 100 символов 3208
3209,3,2025-09-09 09:04:11.423353,Заголовок про программирование 3209,Текст про программирование должен быть больше 100 символов 3209
3210,1,2025-09-09 09:04:11.423354,Заголовок про программирование 3210,Текст про программирование должен быть больше 100 символов 3210
3211,2,2025-09-09 09:04:11.423355,Заголовок про программирование 3211,Текст про программирование должен быть больше 100 символов 3211
3212,2,2025-09-09 09:04:11.423356,Заголовок про программирование 3212,Текст про программирование должен быть больше 100 символов 3212
3213,3,2025-09-09 09:04:11.423357,Заголовок про программирование 3213,Текст про программирование должен быть больше 100 символов 3213
3214,1,2025-09-09 09:04:11.423358,Заголовок про программирование 3214,Текст про программирование должен быть больше 100 символов 3214
3215,2,2025-09-09 09:04:11.423359,Заголовок про программирование 3215,Текст про программирование должен быть больше 100 символов 3215
3216,1,2025-09-09 09:04:11.423360,Заголовок про программирование 3216,Текст про программирование должен быть больше 100 символов 3216
3217,2,2025-09-09 09:04:11.423361,Заголовок про программирование 3217,Текст про программирование должен быть больше 100 символов 3217
3218,2,2025-09-09 09:04:11.423362,Заголовок про программирование 3218,Текст про программирование должен быть больше 100 символов 3218
3219,2,2025-09-09 09:04:11.423363,Заголовок про программирование 3219,Текст про программирование должен быть больше 100 символов 3219
3220,1,2025-09-09 09:04:11.423364,Заголовок про программирование 3220,Текст про программирование должен быть больше 100 символов 3220
3221,1,2025-09-09 09:04:11.423365,Заголовок про программирование 3221,Текст про программирование должен быть больше 100 символов 3221
3222,2,2025-09-09 09:04:11.423366,Заголовок про программирование 3222,Текст про программирование должен быть больше 100 символов 3222
3223,1,2025-09-09 09:04:11.423367,Заголовок про программирование 3223,Текст про программирование должен быть больше 100 символов 3223
3224,2,2025-09-09 09:04:11.423368,Заголовок про программирование 3224,Текст про программирование должен быть больше 100 символов 3224
3225,2,2025-09-09 09:04:11.423369,Заголовок про программирование 3225,Текст про программирование должен быть больше 100 символов 3225
3226,3,2025-09-09 09:04:11.423370,Заголовок про программирование 3226,Текст про программирование должен быть больше 100 символов 3226
3227,2,2025-09-09 09:04:11.423371,Заголовок про программирование 3227,Текст про программирование должен быть больше 100 символов 3227
3228,3,2025-09-09 09:04:11.423372,Заголовок про программирование 3228,Текст про программирование должен быть больше 100 символов 3228
3229,3,2025-09-09 09:04:11.423373,Заголовок про программирование 3229,Текст про программирование должен быть больше 100 символов 3229
3230,1,2025-09-09 09:04:11.423374,Заголовок про программирование 3230,Текст про программирование должен быть больше 100 символов 3230
3231,1,2025-09-09 09:04:11.423375,Заголовок про программирование 3231,Текст про программирование должен быть больше 100 символов 3231
3232,1,2025-09-09 09:04:11.423376,Заголовок про программирование 3232,Текст про программирование должен быть больше 100 символов 3232
3233,3,2025-09-09 09:04:11.423377,Заголовок про программирование 3233,Текст про программирование должен быть больше 100 символов 3233
3234,2,2025-09-09 09:04:11.423378,Заголовок про программирование 3234,Текст про программирование должен быть больше 100 символов 3234
3235,1,2025-09-09 09:04:11.423379,Заголовок про программирование 3235,Текст про программирование должен быть больше 100 символов 3235
3236,1,2025-09-09 09:04:11.423380,Заголовок про программирование 3236,Текст про программирование должен быть больше 100 символов 3236
3237,1,2025-09-09 09:04:11.423381,Заголовок про программирование 3237,Текст про программирование должен быть больше 100 символов 3237
3238,2,2025-09-09 09:04:11.423382,Заголовок про программирование 3238,Текст про программирование должен быть больше 100 символов 3238
3239,3,2025-09-09 09:04:11.423383,Заголовок про программирование 3239,Текст про программирование должен быть больше 100 символов 3239
3240,1,2025-09-09 09:04:11.423384,Заголовок про программирование 3240,Текст про программирование должен быть больше 100 символов 3240
3241,3,2025-09-09 09:04:11.423385,Заголовок про программирование 3241,Текст про программирование должен быть больше 100 символов 3241
3242,3,2025-09-09 09:04:11.423386,Заголовок про программирование 3242,Текст про программирование должен быть больше 100 символов 3242
3243,3,2025-09-09 09:04:11.423387,Заголовок про программирование 3243,Текст про программирование должен быть больше 100 символов 3243
3244,1,2025-09-09 09:04:11.423388,Заголовок про программирование 3244,Текст про программирование должен быть больше 100 символов 3244
3245,3,2025-09-09 09:04:11.423389,Заголовок про программирование 3245,Текст про программирование должен быть больше 100 символов 3245
3246,2,2025-09-09 09:04:11.423390,Заголовок про программирование 3246,Текст про программирование должен быть больше 100 символов 3246
3247,2,2025-09-09 09:04:11.423391,Заголовок про программирование 3247,Текст про программирование должен быть больше 100 символов 3247
3248,1,2025-09-09 09:04:11.423392,Заголовок про программирование 3248,Текст про программирование должен быть больше 100 символов 3248
3249,3,2025-09-09 09:04:11.423393,Заголовок про программирование 3249,Текст про программирование должен быть больше 100 символов 3249
3250,2,2025-09-09 09:04:11.423394,Заголовок про программирование 3250,Текст про программирование должен быть больше 100 символов 3250
3251,1,2025-09-09 09:04:11.423395,Заголовок про программирование 3251,Текст про программирование должен быть больше 100 символов 3251
3252,3,2025-09-09 09:04:11.423396,Заголовок про программирование 3252,Текст про программирование должен быть больше 100 символов 3252
3253,2,2025-09-09 09:04:11.423397,Заголовок про программирование 3253,Текст про программирование должен быть больше 100 символов 3253
3254,2,2025-09-09 09:04:11.423398,Заголовок про программирование 3254,Текст про программирование должен быть больше 100 символов 3254
3255,1,2025-09-09 09:04:11.423399,Заголовок про программирование 3255,Текст про программирование должен быть больше 100 символов 3255
3256,3,2025-09-09 09:04:11.423400,Заголовок про программирование 3256,Текст про программирование должен быть больше 100 символов 3256
3257,2,2025-09-09 09:04:11.423401,Заголовок про программирование 3257,Текст про программирование должен быть больше 100 символов 3257
3258,2,2025-09-09 09:04:11.423402,Заголовок про программирование 3258,Текст про программирование должен быть больше 100 символов 3258
3259,3,2025-09-09 09:04:11.423403,Заголовок про программирование 3259,Текст про программирование должен быть больше 100 символов 3259
3260,3,2025-09-09 09:04:11.423404,Заголовок про программирование 3260,Текст про программирование должен быть больше 100 символов 3260
3261,1,2025-09-09 09:04:11.423405,Заголовок про программирование 3261,Текст про программирование должен быть больше 100 символов 3261
3262,3,2025-09-09 09:04:11.423406,Заголовок про программирование 3262,Текст про программирование должен быть больше 100 символов 3262
3263,2,2025-09-09 09:04:11.423407,Заголовок про программирование 3263,Текст про программирование должен быть больше 100 символов 3263
3264,3,2025-09-09 09:04:11.423408,Заголовок про программирование 3264,Текст про программирование должен быть больше 100 символов 3264
3265,3,2025-09-09 09:04:11.423409,Заголовок про программирование 3265,Текст про программирование должен быть больше 100 символов 3265
3266,2,2025-09-09 09:04:11.423410,Заголовок про программирование 3266,Текст про программирование должен быть больше 100 символов 3266
3267,2,2025-09-09 09:04:11.423411,Заголовок про программирование 3267,Текст про программирование должен быть больше 100 символов 3267
3268,3,2025-09-09 09:04:11.423412,Заголовок про программирование 3268,Текст про программирование должен быть больше 100 символов 3268
3269,1,2025-09-09 09:04:11.423413,Заголовок про программирование 3269,Текст про программирование должен быть больше 100 символов 3269
3270,1,2025-09-09 09:04:11.423414,Заголовок про программирование 3270,Текст про программирование должен быть больше 100 символов 3270
3271,2,2025-09-09 09:04:11.423415,Заголовок про программирование 3271,Текст про программирование должен быть больше 100 символов 3271
3272,3,2025-09-09 09:04:11.423416,Заголовок про программирование 3272,Текст про программирование должен быть больше 100 символов 3272
3273,3,2025-09-09 09:04:11.423417,Заголовок про программирование 3273,Текст про программирование должен быть больше 100 символов 3273
3274,2,2025-09-09 09:04:11.423418,Заголовок про программирование 3274,Текст про программирование должен быть больше 100 символов 3274
3275,1,2025-09-09 09:04:11.423419,Заголовок про программирование 3275,Текст про программирование должен быть больше 100 символов 3275
3276,1,2025-09-09 09:04:11.423420,Заголовок про программирование 3276,Текст про программирование должен быть больше 100 символов 3276
3277,2,2025-09-09 09:04:11.423421,Заголовок про программирование 3277,Текст про программирование должен быть больше 100 символов 3277
3278,2,2025-09-09 09:04:11.423422,Заголовок про программирование 3278,Текст про программирование должен быть больше 100 символов 3278
3279,1,2025-09-09 09:04:11.423423,Заголовок про программирование 3279,Текст про программирование должен быть больше 100 символов 3279
3280,1,2025-09-09 09:04:11.423424,Заголовок про программирование 3280,Текст про программирование должен быть больше 100 символов 3280
3281,3,2025-09-09 09:04:11.423425,Заголовок про программирование 3281,Текст про программирование должен быть больше 100 символов 3281
3282,1,2025-09-09 09:04:11.423426,Заголовок про программирование 3282,Текст про программирование должен быть больше 100 символов 3282
3283,3,2025-09-09 09:04:11.423427,Заголовок про программирование 3283,Текст про программирование должен быть больше 100 символов 3283
3284,3,2025-09-09 09:04:11.423428,Заголовок про программирование 3284,Текст про программирование должен быть больше 100 символов 3284
3285,1,2025-09-09 09:04:11.423429,Заголовок про программирование 3285,Текст про программирование должен быть больше 100 символов 3285
3286,2,2025-09-09 09:04:11.423430,Заголовок про программирование 3286,Текст про программирование должен быть больше 100 символов 3286
3287,3,2025-09-09 09:04:11.423431,Заголовок про программирование 3287,Текст про программирование должен быть больше 100 символов 3287
3288,3,2025-09-09 09:04:11.423432,Заголовок про программирование 3288,Текст про программирование должен быть больше 100 символов 3288
3289,3,2025-09-09 09:04:11.423433,Заголовок про программирование 3289,Текст про программирование должен быть больше 100 символов 3289
3290,3,2025-09-09 09:04:11.423434,Заголовок про программирование 3290,Текст про программирование должен быть больше 100 символов 3290
3291,2,2025-09-09 09:04:11.423435,Заголовок про программирование 3291,Текст про программирование должен быть больше 100 символов 3291
3292,3,2025-09-09 09:04:11.423436,Заголовок про программирование 3292,Текст про программирование должен быть больше 100 символов 3292
3293,1,2025-09-09 09:04:11.423437,Заголовок про программирование 3293,Текст про программирование должен быть больше 100 символов 3293
3294,3,2025-09-09 09:04:11.423438,Заголовок про программирование 3294,Текст про программирование должен быть больше 100 символов 3294
3295,2,2025-09-09 09:04:11.423439,Заголовок про программирование 3295,Текст про программирование должен быть больше 100 символов 3295
3296,1,2025-09-09 09:04:11.423440,Заголовок про программирование 3296,Текст про программирование должен быть больше 100 символов 3296
3297,2,2025-09-09 09:04:11.423441,Заголовок про программирование 3297,Текст про программирование должен быть больше 100 символов 3297
3298,2,2025-09-09 09:04:11.423442,Заголовок про программирование 3298,Текст про программирование должен быть больше 100 символов 3298
3299,2,2025-09-09 09:04:11.423443,Заголовок про программирование 3299,Текст про программирование должен быть больше 100 символов 3299
3300,3,2025-09-09 09:04:11.423444,Заголовок про программирование 3300,Текст про программирование должен быть больше 100 символов 3300
3301,3,2025-09-09 09:04:11.423445,Заголовок про программирование 3301,Текст про программирование должен быть больше 100 символов 3301
3302,2,2025-09-09 09:04:11.423446,Заголовок про программирование 3302,Текст про программирование должен быть больше 100 символов 3302
3303,2,2025-09-09 09:04:11.423447,Заголовок про программирование 3303,Текст про программирование должен быть больше 100 символов 3303
3304,1,2025-09-09 09:04:11.423448,Заголовок про программирование 3304,Текст про программирование должен быть больше 100 символов 3304
3305,3,2025-09-09 09:04:11.423449,Заголовок про программирование 3305,Текст про программирование должен быть больше 100 символов 3305
3306,2,2025-09-09 09:04:11.423450,Заголовок про программирование 3306,Текст про программирование должен быть больше 100 символов 3306
3307,3,2025-09-09 09:04:11.423451,Заголовок про программирование 3307,Текст про программирование должен быть больше 100 символов 3307
3308,2,2025-09-09 09:04:11.423452,Заголовок про программирование 3308,Текст про программирование должен быть больше 100 символов 3308
3309,2,2025-09-09 09:04:11.423453,Заголовок про программирование 3309,Текст про программирование должен быть больше 100 символов 3309
3310,3,2025-09-09 09:04:11.423454,Заголовок про программирование 3310,Текст про программирование должен быть больше 100 символов 3310
3311,1,2025-09-09 09:04:11.423455,Заголовок про программирование 3311,Текст про программирование должен быть больше 100 символов 3311
3312,1,2025-09-09 09:04:11.423456,Заголовок про программирование 3312,Текст про программирование должен быть больше 100 символов 3312
3313,1,2025-09-09 09:04:11.423457,Заголовок про программирование 3313,Текст про программирование должен быть больше 100 символов 3313
3314,1,2025-09-09 09:04:11.423458,Заголовок про программирование 3314,Текст про программирование должен быть больше 100 символов 3314
3315,2,2025-09-09 09:04:11.423459,Заголовок про программирование 3315,Текст про программирование должен быть больше 100 символов 3315
3316,2,2025-09-09 09:04:11.423460,Заголовок про программирование 3316,Текст про программирование должен быть больше 100 символов 3316
3317,2,2025-09-09 09:04:11.423461,Заголовок про программирование 3317,Текст про программирование должен быть больше 100 символов 3317
3318,2,2025-09-09 09:04:11.423462,Заголовок про программирование 3318,Текст про программирование должен быть больше 100 символов 3318
3319,3,2025-09-09 09:04:11.423463,Заголовок про программирование 3319,Текст про программирование должен быть больше 100 символов 3319
3320,2,2025-09-09 09:04:11.423464,Заголовок про программирование 3320,Текст про программирование должен быть больше 100 символов 3320
3321,3,2025-09-09 09:04:11.423465,Заголовок про программирование 3321,Текст про программирование должен быть больше 100 символов 3321
3322,3,2025-09-09 09:04:11.423466,Заголовок про программирование 3322,Текст про программирование должен быть больше 100 символов 3322
3323,2,2025-09-09 09:04:11.423467,Заголовок про программирование 3323,Текст про программирование должен быть больше 100 символов 3323
3324,3,2025-09-09 09:04:11.423468,Заголовок про программирование 3324,Текст про программирование должен быть больше 100 символов 3324
3325,1,2025-09-09 09:04:11.423469,Заголовок про программирование 3325,Текст про программирование должен быть больше 100 символов 3325
3326,1,2025-09-09 09:04:11.423470,Заголовок про программирование 3326,Текст про программирование должен быть больше 100 символов 3326
3327,2,2025-09-09 09:04:11.423471,Заголовок про программирование 3327,Текст про программирование должен быть больше 100 символов 3327
3328,1,2025-09-09 09:04:11.423472,Заголовок про программирование 3328,Текст про программирование должен быть больше 100 символов 3328
3329,1,2025-09-09 09:04:11.423473,Заголовок про программирование 3329,Текст про программирование должен быть больше 100 символов 3329
3330,3,2025-09-09 09:04:11.423474,Заголовок про программирование 3330,Текст про программирование должен быть больше 100 символов 3330
3331,3,2025-09-09 09:04:11.423475,Заголовок про программирование 3331,Текст про программирование должен быть больше 100 символов 3331
3332,1,2025-09-09 09:04:11.423476,Заголовок про программирование 3332,Текст про программирование должен быть больше 100 символов 3332
3333,1,2025-09-09 09:04:11.423477,Заголовок про программирование 3333,Текст про программирование должен быть больше 100 символов 3333
3334,3,2025-09-09 09:04:11.423478,Заголовок про программирование 3334,Текст про программирование должен быть больше 100 символов 3334
3335,2,2025-09-09 09:04:11.423479,Заголовок про программирование 3335,Текст про программирование должен быть больше 100 символов 3335
3336,3,2025-09-09 09:04:11.423480,Заголовок про программирование 3336,Текст про программирование должен быть больше 100 символов 3336
3337,3,2025-09-09 09:04:11.423481,Заголовок про программирование 3337,Текст про программирование должен быть больше 100 символов 3337
3338,3,2025-09-09 09:04:11.423482,Заголовок про программирование 3338,Текст про программирование должен быть больше 100 символов 3338
3339,2,2025-09-09 09:04:11.423483,Заголовок про программирование 3339,Текст про программирование должен быть больше 100 символов 3339
3340,3,2025-09-09 09:04:11.423484,Заголовок про программирование 3340,Текст про программирование должен быть больше 100 символов 3340
3341,1,2025-09-09 09:04:11.423485,Заголовок про программирование 3341,Текст про программирование должен быть больше 100 символов 3341
3342,3,2025-09-09 09:04:11.423486,Заголовок про программирование 3342,Текст про программирование должен быть больше 100 символов 3342
3343,2,2025-09-09 09:04:11.423487,Заголовок про программирование 3343,Текст про программирование должен быть больше 100 символов 3343
3344,3,2025-09-09 09:04:11.423488,Заголовок про программирование 3344,Текст про программирование должен быть больше 100 символов 3344
3345,1,2025-09-09 09:04:11.423489,Заголовок про программирование 3345,Текст про программирование должен быть больше 100 символов 3345
3346,3,2025-09-09 09:04:11.423490,Заголовок про программирование 3346,Текст про программирование должен быть больше 100 символов 3346
3347,3,2025-09-09 09:04:11.423491,Заголовок про программирование 3347,Текст про программирование должен быть больше 100 символов 3347
3348,2,2025-09-09 09:04:11.423492,Заголовок про программирование 3348,Текст про программирование должен быть больше 100 символов 3348
3349,3,2025-09-09 09:04:11.423493,Заголовок про программирование 3349,Текст про программирование должен быть больше 100 символов 3349
3350,3,2025-09-09 09:04:11.423494,Заголовок про программирование 3350,Текст про программирование должен быть больше 100 символов 3350
3351,3,2025-09-09 09:04:11.423495,Заголовок про программирование 3351,Текст про программирование должен быть больше 100 символов 3351
3352,1,2025-09-09 09:04:11.423496,Заголовок про программирование 3352,Текст про программирование должен быть больше 100 символов 3352
3353,3,2025-09-09 09:04:11.423497,Заголовок про программирование 3353,Текст про программирование должен быть больше 100 символов 3353
3354,3,2025-09-09 09:04:11.423498,Заголовок про программирование 3354,Текст про программирование должен быть больше 100 символов 3354
3355,3,2025-09-09 09:04:11.423499,Заголовок про программирование 3355,Текст про программирование должен быть больше 100 символов 3355
3356,3,2025-09-09 09:04:11.423500,Заголовок про программирование 3356,Текст про программирование должен быть больше 100 символов 3356
3357,3,2025-09-09 09:04:11.423501,Заголовок про программирование 3357,Текст про программирование должен быть больше 100 символов 3357
3358,1,2025-09-09 09:04:11.423502,Заголовок про программирование 3358,Текст про программирование должен быть больше 100 символов 3358
3359,3,2025-09-09 09:04:11.423503,Заголовок про программирование 3359,Текст про программирование должен быть больше 100 символов 3359
3360,1,2025-09-09 09:04:11.423504,Заголовок про программирование 3360,Текст про программирование должен быть больше 100 символов 3360
3361,3,2025-09-09 09:04:11.423505,Заголовок про программирование 3361,Текст про программирование должен быть больше 100 символов 3361
3362,2,2025-09-09 09:04:11.423506,Заголовок про программирование 3362,Текст про программирование должен быть больше 100 символов 3362
3363,1,2025-09-09 09:04:11.423507,Заголовок про программирование 3363,Текст про программирование должен быть больше 100 символов 3363
3364,2,2025-09-09 09:04:11.423508,Заголовок про программирование 3364,Текст про программирование должен быть больше 100 символов 3364
3365,2,2025-09-09 09:04:11.423509,Заголовок про программирование 3365,Текст про программирование должен быть больше 100 символов 3365
3366,2,2025-09-09 09:04:11.423510,Заголовок про программирование 3366,Текст про программирование должен быть больше 100 символов 3366
3367,1,2025-09-09 09:04:11.423511,Заголовок про программирование 3367,Текст про программирование должен быть больше 100 символов 3367
3368,3,2025-09-09 09:04:11.423512,Заголовок про программирование 3368,Текст про программирование должен быть больше 100 символов 3368
3369,1,2025-09-09 09:04:11.423513,Заголовок про программирование 3369,Текст про программирование должен быть больше 100 символов 3369
3370,3,2025-09-09 09:04:11.423514,Заголовок про программирование 3370,Текст про программирование должен быть больше 100 символов 3370
3371,2,2025-09-09 09:04:11.423515,Заголовок про программирование 3371,Текст про программирование должен быть больше 100 символов 3371
3372,1,2025-09-09 09:04:11.423516,Заголовок про программирование 3372,Текст про программирование должен быть больше 100 символов 3372
3373,3,2025-09-09 09:04:11.423517,Заголовок про программирование 3373,Текст про программирование должен быть больше 100 символов 3373
3374,2,2025-09-09 09:04:11.423518,Заголовок про программирование 3374,Текст про программирование должен быть больше 100 символов 3374
3375,3,2025-09-09 09:04:11.423519,Заголовок про программирование 3375,Текст про программирование должен быть больше 100 символов 3375
3376,1,2025-09-09 09:04:11.423520,Заголовок про программирование 3376,Текст про программирование должен быть больше 100 символов 3376
3377,2,2025-09-09 09:04:11.423521,Заголовок про программирование 3377,Текст про программирование должен быть больше 100 символов 3377
3378,2,2025-09-09 09:04:11.423522,Заголовок про программирование 3378,Текст про программирование должен быть больше 100 символов 3378
3379,2,2025-09-09 09:04:11.423523,Заголовок про программирование 3379,Текст про программирование должен быть больше 100 символов 3379
3380,1,2025-09-09 09:04:11.423524,Заголовок про программирование 3380,Текст про программирование должен быть больше 100 символов 3380
3381,3,2025-09-09 09:04:11.423525,Заголовок про программирование 3381,Текст про программирование должен быть больше 100 символов 3381
3382,3,2025-09-09 09:04:11.423526,Заголовок про программирование 3382,Текст про программирование должен быть больше 100 символов 3382
3383,3,2025-09-09 09:04:11.423527,Заголовок про программирование 3383,Текст про программирование должен быть больше 100 символов 3383
3384,2,2025-09-09 09:04:11.423528,Заголовок про программирование 3384,Текст про программирование должен быть больше 100 символов 3384
3385,3,2025-09-09 09:04:11.423529,Заголовок про программирование 3385,Текст про программирование должен быть больше 100 символов 3385
3386,2,2025-09-09 09:04:11.423530,Заголовок про программирование 3386,Текст про программирование должен быть больше 100 символов 3386
3387,1,2025-09-09 09:04:11.423531,Заголовок про программирование 3387,Текст про программирование должен быть больше 100 символов 3387
3388,3,2025-09-09 09:04:11.423532,Заголовок про программирование 3388,Текст про программирование должен быть больше 100 символов 3388
3389,2,2025-09-09 09:04:11.423533,Заголовок про программирование 3389,Текст про программирование должен быть больше 100 символов 3389
3390,3,2025-09-09 09:04:11.423534,Заголовок про программирование 3390,Текст про программирование должен быть больше 100 символов 3390
3391,3,2025-09-09 09:04:11.423535,Заголовок про программирование 3391,Текст про программирование должен быть больше 100 символов 3391
3392,1,2025-09-09 09:04:11.423536,Заголовок про программирование 3392,Текст про программирование должен быть больше 100 символов 3392
3393,2,2025-09-09 09:04:11.423537,Заголовок про программирование 3393,Текст про программирование должен быть больше 100 символов 3393
3394,3,2025-09-09 09:04:11.423538,Заголовок про программирование 3394,Текст про программирование должен быть больше 100 символов 3394
3395,3,2025-09-09 09:04:11.423539,Заголовок про программирование 3395,Текст про программирование должен быть больше 100 символов 3395
3396,1,2025-09-09 09:04:11.423540,Заголовок про программирование 3396,Текст про программирование должен быть больше 100 символов 3396
3397,3,2025-09-09 09:04:11.423541,Заголовок про программирование 3397,Текст про программирование должен быть больше 100 символов 3397
3398,1,2025-09-09 09:04:11.423542,Заголовок про программирование 3398,Текст про программирование должен быть больше 100 символов 3398
3399,3,2025-09-09 09:04:11.423543,Заголовок про программирование 3399,Текст про программирование должен быть больше 100 символов 3399
3400,3,2025-09-09 09:04:11.423544,Заголовок про программирование 3400,Текст про программирование должен быть больше 100 символов 3400
3401,3,2025-09-09 09:04:11.423545,Заголовок про программирование 3401,Текст про программирование должен быть больше 100 символов 3401
3402,2,2025-09-09 09:04:11.423546,Заголовок про программирование 3402,Текст про программирование должен быть больше 100 символов 3402
3403,2,2025-09-09 09:04:11.423547,Заголовок про программирование 3403,Текст про программирование должен быть больше 100 символов 3403
3404,2,2025-09-09 09:04:11.423548,Заголовок про программирование 3404,Текст про программирование должен быть больше 100 символов 3404
3405,1,2025-09-09 09:04:11.423549,Заголовок про программирование 3405,Текст про программирование должен быть больше 100 символов 3405
3406,1,2025-09-09 09:04:11.423550,Заголовок про программирование 3406,Текст про программирование должен быть больше 100 символов 3406
3407,1,2025-09-09 09:04:11.423551,Заголовок про программирование 3407,Текст про программирование должен быть больше 100 символов 3407
3408,2,2025-09-09 09:04:11.423552,Заголовок про программирование 3408,Текст про программирование должен быть больше 100 символов 3408
3409,2,2025-09-09 09:04:11.423553,Заголовок про программирование 3409,Текст про программирование должен быть больше 100 символов 3409
3410,1,2025-09-09 09:04:11.423554,Заголовок про программирование 3410,Текст про программирование должен быть больше 100 символов 3410
3411,1,2025-09-09 09:04:11.423555,Заголовок про программирование 3411,Текст про программирование должен быть больше 100 символов 3411
3412,1,2025-09-09 09:04:11.423556,Заголовок про программирование 3412,Текст про программирование должен быть больше 100 символов 3412
3413,2,2025-09-09 09:04:11.423557,Заголовок про программирование 3413,Текст про программирование должен быть больше 100 символов 3413
3414,3,2025-09-09 09:04:11.423558,Заголовок про программирование 3414,Текст про программирование должен быть больше 100 символов 3414
3415,3,2025-09-09 09:04:11.423559,Заголовок про программирование 3415,Текст про программирование должен быть больше 100 символов 3415
3416,1,2025-09-09 09:04:11.423560,Заголовок про программирование 3416,Текст про программирование должен быть больше 100 символов 3416
3417,1,2025-09-09 09:04:11.423561,Заголовок про программирование 3417,Текст про программирование должен быть больше 100 символов 3417
3418,1,2025-09-09 09:04:11.423562,Заголовок про программирование 3418,Текст про программирование должен быть больше 100 символов 3418
3419,2,2025-09-09 09:04:11.423563,Заголовок про программирование 3419,Текст про программирование должен быть больше 100 символов 3419
3420,1,2025-09-09 09:04:11.423564,Заголовок про программирование 3420,Текст про программирование должен быть больше 100 символов 3420
3421,2,2025-09-09 09:04:11.423565,Заголовок про программирование 3421,Текст про программирование должен быть больше 100 символов 3421
3422,3,2025-09-09 09:04:11.423566,Заголовок про программирование 3422,Текст про программирование должен быть больше 100 символов 3422
3423,3,2025-09-09 09:04:11.423567,Заголовок про программирование 3423,Текст про программирование должен быть больше 100 символов 3423
3424,1,2025-09-09 09:04:11.423568,Заголовок про программирование 3424,Текст про программирование должен быть больше 100 символов 3424
3425,1,2025-09-09 09:04:11.423569,Заголовок про программирование 3425,Текст про программирование должен быть больше 100 символов 3425
3426,3,2025-09-09 09:04:11.423570,Заголовок про программирование 3426,Текст про программирование должен быть больше 100 символов 3426
3427,2,2025-09-09 09:04:11.423571,Заголовок про программирование 3427,Текст про программирование должен быть больше 100 символов 3427
3428,1,2025-09-09 09:04:11.423572,Заголовок про программирование 3428,Текст про программирование должен быть больше 100 символов 3428
3429,1,2025-09-09 09:04:11.423573,Заголовок про программирование 3429,Текст про программирование должен быть больше 100 символов 3429
3430,3,2025-09-09 09:04:11.423574,Заголовок про программирование 3430,Текст про программирование должен быть больше 100 символов 3430
3431,1,2025-09-09 09:04:11.423575,Заголовок про программирование 3431,Текст про программирование должен быть больше 100 символов 3431
3432,2,2025-09-09 09:04:11.423576,Заголовок про программирование 3432,Текст про программирование должен быть больше 100 символов 3432
3433,1,2025-09-09 09:04:11.423577,Заголовок про программирование 3433,Текст про программирование должен быть больше 100 символов 3433
3434,3,2025-09-09 09:04:11.423578,Заголовок про программирование 3434,Текст про программирование должен быть больше 100 символов 3434
3435,2,2025-09-09 09:04:11.423579,Заголовок про программирование 3435,Текст про программирование должен быть больше 100 символов 3435
3436,1,2025-09-09 09:04:11.423580,Заголовок про программирование 3436,Текст про программирование должен быть больше 100 символов 3436
3437,2,2025-09-09 09:04:11.423581,Заголовок про программирование 3437,Текст про программирование должен быть больше 100 символов 3437
3438,1,2025-09-09 09:04:11.423582,Заголовок про программирование 3438,Текст про программирование должен быть больше 100 символов 3438
3439,1,2025-09-09 09:04:11.423583,Заголовок про программирование 3439,Текст про программирование должен быть больше 100 символов 3439
3440,2,2025-09-09 09:04:11.423584,Заголовок про программирование 3440,Текст про программирование должен быть больше 100 символов 3440
3441,3,2025-09-09 09:04:11.423585,Заголовок про программирование 3441,Текст про программирование должен быть больше 100 символов 3441
3442,1,2025-09-09 09:04:11.423586,Заголовок про программирование 3442,Текст про программирование должен быть больше 100 символов 3442
3443,3,2025-09-09 09:04:11.423587,Заголовок про программирование 3443,Текст про программирование должен быть больше 100 символов 3443
3444,2,2025-09-09 09:04:11.423588,Заголовок про программирование 3444,Текст про программирование должен быть больше 100 символов 3444
3445,3,2025-09-09 09:04:11.423589,Заголовок про программирование 3445,Текст про программирование должен быть больше 100 символов 3445
3446,2,2025-09-09 09:04:11.423590,Заголовок про программирование 3446,Текст про программирование должен быть больше 100 символов 3446
3447,3,2025-09-09 09:04:11.423591,Заголовок про программирование 3447,Текст про программирование должен быть больше 100 символов 3447
3448,3,2025-09-09 09:04:11.423592,Заголовок про программирование 3448,Текст про программирование должен быть больше 100 символов 3448
3449,1,2025-09-09 09:04:11.423593,Заголовок про программирование 3449,Текст про программирование должен быть больше 100 символов 3449
3450,2,2025-09-09 09:04:11.423594,Заголовок про программирование 3450,Текст про программирование должен быть больше 100 символов 3450
3451,2,2025-09-09 09:04:11.423595,Заголовок про программирование 3451,Текст про программирование должен быть больше 100 символов 3451
3452,2,2025-09-09 09:04:11.423596,Заголовок про программирование 3452,Текст про программирование должен быть больше 100 символов 3452
3453,3,2025-09-09 09:04:11.423597,Заголовок про программирование 3453,Текст про программирование должен быть больше 100 символов 3453
3454,2,2025-09-09 09:04:11.423598,Заголовок про программирование 3454,Текст про программирование должен быть больше 100 символов 3454
3455,3,2025-09-09 09:04:11.423599,Заголовок про программирование 3455,Текст про программирование должен быть больше 100 символов 3455
3456,1,2025-09-09 09:04:11.423600,Заголовок про программирование 3456,Текст про программирование должен быть больше 100 символов 3456
3457,2,2025-09-09 09:04:11.423601,Заголовок про программирование 3457,Текст про программирование должен быть больше 100 символов 3457
3458,1,2025-09-09 09:04:11.423602,Заголовок про программирование 3458,Текст про программирование должен быть больше 100 символов 3458
3459,1,2025-09-09 09:04:11.423603,Заголовок про программирование 3459,Текст про программирование должен быть больше 100 символов 3459
3460,1,2025-09-09 09:04:11.423604,Заголовок про программирование 3460,Текст про программирование должен быть больше 100 символов 3460
3461,1,2025-09-09 09:04:11.423605,Заголовок про программирование 3461,Текст про программирование должен быть больше 100 символов 3461
3462,2,2025-09-09 09:04:11.423606,Заголовок про программирование 3462,Текст про программирование должен быть больше 100 символов 3462
3463,3,2025-09-09 09:04:11.423607,Заголовок про программирование 3463,Текст про программирование должен быть больше 100 символов 3463
3464,1,2025-09-09 09:04:11.423608,Заголовок про программирование 3464,Текст про программирование должен быть больше 100 символов 3464
3465,1,2025-09-09 09:04:11.423609,Заголовок про программирование 3465,Текст про программирование должен быть больше 100 символов 3465
3466,1,2025-09-09 09:04:11.423610,Заголовок про программирование 3466,Текст про программирование должен быть больше 100 символов 3466
3467,3,2025-09-09 09:04:11.423611,Заголовок про программирование 3467,Текст про программирование должен быть больше 100 символов 3467
3468,3,2025-09-09 09:04:11.423612,Заголовок про программирование 3468,Текст про программирование должен быть больше 100 символов 3468
3469,2,2025-09-09 09:04:11.423613,Заголовок про программирование 3469,Текст про программирование должен быть больше 100 символов 3469
3470,2,2025-09-09 09:04:11.423614,Заголовок про программирование 3470,Текст про программирование должен быть больше 100 символов 3470
3471,3,2025-09-09 09:04:11.423615,Заголовок про программирование 3471,Текст про программирование должен быть больше 100 символов 3471
3472,3,2025-09-09 09:04:11.423616,Заголовок про программирование 3472,Текст про программирование должен быть больше 100 символов 3472
3473,3,2025-09-09 09:04:11.423617,Заголовок про программирование 3473,Текст про программирование должен быть больше 100 символов 3473
3474,2,2025-09-09 09:04:11.423618,Заголовок про программирование 3474,Текст про программирование должен быть больше 100 символов 3474
3475,1,2025-09-09 09:04:11.423619,Заголовок про программирование 3475,Текст про программирование должен быть больше 100 символов 3475
3476,2,2025-09-09 09:04:11.423620,Заголовок про программирование 3476,Текст про программирование должен быть больше 100 символов 3476
3477,1,2025-09-09 09:04:11.423621,Заголовок про программирование 3477,Текст про программирование должен быть больше 100 символов 3477
3478,1,2025-09-09 09:04:11.423622,Заголовок про программирование 3478,Текст про программирование должен быть больше 100 символов 3478
3479,2,2025-09-09 09:04:11.423623,Заголовок про программирование 3479,Текст про программирование должен быть больше 100 символов 3479
3480,1,2025-09-09 09:04:11.423624,Заголовок про программирование 3480,Текст про программирование должен быть больше 100 символов 3480
3481,3,2025-09-09 09:04:11.423625,Заголовок про программирование 3481,Текст про программирование должен быть больше 100 символов 3481
3482,2,2025-09-09 09:04:11.423626,Заголовок про программирование 3482,Текст про программирование должен быть больше 100 символов 3482
3483,2,2025-09-09 09:04:11.423627,Заголовок про программирование 3483,Текст про программирование должен быть больше 100 символов 3483
3484,2,2025-09-09 09:04:11.423628,Заголовок про программирование 3484,Текст про программирование должен быть больше 100 символов 3484
3485,2,2025-09-09 09:04:11.423629,Заголовок про программирование 3485,Текст про программирование должен быть больше 100 символов 3485
3486,1,2025-09-09 09:04:11.423630,Заголовок про программирование 3486,Текст про программирование должен быть больше 100 символов 3486
3487,1,2025-09-09 09:04:11.423631,Заголовок про программирование 3487,Текст про программирование должен быть больше 100 символов 3487
3488,2,2025-09-09 09:04:11.423632,Заголовок про программирование 3488,Текст про программирование должен быть больше 100 символов 3488
3489,2,2025-09-09 09:04:11.423633,Заголовок про программирование 3489,Текст про программирование должен быть больше 100 символов 3489
3490,3,2025-09-09 09:04:11.423634,Заголовок про программирование 3490,Текст про программирование должен быть больше 100 символов 3490
3491,3,2025-09-09 09:04:11.423635,Заголовок про программирование 3491,Текст про программирование должен быть больше 100 символов 3491
3492,2,2025-09-09 09:04:11.423636,Заголовок про программирование 3492,Текст про программирование должен быть больше 100 символов 3492
3493,1,2025-09-09 09:04:11.423637,Заголовок про программирование 3493,Текст про программирование должен быть больше 100 символов 3493
3494,1,2025-09-09 09:04:11.423638,Заголовок про программирование 3494,Текст про программирование должен быть больше 100 символов 3494
3495,1,2025-09-09 09:04:11.423639,Заголовок про программирование 3495,Текст про программирование должен быть больше 100 символов 3495
3496,2,2025-09-09 09:04:11.423640,Заголовок про программирование 3496,Текст про программирование должен быть больше 100 символов 3496
3497,2,2025-09-09 09:04:11.423641,Заголовок про программирование 3497,Текст про программирование должен быть больше 100 символов 3497
3498,1,2025-09-09 09:04:11.423642,Заголовок про программирование 3498,Текст про программирование должен быть больше 100 символов 3498
3499,1,2025-09-09 09:04:11.423643,Заголовок про программирование 3499,Текст про программирование должен быть больше 100 символов 3499
3500,1,2025-09-09 09:04:11.423644,Заголовок про программирование 3500,Текст про программирование должен быть больше 100 символов 3500
3501,1,2025-09-09 09:04:11.423645,Заголовок про программирование 3501,Текст про программирование должен быть больше 100 символов 3501
3502,3,2025-09-09 09:04:11.423646,Заголовок про программирование 3502,Текст про программирование должен быть больше 100 символов 3502
3503,3,2025-09-09 09:04:11.423647,Заголовок про программирование 3503,Текст про программирование должен быть больше 100 символов 3503
3504,3,2025-09-09 09:04:11.423648,Заголовок про программирование 3504,Текст про программирование должен быть больше 100 символов 3504
3505,3,2025-09-09 09:04:11.423649,Заголовок про программирование 3505,Текст про программирование должен быть больше 100 символов 3505
3506,1,2025-09-09 09:04:11.423650,Заголовок про программирование 3506,Текст про программирование должен быть больше 100 символов 3506
3507,2,2025-09-09 09:04:11.423651,Заголовок про программирование 3507,Текст про программирование должен быть больше 100 символов 3507
3508,1,2025-09-09 09:04:11.423652,Заголовок про программирование 3508,Текст про программирование должен быть больше 100 символов 3508
3509,3,2025-09-09 09:04:11.423653,Заголовок про программирование 3509,Текст про программирование должен быть больше 100 символов 3509
3510,1,2025-09-09 09:04:11.423654,Заголовок про программирование 3510,Текст про программирование должен быть больше 100 символов 3510
3511,2,2025-09-09 09:04:11.423655,Заголовок про программирование 3511,Текст про программирование должен быть больше 100 символов 3511
3512,3,2025-09-09 09:04:11.423656,Заголовок про программирование 3512,Текст про программирование должен быть больше 100 символов 3512
3513,1,2025-09-09 09:04:11.423657,Заголовок про программирование 3513,Текст про программирование должен быть больше 100 символов 3513
3514,1,2025-09-09 09:04:11.423658,Заголовок про программирование 3514,Текст про программирование должен быть больше 100 символов 3514
3515,1,2025-09-09 09:04:11.423659,Заголовок про программирование 3515,Текст про программирование должен быть больше 100 символов 3515
3516,3,2025-09-09 09:04:11.423660,Заголовок про программирование 3516,Текст про программирование должен быть больше 100 символов 3516
3517,1,2025-09-09 09:04:11.423661,Заголовок про программирование 3517,Текст про программирование должен быть больше 100 символов 3517
3518,2,2025-09-09 09:04:11.423662,Заголовок про программирование 3518,Текст про программирование должен быть больше 100 символов 3518
3519,3,2025-09-09 09:04:11.423663,Заголовок про программирование 3519,Текст про программирование должен быть больше 100 символов 3519
3520,3,2025-09-09 09:04:11.423664,Заголовок про программирование 3520,Текст про программирование должен быть больше 100 символов 3520
3521,2,2025-09-09 09:04:11.423665,Заголовок про программирование 3521,Текст про программирование должен быть больше 100 символов 3521
3522,2,2025-09-09 09:04:11.423666,Заголовок про программирование 3522,Текст про программирование должен быть больше 100 символов 3522
3523,3,2025-09-09 09:04:11.423667,Заголовок про программирование 3523,Текст про программирование должен быть больше 100 символов 3523
3524,1,2025-09-09 09:04:11.423668,Заголовок про программирование 3524,Текст про программирование должен быть больше 100 символов 3524
3525,2,2025-09-09 09:04:11.423669,Заголовок про программирование 3525,Текст про программирование должен быть больше 100 символов 3525
3526,2,2025-09-09 09:04:11.423670,Заголовок про программирование 3526,Текст про программирование должен быть больше 100 символов 3526
3527,1,2025-09-09 09:04:11.423671,Заголовок про программирование 3527,Текст про программирование должен быть больше 100 символов 3527
3528,2,2025-09-09 09:04:11.423672,Заголовок про программирование 3528,Текст про программирование должен быть больше 100 символов 3528
3529,3,2025-09-09 09:04:11.423673,Заголовок про программирование 3529,Текст про программирование должен быть больше 100 символов 3529
3530,1,2025-09-09 09:04:11.423674,Заголовок про программирование 3530,Текст про программирование должен быть больше 100 символов 3530
3531,3,2025-09-09 09:04:11.423675,Заголовок про программирование 3531,Текст про программирование должен быть больше 100 символов 3531
3532,2,2025-09-09 09:04:11.423676,Заголовок про программирование 3532,Текст про программирование должен быть больше 100 символов 3532
3533,1,2025-09-09 09:04:11.423677,Заголовок про программирование 3533,Текст про программирование должен быть больше 100 символов 3533
3534,3,2025-09-09 09:04:11.423678,Заголовок про программирование 3534,Текст про программирование должен быть больше 100 символов 3534
3535,1,2025-09-09 09:04:11.423679,Заголовок про программирование 3535,Текст про программирование должен быть больше 100 символов 3535
3536,1,2025-09-09 09:04:11.423680,Заголовок про программирование 3536,Текст про программирование должен быть больше 100 символов 3536
3537,1,2025-09-09 09:04:11.423681,Заголовок про программирование 3537,Текст про программирование должен быть больше 100 символов 3537
3538,2,2025-09-09 09:04:11.423682,Заголовок про программирование 3538,Текст про программирование должен быть больше 100 символов 3538
3539,1,2025-09-09 09:04:11.423683,Заголовок про программирование 3539,Текст про программирование должен быть больше 100 символов 3539
3540,1,2025-09-09 09:04:11.423684,Заголовок про программирование 3540,Текст про программирование должен быть больше 100 символов 3540
3541,3,2025-09-09 09:04:11.423685,Заголовок про программирование 3541,Текст про программирование должен быть больше 100 символов 3541
3542,1,2025-09-09 09:04:11.423686,Заголовок про программирование 3542,Текст про программирование должен быть больше 100 символов 3542
3543,2,2025-09-09 09:04:11.423687,Заголовок про программирование 3543,Текст про программирование должен быть больше 100 символов 3543
3544,1,2025-09-09 09:04:11.423688,Заголовок про программирование 3544,Текст про программирование должен быть больше 100 символов 3544
3545,3,2025-09-09 09:04:11.423689,Заголовок про программирование 3545,Текст про программирование должен быть больше 100 символов 3545
3546,2,2025-09-09 09:04:11.423690,Заголовок про программирование 3546,Текст про программирование должен быть больше 100 символов 3546
3547,1,2025-09-09 09:04:11.423691,Заголовок про программирование 3547,Текст про программирование должен быть больше 100 символов 3547
3548,3,2025-09-09 09:04:11.423692,Заголовок про программирование 3548,Текст про программирование должен быть больше 100 символов 3548
3549,3,2025-09-09 09:04:11.423693,Заголовок про программирование 3549,Текст про программирование должен быть больше 100 символов 3549
3550,1,2025-09-09 09:04:11.423694,Заголовок про программирование 3550,Текст про программирование должен быть больше 100 символов 3550
3551,3,2025-09-09 09:04:11.423695,Заголовок про программирование 3551,Текст про программирование должен быть больше 100 символов 3551
3552,2,2025-09-09 09:04:11.423696,Заголовок про программирование 3552,Текст про программирование должен быть больше 100 символов 3552
3553,3,2025-09-09 09:04:11.423697,Заголовок про программирование 3553,Текст про программирование должен быть больше 100 символов 3553
3554,2,2025-09-09 09:04:11.423698,Заголовок про программирование 3554,Текст про программирование должен быть больше 100 символов 3554
3555,1,2025-09-09 09:04:11.423699,Заголовок про программирование 3555,Текст про программирование должен быть больше 100 символов 3555
3556,2,2025-09-09 09:04:11.423700,Заголовок про программирование 3556,Текст про программирование должен быть больше 100 символов 3556
3557,2,2025-09-09 09:04:11.423701,Заголовок про программирование 3557,Текст про программирование должен быть больше 100 символов 3557
3558,3,2025-09-09 09:04:11.423702,Заголовок про программирование 3558,Текст про программирование должен быть больше 100 символов 3558
3559,2,2025-09-09 09:04:11.423703,Заголовок про программирование 3559,Текст про программирование должен быть больше 100 символов 3559
3560,2,2025-09-09 09:04:11.423704,Заголовок про программирование 3560,Текст про программирование должен быть больше 100 символов 3560
3561,1,2025-09-09 09:04:11.423705,Заголовок про программирование 3561,Текст про программирование должен быть больше 100 символов 3561
3562,2,2025-09-09 09:04:11.423706,Заголовок про программирование 3562,Текст про программирование должен быть больше 100 символов 3562
3563,1,2025-09-09 09:04:11.423707,Заголовок про программирование 3563,Текст про программирование должен быть больше 100 символов 3563
3564,3,2025-09-09 09:04:11.423708,Заголовок про программирование 3564,Текст про программирование должен быть больше 100 символов 3564
3565,3,2025-09-09 09:04:11.423709,Заголовок про программирование 3565,Текст про программирование должен быть больше 100 символов 3565
3566,1,2025-09-09 09:04:11.423710,Заголовок про программирование 3566,Текст про программирование должен быть больше 100 символов 3566
3567,2,2025-09-09 09:04:11.423711,Заголовок про программирование 3567,Текст про программирование должен быть больше 100 символов 3567
3568,3,2025-09-09 09:04:11.423712,Заголовок про программирование 3568,Текст про программирование должен быть больше 100 символов 3568
3569,2,2025-09-09 09:04:11.423713,Заголовок про программирование 3569,Текст про программирование должен быть больше 100 символов 3569
3570,2,2025-09-09 09:04:11.423714,Заголовок про программирование 3570,Текст про программирование должен быть больше 100 символов 3570
3571,3,2025-09-09 09:04:11.423715,Заголовок про программирование 3571,Текст про программирование должен быть больше 100 символов 3571
3572,3,2025-09-09 09:04:11.423716,Заголовок про программирование 3572,Текст про программирование должен быть больше 100 символов 3572
3573,1,2025-09-09 09:04:11.423717,Заголовок про программирование 3573,Текст про программирование должен быть больше 100 символов 3573
3574,2,2025-09-09 09:04:11.423718,Заголовок про программирование 3574,Текст про программирование должен быть больше 100 символов 3574
3575,1,2025-09-09 09:04:11.423719,Заголовок про программирование 3575,Текст про программирование должен быть больше 100 символов 3575
3576,1,2025-09-09 09:04:11.423720,Заголовок про программирование 3576,Текст про программирование должен быть больше 100 символов 3576
3577,1,2025-09-09 09:04:11.423721,Заголовок про программирование 3577,Текст про программирование должен быть больше 100 символов 3577
3578,3,2025-09-09 09:04:11.423722,Заголовок про программирование 3578,Текст про программирование должен быть больше 100 символов 3578
3579,1,2025-09-09 09:04:11.423723,Заголовок про программирование 3579,Текст про программирование должен быть больше 100 символов 3579
3580,1,2025-09-09 09:04:11.423724,Заголовок про программирование 3580,Текст про программирование должен быть больше 100 символов 3580
3581,2,2025-09-09 09:04:11.423725,Заголовок про программирование 3581,Текст про программирование должен быть больше 100 символов 3581
3582,1,2025-09-09 09:04:11.423726,Заголовок про программирование 3582,Текст про программирование должен быть больше 100 символов 3582
3583,3,2025-09-09 09:04:11.423727,Заголовок про программирование 3583,Текст про программирование должен быть больше 100 символов 3583
3584,3,2025-09-09 09:04:11.423728,Заголовок про программирование 3584,Текст про программирование должен быть больше 100 символов 3584
3585,3,2025-09-09 09:04:11.423729,Заголовок про программирование 3585,Текст про программирование должен быть больше 100 символов 3585
3586,3,2025-09-09 09:04:11.423730,Заголовок про программирование 3586,Текст про программирование должен быть больше 100 символов 3586
3587,3,2025-09-09 09:04:11.423731,Заголовок про программирование 3587,Текст про программирование должен быть больше 100 символов 3587
3588,1,2025-09-09 09:04:11.423732,Заголовок про программирование 3588,Текст про программирование должен быть больше 100 символов 3588
3589,1,2025-09-09 09:04:11.423733,Заголовок про программирование 3589,Текст про программирование должен быть больше 100 символов 3589
3590,2,2025-09-09 09:04:11.423734,Заголовок про программирование 3590,Текст про программирование должен быть больше 100 символов 3590
3591,3,2025-09-09 09:04:11.423735,Заголовок про программирование 3591,Текст про программирование должен быть больше 100 символов 3591
3592,2,2025-09-09 09:04:11.423736,Заголовок про программирование 3592,Текст про программирование должен быть больше 100 символов 3592
3593,3,2025-09-09 09:04:11.423737,Заголовок про программирование 3593,Текст про программирование должен быть больше 100 символов 3593
3594,3,2025-09-09 09:04:11.423738,Заголовок про программирование 3594,Текст про программирование должен быть больше 100 символов 3594
3595,1,2025-09-09 09:04:11.423739,Заголовок про программирование 3595,Текст про программирование должен быть больше 100 символов 3595
3596,2,2025-09-09 09:04:11.423740,Заголовок про программирование 3596,Текст про программирование должен быть больше 100 символов 3596
3597,2,2025-09-09 09:04:11.423741,Заголовок про программирование 3597,Текст про программирование должен быть больше 100 символов 3597
3598,2,2025-09-09 09:04:11.423742,Заголовок про программирование 3598,Текст про программирование должен быть больше 100 символов 3598
3599,1,2025-09-09 09:04:11.423743,Заголовок про программирование 3599,Текст про программирование должен быть больше 100 символов 3599
3600,2,2025-09-09 09:04:11.423744,Заголовок про программирование 3600,Текст про программирование должен быть больше 100 символов 3600
3601,2,2025-09-09 09:04:11.423745,Заголовок про программирование 3601,Текст про программирование должен быть больше 100 символов 3601
3602,1,2025-09-09 09:04:11.423746,Заголовок про программирование 3602,Текст про программирование должен быть больше 100 символов 3602
3603,1,2025-09-09 09:04:11.423747,Заголовок про программирование 3603,Текст про программирование должен быть больше 100 символов 3603
3604,2,2025-09-09 09:04:11.423748,Заголовок про программирование 3604,Текст про программирование должен быть больше 100 символов 3604
3605,2,2025-09-09 09:04:11.423749,Заголовок про программирование 3605,Текст про программирование должен быть больше 100 символов 3605
3606,3,2025-09-09 09:04:11.423750,Заголовок про программирование 3606,Текст про программирование должен быть больше 100 символов 3606
3607,3,2025-09-09 09:04:11.423751,Заголовок про программирование 3607,Текст про программирование должен быть больше 100 символов 3607
3608,1,2025-09-09 09:04:11.423752,Заголовок про программирование 3608,Текст про программирование должен быть больше 100 символов 3608
3609,3,2025-09-09 09:04:11.423753,Заголовок про программирование 3609,Текст про программирование должен быть больше 100 символов 3609
3610,3,2025-09-09 09:04:11.423754,Заголовок про программирование 3610,Текст про программирование должен быть больше 100 символов 3610
3611,2,2025-09-09 09:04:11.423755,Заголовок про программирование 3611,Текст про программирование должен быть больше 100 символов 3611
3612,1,2025-09-09 09:04:11.423756,Заголовок про программирование 3612,Текст про программирование должен быть больше 100 символов 3612
3613,2,2025-09-09 09:04:11.423757,Заголовок про программирование 3613,Текст про программирование должен быть больше 100 символов 3613
3614,3,2025-09-09 09:04:11.423758,Заголовок про программирование 3614,Текст про программирование должен быть больше 100 символов 3614
3615,3,2025-09-09 09:04:11.423759,Заголовок про программирование 3615,Текст про программирование должен быть больше 100 символов 3615
3616,2,2025-09-09 09:04:11.423760,Заголовок про программирование 3616,Текст про программирование должен быть больше 100 символов 3616
3617,1,2025-09-09 09:04:11.423761,Заголовок про программирование 3617,Текст про программирование должен быть больше 100 символов 3617
3618,1,2025-09-09 09:04:11.423762,Заголовок про программирование 3618,Текст про программирование должен быть больше 100 символов 3618
3619,2,2025-09-09 09:04:11.423763,Заголовок про программирование 3619,Текст про программирование должен быть больше 100 символов 3619
3620,2,2025-09-09 09:04:11.423764,Заголовок про программирование 3620,Текст про программирование должен быть больше 100 символов 3620
3621,3,2025-09-09 09:04:11.423765,Заголовок про программирование 3621,Текст про программирование должен быть больше 100 символов 3621
3622,2,2025-09-09 09:04:11.423766,Заголовок про программирование 3622,Текст про программирование должен быть больше 100 символов 3622
3623,2,2025-09-09 09:04:11.423767,Заголовок про программирование 3623,Текст про программирование должен быть больше 100 символов 3623
3624,3,2025-09-09 09:04:11.423768,Заголовок про программирование 3624,Текст про программирование должен быть больше 100 символов 3624
3625,2,2025-09-09 09:04:11.423769,Заголовок про программирование 3625,Текст про программирование должен быть больше 100 символов 3625
3626,2,2025-09-09 09:04:11.423770,Заголовок про программирование 3626,Текст про программирование должен быть больше 100 символов 3626
3627,2,2025-09-09 09:04:11.423771,Заголовок про программирование 3627,Текст про программирование должен быть больше 100 символов 3627
3628,3,2025-09-09 09:04:11.423772,Заголовок про программирование 3628,Текст про программирование должен быть больше 100 символов 3628
3629,3,2025-09-09 09:04:11.423773,Заголовок про программирование 3629,Текст про программирование должен быть больше 100 символов 3629
3630,2,2025-09-09 09:04:11.423774,Заголовок про программирование 3630,Текст про программирование должен быть больше 100 символов 3630
3631,3,2025-09-09 09:04:11.423775,Заголовок про программирование 3631,Текст про программирование должен быть больше 100 символов 3631
3632,3,2025-09-09 09:04:11.423776,Заголовок про программирование 3632,Текст про программирование должен быть больше 100 символов 3632
3633,1,2025-09-09 09:04:11.423777,Заголовок про программирование 3633,Текст про программирование должен быть больше 100 символов 3633
3634,3,2025-09-09 09:04:11.423778,Заголовок про программирование 3634,Текст про программирование должен быть больше 100 символов 3634
3635,2,2025-09-09 09:04:11.423779,Заголовок про программирование 3635,Текст про программирование должен быть больше 100 символов 3635
3636,1,2025-09-09 09:04:11.423780,Заголовок про программирование 3636,Текст про программирование должен быть больше 100 символов 3636
3637,3,2025-09-09 09:04:11.423781,Заголовок про программирование 3637,Текст про программирование должен быть больше 100 символов 3637
3638,1,2025-09-09 09:04:11.423782,Заголовок про программирование 3638,Текст про программирование должен быть больше 100 символов 3638
3639,3,2025-09-09 09:04:11.423783,Заголовок про программирование 3639,Текст про программирование должен быть больше 100 символов 3639
3640,3,2025-09-09 09:04:11.423784,Заголовок про программирование 3640,Текст про программирование должен быть больше 100 символов 3640
3641,3,2025-09-09 09:04:11.423785,Заголовок про программирование 3641,Текст про программирование должен быть больше 100 символов 3641
3642,3,2025-09-09 09:04:11.423786,Заголовок про программирование 3642,Текст про программирование должен быть больше 100 символов 3642
3643,2,2025-09-09 09:04:11.423787,Заголовок про программирование 3643,Текст про программирование должен быть больше 100 символов 3643
3644,1,2025-09-09 09:04:11.423788,Заголовок про программирование 3644,Текст про программирование должен быть больше 100 символов 3644
3645,1,2025-09-09 09:04:11.423789,Заголовок про программирование 3645,Текст про программирование должен быть больше 100 символов 3645
3646,2,2025-09-09 09:04:11.423790,Заголовок про программирование 3646,Текст про программирование должен быть больше 100 символов 3646
3647,3,2025-09-09 09:04:11.423791,Заголовок про программирование 3647,Текст про программирование должен быть больше 100 символов 3647
3648,2,2025-09-09 09:04:11.423792,Заголовок про программирование 3648,Текст про программирование должен быть больше 100 символов 3648
3649,3,2025-09-09 09:04:11.423793,Заголовок про программирование 3649,Текст про программирование должен быть больше 100 символов 3649
3650,1,2025-09-09 09:04:11.423794,Заголовок про программирование 3650,Текст про программирование должен быть больше 100 символов 3650
3651,1,2025-09-09 09:04:11.423795,Заголовок про программирование 3651,Текст про программирование должен быть больше 100 символов 3651
3652,1,2025-09-09 09:04:11.423796,Заголовок про программирование 3652,Текст про программирование должен быть больше 100 символов 3652
3653,1,2025-09-09 09:04:11.423797,Заголовок про программирование 3653,Текст про программирование должен быть больше 100 символов 3653
3654,3,2025-09-09 09:04:11.423798,Заголовок про программирование 3654,Текст про программирование должен быть больше 100 символов 3654
3655,2,2025-09-09 09:04:11.423799,Заголовок про программирование 3655,Текст про программирование должен быть больше 100 символов 3655
3656,3,2025-09-09 09:04:11.423800,Заголовок про программирование 3656,Текст про программирование должен быть больше 100 символов 3656
3657,1,2025-09-09 09:04:11.423801,Заголовок про программирование 3657,Текст про программирование должен быть больше 100 символов 3657
3658,1,2025-09-09 09:04:11.423802,Заголовок про программирование 3658,Текст про программирование должен быть больше 100 символов 3658
3659,3,2025-09-09 09:04:11.423803,Заголовок про программирование 3659,Текст про программирование должен быть больше 100 символов 3659
3660,2,2025-09-09 09:04:11.423804,Заголовок про программирование 3660,Текст про программирование должен быть больше 100 символов 3660
3661,1,2025-09-09 09:04:11.423805,Заголовок про программирование 3661,Текст про программирование должен быть больше 100 символов 3661
3662,2,2025-09-09 09:04:11.423806,Заголовок про программирование 3662,Текст про программирование должен быть больше 100 символов 3662
3663,2,2025-09-09 09:04:11.423807,Заголовок про программирование 3663,Текст про программирование должен быть больше 100 символов 3663
3664,2,2025-09-09 09:04:11.423808,Заголовок про программирование 3664,Текст про программирование должен быть больше 100 символов 3664
3665,1,2025-09-09 09:04:11.423809,Заголовок про программирование 3665,Текст про программирование должен быть больше 100 символов 3665
3666,1,2025-09-09 09:04:11.423810,Заголовок про программирование 3666,Текст про программирование должен быть больше 100 символов 3666
3667,1,2025-09-09 09:04:11.423811,Заголовок про программирование 3667,Текст про программирование должен быть больше 100 символов 3667
3668,2,2025-09-09 09:04:11.423812,Заголовок про программирование 3668,Текст про программирование должен быть больше 100 символов 3668
3669,2,2025-09-09 09:04:11.423813,Заголовок про программирование 3669,Текст про программирование должен быть больше 100 символов 3669
3670,2,2025-09-09 09:04:11.423814,Заголовок про программирование 3670,Текст про программирование должен быть больше 100 символов 3670
3671,2,2025-09-09 09:04:11.423815,Заголовок про программирование 3671,Текст про программирование должен быть больше 100 символов 3671
3672,2,2025-09-09 09:04:11.423816,Заголовок про программирование 3672,Текст про программирование должен быть больше 100 символов 3672
3673,2,2025-09-09 09:04:11.423817,Заголовок про программирование 3673,Текст про программирование должен быть больше 100 символов 3673
3674,3,2025-09-09 09:04:11.423818,Заголовок про программирование 3674,Текст про программирование должен быть больше 100 символов 3674
3675,3,2025-09-09 09:04:11.423819,Заголовок про программирование 3675,Текст про программирование должен быть больше 100 символов 3675
3676,1,2025-09-09 09:04:11.423820,Заголовок про программирование 3676,Текст про программирование должен быть больше 100 символов 3676
3677,1,2025-09-09 09:04:11.423821,Заголовок про программирование 3677,Текст про программирование должен быть больше 100 символов 3677
3678,2,2025-09-09 09:04:11.423822,Заголовок про программирование 3678,Текст про программирование должен быть больше 100 символов 3678
3679,2,2025-09-09 09:04:11.423823,Заголовок про программирование 3679,Текст про программирование должен быть больше 100 символов 3679
3680,1,2025-09-09 09:04:11.423824,Заголовок про программирование 3680,Текст про программирование должен быть больше 100 символов 3680
3681,2,2025-09-09 09:04:11.423825,Заголовок про программирование 3681,Текст про программирование должен быть больше 100 символов 3681
3682,2,2025-09-09 09:04:11.423826,Заголовок про программирование 3682,Текст про программирование должен быть больше 100 символов 3682
3683,2,2025-09-09 09:04:11.423827,Заголовок про программирование 3683,Текст про программирование должен быть больше 100 символов 3683
3684,1,2025-09-09 09:04:11.423828,Заголовок про программирование 3684,Текст про программирование должен быть больше 100 символов 3684
3685,3,2025-09-09 09:04:11.423829,Заголовок про программирование 3685,Текст про программирование должен быть больше 100 символов 3685
3686,3,2025-09-09 09:04:11.423830,Заголовок про программирование 3686,Текст про программирование должен быть больше 100 символов 3686
3687,3,2025-09-09 09:04:11.423831,Заголовок про программирование 3687,Текст про программирование должен быть больше 100 символов 3687
3688,2,2025-09-09 09:04:11.423832,Заголовок про программирование 3688,Текст про программирование должен быть больше 100 символов 3688
3689,1,2025-09-09 09:04:11.423833,Заголовок про программирование 3689,Текст про программирование должен быть больше 100 символов 3689
3690,3,2025-09-09 09:04:11.423834,Заголовок про программирование 3690,Текст про программирование должен быть больше 100 символов 3690
3691,3,2025-09-09 09:04:11.423835,Заголовок про программирование 3691,Текст про программирование должен быть больше 100 символов 3691
3692,1,2025-09-09 09:04:11.423836,Заголовок про программирование 3692,Текст про программирование должен быть больше 100 символов 3692
3693,2,2025-09-09 09:04:11.423837,Заголовок про программирование 3693,Текст про программирование должен быть больше 100 символов 3693
3694,3,2025-09-09 09:04:11.423838,Заголовок про программирование 3694,Текст про программирование должен быть больше 100 символов 3694
3695,3,2025-09-09 09:04:11.423839,Заголовок про программирование 3695,Текст про программирование должен быть больше 100 символов 3695
3696,2,2025-09-09 09:04:11.423840,Заголовок про программирование 3696,Текст про программирование должен быть больше 100 символов 3696
3697,1,2025-09-09 09:04:11.423841,Заголовок про программирование 3697,Текст про программирование должен быть больше 100 символов 3697
3698,1,2025-09-09 09:04:11.423842,Заголовок про программирование 3698,Текст про программирование должен быть больше 100 символов 3698
3699,2,2025-09-09 09:04:11.423843,Заголовок про программирование 3699,Текст про программирование должен быть больше 100 символов 3699
3700,1,2025-09-09 09:04:11.423844,Заголовок про программирование 3700,Текст про программирование должен быть больше 100 символов 3700
3701,2,2025-09-09 09:04:11.423845,Заголовок про программирование 3701,Текст про программирование должен быть больше 100 символов 3701
3702,2,2025-09-09 09:04:11.423846,Заголовок про программирование 3702,Текст про программирование должен быть больше 100 символов 3702
3703,2,2025-09-09 09:04:11.423847,Заголовок про программирование 3703,Текст про программирование должен быть больше 100 символов 3703
3704,2,2025-09-09 09:04:11.423848,Заголовок про программирование 3704,Текст про программирование должен быть больше 100 символов 3704
3705,1,2025-09-09 09:04:11.423849,Заголовок про программирование 3705,Текст про программирование должен быть больше 100 символов 3705
3706,3,2025-09-09 09:04:11.423850,Заголовок про программирование 3706,Текст про программирование должен быть больше 100 символов 3706
3707,2,2025-09-09 09:04:11.423851,Заголовок про программирование 3707,Текст про программирование должен быть больше 100 символов 3707
3708,2,2025-09-09 09:04:11.423852,Заголовок про программирование 3708,Текст про программирование должен быть больше 100 символов 3708
3709,1,2025-09-09 09:04:11.423853,Заголовок про программирование 3709,Текст про программирование должен быть больше 100 символов 3709
3710,3,2025-09-09 09:04:11.423854,Заголовок про программирование 3710,Текст про программирование должен быть больше 100 символов 3710
3711,3,2025-09-09 09:04:11.423855,Заголовок про программирование 3711,Текст про программирование должен быть больше 100 символов 3711
3712,2,2025-09-09 09:04:11.423856,Заголовок про программирование 3712,Текст про программирование должен быть больше 100 символов 3712
3713,3,2025-09-09 09:04:11.423857,Заголовок про программирование 3713,Текст про программирование должен быть больше 100 символов 3713
3714,2,2025-09-09 09:04:11.423858,Заголовок про программирование 3714,Текст про программирование должен быть больше 100 символов 3714
3715,3,2025-09-09 09:04:11.423859,Заголовок про программирование 3715,Текст про программирование должен быть больше 100 символов 3715
3716,3,2025-09-09 09:04:11.423860,Заголовок про программирование 3716,Текст про программирование должен быть больше 100 символов 3716
3717,2,2025-09-09 09:04:11.423861,Заголовок про программирование 3717,Текст про программирование должен быть больше 100 символов 3717
3718,1,2025-09-09 09:04:11.423862,Заголовок про программирование 3718,Текст про программирование должен быть больше 100 символов 3718
3719,2,2025-09-09 09:04:11.423863,Заголовок про программирование 3719,Текст про программирование должен быть больше 100 символов 3719
3720,3,2025-09-09 09:04:11.423864,Заголовок про программирование 3720,Текст про программирование должен быть больше 100 символов 3720
3721,1,2025-09-09 09:04:11.423865,Заголовок про программирование 3721,Текст про программирование должен быть больше 100 символов 3721
3722,2,2025-09-09 09:04:11.423866,Заголовок про программирование 3722,Текст про программирование должен быть больше 100 символов 3722
3723,1,2025-09-09 09:04:11.423867,Заголовок про программирование 3723,Текст про программирование должен быть больше 100 символов 3723
3724,3,2025-09-09 09:04:11.423868,Заголовок про программирование 3724,Текст про программирование должен быть больше 100 символов 3724
3725,1,2025-09-09 09:04:11.423869,Заголовок про программирование 3725,Текст про программирование должен быть больше 100 символов 3725
3726,2,2025-09-09 09:04:11.423870,Заголовок про программирование 3726,Текст про программирование должен быть больше 100 символов 3726
3727,3,2025-09-09 09:04:11.423871,Заголовок про программирование 3727,Текст про программирование должен быть больше 100 символов 3727
3728,3,2025-09-09 09:04:11.423872,Заголовок про программирование 3728,Текст про программирование должен быть больше 100 символов 3728
3729,3,2025-09-09 09:04:11.423873,Заголовок про программирование 3729,Текст про программирование должен быть больше 100 символов 3729
3730,2,2025-09-09 09:04:11.423874,Заголовок про программирование 3730,Текст про программирование должен быть больше 100 символов 3730
3731,3,2025-09-09 09:04:11.423875,Заголовок про программирование 3731,Текст про программирование должен быть больше 100 символов 3731
3732,2,2025-09-09 09:04:11.423876,Заголовок про программирование 3732,Текст про программирование должен быть больше 100 символов 3732
3733,3,2025-09-09 09:04:11.423877,Заголовок про программирование 3733,Текст про программирование должен быть больше 100 символов 3733
3734,3,2025-09-09 09:04:11.423878,Заголовок про программирование 3734,Текст про программирование должен быть больше 100 символов 3734
3735,1,2025-09-09 09:04:11.423879,Заголовок про программирование 3735,Текст про программирование должен быть больше 100 символов 3735
3736,1,2025-09-09 09:04:11.423880,Заголовок про программирование 3736,Текст про программирование должен быть больше 100 символов 3736
3737,3,2025-09-09 09:04:11.423881,Заголовок про программирование 3737,Текст про программирование должен быть больше 100 символов 3737
3738,3,2025-09-09 09:04:11.423882,Заголовок про программирование 3738,Текст про программирование должен быть больше 100 символов 3738
3739,1,2025-09-09 09:04:11.423883,Заголовок про программирование 3739,Текст про программирование должен быть больше 100 символов 3739
3740,2,2025-09-09 09:04:11.423884,Заголовок про программирование 3740,Текст про программирование должен быть больше 100 символов 3740
3741,3,2025-09-09 09:04:11.423885,Заголовок про программирование 3741,Текст про программирование должен быть больше 100 символов 3741
3742,3,2025-09-09 09:04:11.423886,Заголовок про программирование 3742,Текст про программирование должен быть больше 100 символов 3742
3743,3,2025-09-09 09:04:11.423887,Заголовок про программирование 3743,Текст про программирование должен быть больше 100 символов 3743
3744,2,2025-09-09 09:04:11.423888,Заголовок про программирование 3744,Текст про программирование должен быть больше 100 символов 3744
3745,1,2025-09-09 09:04:11.423889,Заголовок про программирование 3745,Текст про программирование должен быть больше 100 символов 3745
3746,3,2025-09-09 09:04:11.423890,Заголовок про программирование 3746,Текст про программирование должен быть больше 100 символов 3746
3747,2,2025-09-09 09:04:11.423891,Заголовок про программирование 3747,Текст про программирование должен быть больше 100 символов 3747
3748,1,2025-09-09 09:04:11.423892,Заголовок про программирование 3748,Текст про программирование должен быть больше 100 символов 3748
3749,1,2025-09-09 09:04:11.423893,Заголовок про программирование 3749,Текст про программирование должен быть больше 100 символов 3749
3750,2,2025-09-09 09:04:11.423894,Заголовок про программирование 3750,Текст про программирование должен быть больше 100 символов 3750
3751,2,2025-09-09 09:04:11.423895,Заголовок про программирование 3751,Текст про программирование должен быть больше 100 символов 3751
3752,2,2025-09-09 09:04:11.423896,Заголовок про программирование 3752,Текст про программирование должен быть больше 100 символов 3752
3753,2,2025-09-09 09:04:11.423897,Заголовок про программирование 3753,Текст про программирование должен быть больше 100 символов 3753
3754,1,2025-09-09 09:04:11.423898,Заголовок про программирование 3754,Текст про программирование должен быть больше 100 символов 3754
3755,3,2025-09-09 09:04:11.423899,Заголовок про программирование 3755,Текст про программирование должен быть больше 100 символов 3755
3756,1,2025-09-09 09:04:11.423900,Заголовок про программирование 3756,Текст про программирование должен быть больше 100 символов 3756
3757,1,2025-09-09 09:04:11.423901,Заголовок про программирование 3757,Текст про программирование должен быть больше 100 символов 3757
3758,3,2025-09-09 09:04:11.423902,Заголовок про программирование 3758,Текст про программирование должен быть больше 100 символов 3758
3759,3,2025-09-09 09:04:11.423903,Заголовок про программирование 3759,Текст про программирование должен быть больше 100 символов 3759
3760,1,2025-09-09 09:04:11.423904,Заголовок про программирование 3760,Текст про программирование должен быть больше 100 символов 3760
3761,2,2025-09-09 09:04:11.423905,Заголовок про программирование 3761,Текст про программирование должен быть больше 100 символов 3761
3762,1,2025-09-09 09:04:11.423906,Заголовок про программирование 3762,Текст про программирование должен быть больше 100 символов 3762
3763,3,2025-09-09 09:04:11.423907,Заголовок про программирование 3763,Текст про программирование должен быть больше 100 символов 3763
3764,1,2025-09-09 09:04:11.423908,Заголовок про программирование 3764,Текст про программирование должен быть больше 100 символов 3764
3765,3,2025-09-09 09:04:11.423909,Заголовок про программирование 3765,Текст про программирование должен быть больше 100 символов 3765
3766,2,2025-09-09 09:04:11.423910,Заголовок про программирование 3766,Текст про программирование должен быть больше 100 символов 3766
3767,2,2025-09-09 09:04:11.423911,Заголовок про программирование 3767,Текст про программирование должен быть больше 100 символов 3767
3768,3,2025-09-09 09:04:11.423912,Заголовок про программирование 3768,Текст про программирование должен быть больше 100 символов 3768
3769,3,2025-09-09 09:04:11.423913,Заголовок про программирование 3769,Текст про программирование должен быть больше 100 символов 3769
3770,2,2025-09-09 09:04:11.423914,Заголовок про программирование 3770,Текст про программирование должен быть больше 100 символов 3770
3771,1,2025-09-09 09:04:11.423915,Заголовок про программирование 3771,Текст про программирование должен быть больше 100 символов 3771
3772,1,2025-09-09 09:04:11.423916,Заголовок про программирование 3772,Текст про программирование должен быть больше 100 символов 3772
3773,2,2025-09-09 09:04:11.423917,Заголовок про программирование 3773,Текст про программирование должен быть больше 100 символов 3773
3774,3,2025-09-09 09:04:11.423918,Заголовок про программирование 3774,Текст про программирование должен быть больше 100 символов 3774
3775,1,2025-09-09 09:04:11.423919,Заголовок про программирование 3775,Текст про программирование должен быть больше 100 символов 3775
3776,1,2025-09-09 09:04:11.423920,Заголовок про программирование 3776,Текст про программирование должен быть больше 100 символов 3776
3777,3,2025-09-09 09:04:11.423921,Заголовок про программирование 3777,Текст про программирование должен быть больше 100 символов 3777
3778,3,2025-09-09 09:04:11.423922,Заголовок про программирование 3778,Текст про программирование должен быть больше 100 символов 3778
3779,1,2025-09-09 09:04:11.423923,Заголовок про программирование 3779,Текст про программирование должен быть больше 100 символов 3779
3780,3,2025-09-09 09:04:11.423924,Заголовок про программирование 3780,Текст про программирование должен быть больше 100 символов 3780
3781,1,2025-09-09 09:04:11.423925,Заголовок про программирование 3781,Текст про программирование должен быть больше 100 символов 3781
3782,3,2025-09-09 09:04:11.423926,Заголовок про программирование 3782,Текст про программирование должен быть больше 100 символов 3782
3783,3,2025-09-09 09:04:11.423927,Заголовок про программирование 3783,Текст про программирование должен быть больше 100 символов 3783
3784,2,2025-09-09 09:04:11.423928,Заголовок про программирование 3784,Текст про программирование должен быть больше 100 символов 3784
3785,2,2025-09-09 09:04:11.423929,Заголовок про программирование 3785,Текст про программирование должен быть больше 100 символов 3785
3786,1,2025-09-09 09:04:11.423930,Заголовок про программирование 3786,Текст про программирование должен быть больше 100 символов 3786
3787,2,2025-09-09 09:04:11.423931,Заголовок про программирование 3787,Текст про программирование должен быть больше 100 символов 3787
3788,1,2025-09-09 09:04:11.423932,Заголовок про программирование 3788,Текст про программирование должен быть больше 100 символов 3788
3789,3,2025-09-09 09:04:11.423933,Заголовок про программирование 3789,Текст про программирование должен быть больше 100 символов 3789
3790,2,2025-09-09 09:04:11.423934,Заголовок про программирование 3790,Текст про программирование должен быть больше 100 символов 3790
3791,3,2025-09-09 09:04:11.423935,Заголовок про программирование 3791,Текст про программирование должен быть больше 100 символов 3791
3792,2,2025-09-09 09:04:11.423936,Заголовок про программирование 3792,Текст про программирование должен быть больше 100 символов 3792
3793,1,2025-09-09 09:04:11.423937,Заголовок про программирование 3793,Текст про программирование должен быть больше 100 символов 3793
3794,2,2025-09-09 09:04:11.423938,Заголовок про программирование 3794,Текст про программирование должен быть больше 100 символов 3794
3795,1,2025-09-09 09:04:11.423939,Заголовок про программирование 3795,Текст про программирование должен быть больше 100 символов 3795
3796,1,2025-09-09 09:04:11.423940,Заголовок про программирование 3796,Текст про программирование должен быть больше 100 символов 3796
3797,1,2025-09-09 09:04:11.423941,Заголовок про программирование 3797,Текст про программирование должен быть больше 100 символов 3797
3798,2,2025-09-09 09:04:11.423942,Заголовок про программирование 3798,Текст про программирование должен быть больше 100 символов 3798
3799,1,2025-09-09 09:04:11.423943,Заголовок про программирование 3799,Текст про программирование должен быть больше 100 символов 3799
3800,1,2025-09-09 09:04:11.423944,Заголовок про программирование 3800,Текст про программирование должен быть больше 100 символов 3800
3801,2,2025-09-09 09:04:11.423945,Заголовок про программирование 3801,Текст про программирование должен быть больше 100 символов 3801
3802,2,2025-09-09 09:04:11.423946,Заголовок про программирование 3802,Текст про программирование должен быть больше 100 символов 3802
3803,2,2025-09-09 09:04:11.423947,Заголовок про программирование 3803,Текст про программирование должен быть больше 100 символов 3803
3804,2,2025-09-09 09:04:11.423948,Заголовок про программирование 3804,Текст про программирование должен быть больше 100 символов 3804
3805,3,2025-09-09 09:04:11.423949,Заголовок про программирование 3805,Текст про программирование должен быть больше 100 символов 3805
3806,2,2025-09-09 09:04:11.423950,Заголовок про программирование 3806,Текст про программирование должен быть больше 100 символов 3806
3807,3,2025-09-09 09:04:11.423951,Заголовок про программирование 3807,Текст про программирование должен быть больше 100 символов 3807
3808,2,2025-09-09 09:04:11.423952,Заголовок про программирование 3808,Текст про программирование должен быть больше 100 символов 3808
3809,3,2025-09-09 09:04:11.423953,Заголовок про программирование 3809,Текст про программирование должен быть больше 100 символов 3809
3810,2,2025-09-09 09:04:11.423954,Заголовок про программирование 3810,Текст про программирование должен быть больше 100 символов 3810
3811,1,2025-09-09 09:04:11.423955,Заголовок про программирование 3811,Текст про программирование должен быть больше 100 символов 3811
3812,3,2025-09-09 09:04:11.423956,Заголовок про программирование 3812,Текст про программирование должен быть больше 100 символов 3812
3813,1,2025-09-09 09:04:11.423957,Заголовок про программирование 3813,Текст про программирование должен быть больше 100 символов 3813
3814,1,2025-09-09 09:04:11.423958,Заголовок про программирование 3814,Текст про программирование должен быть больше 100 символов 3814
3815,1,2025-09-09 09:04:11.423959,Заголовок про программирование 3815,Текст про программирование должен быть больше 100 символов 3815
3816,3,2025-09-09 09:04:11.423960,Заголовок про программирование 3816,Текст про программирование должен быть больше 100 символов 3816
3817,2,2025-09-09 09:04:11.423961,Заголовок про программирование 3817,Текст про программирование должен быть больше 100 символов 3817
3818,2,2025-09-09 09:04:11.423962,Заголовок про программирование 3818,Текст про программирование должен быть больше 100 символов 3818
3819,1,2025-09-09 09:04:11.423963,Заголовок про программирование 3819,Текст про программирование должен быть больше 100 символов 3819
3820,2,2025-09-09 09:04:11.423964,Заголовок про программирование 3820,Текст про программирование должен быть больше 100 символов 3820
3821,3,2025-09-09 09:04:11.423965,Заголовок про программирование 3821,Текст про программирование должен быть больше 100 символов 3821
3822,2,2025-09-09 09:04:11.423966,Заголовок про программирование 3822,Текст про программирование должен быть больше 100 символов 3822
3823,1,2025-09-09 09:04:11.423967,Заголовок про программирование 3823,Текст про программирование должен быть больше 100 символов 3823
3824,3,2025-09-09 09:04:11.423968,Заголовок про программирование 3824,Текст про программирование должен быть больше 100 символов 3824
3825,2,2025-09-09 09:04:11.423969,Заголовок про программирование 3825,Текст про программирование должен быть больше 100 символов 3825
3826,1,2025-09-09 09:04:11.423970,Заголовок про программирование 3826,Текст про программирование должен быть больше 100 символов 3826
3827,2,2025-09-09 09:04:11.423971,Заголовок про программирование 3827,Текст про программирование должен быть больше 100 символов 3827
3828,3,2025-09-09 09:04:11.423972,Заголовок про программирование 3828,Текст про программирование должен быть больше 100 символов 3828
3829,2,2025-09-09 09:04:11.423973,Заголовок про программирование 3829,Текст про программирование должен быть больше 100 символов 3829
3830,3,2025-09-09 09:04:11.423974,Заголовок про программирование 3830,Текст про программирование должен быть больше 100 символов 3830
3831,1,2025-09-09 09:04:11.423975,Заголовок про программирование 3831,Текст про программирование должен быть больше 100 символов 3831
3832,2,2025-09-09 09:04:11.423976,Заголовок про программирование 3832,Текст про программирование должен быть больше 100 символов 3832
3833,3,2025-09-09 09:04:11.423977,Заголовок про программирование 3833,Текст про программирование должен быть больше 100 символов 3833
3834,3,2025-09-09 09:04:11.423978,Заголовок про программирование 3834,Текст про программирование должен быть больше 100 символов 3834
3835,1,2025-09-09 09:04:11.423979,Заголовок про программирование 3835,Текст про программирование должен быть больше 100 символов 3835
3836,2,2025-09-09 09:04:11.423980,Заголовок про программирование 3836,Текст про программирование должен быть больше 100 символов 3836
3837,3,2025-09-09 09:04:11.423981,Заголовок про программирование 3837,Текст про программирование должен быть больше 100 символов 3837
3838,1,2025-09-09 09:04:11.423982,Заголовок про программирование 3838,Текст про программирование должен быть больше 100 символов 3838
3839,2,2025-09-09 09:04:11.423983,Заголовок про программирование 3839,Текст про программирование должен быть больше 100 символов 3839
3840,2,2025-09-09 09:04:11.423984,Заголовок про программирование 3840,Текст про программирование должен быть больше 100 символов 3840
3841,2,2025-09-09 09:04:11.423985,Заголовок про программирование 3841,Текст про программирование должен быть больше 100 символов 3841
3842,3,2025-09-09 09:04:11.423986,Заголовок про программирование 3842,Текст про программирование должен быть больше 100 символов 3842
3843,1,2025-09-09 09:04:11.423987,Заголовок про программирование 3843,Текст про программирование должен быть больше 100 символов 3843
3844,2,2025-09-09 09:04:11.423988,Заголовок про программирование 3844,Текст про программирование должен быть больше 100 символов 3844
3845,3,2025-09-09 09:04:11.423989,Заголовок про программирование 3845,Текст про программирование должен быть больше 100 символов 3845
3846,3,2025-09-09 09:04:11.423990,Заголовок про программирование 3846,Текст про программирование должен быть больше 100 символов 3846
3847,3,2025-09-09 09:04:11.423991,Заголовок про программирование 3847,Текст про программирование должен быть больше 100 символов 3847
3848,1,2025-09-09 09:04:11.423992,Заголовок про программирование 3848,Текст про программирование должен быть больше 100 символов 3848
3849,1,2025-09-09 09:04:11.423993,Заголовок про программирование 3849,Текст про программирование должен быть больше 100 символов 3849
3850,1,2025-09-09 09:04:11.423994,Заголовок про программирование 3850,Текст про программирование должен быть больше 100 символов 3850
3851,3,2025-09-09 09:04:11.423995,Заголовок про программирование 3851,Текст про программирование должен быть больше 100 символов 3851
3852,1,2025-09-09 09:04:11.423996,Заголовок про программирование 3852,Текст про программирование должен быть больше 100 символов 3852
3853,1,2025-09-09 09:04:11.423997,Заголовок про программирование 3853,Текст про программирование должен быть больше 100 символов 3853
3854,3,2025-09-09 09:04:11.423998,Заголовок про программирование 3854,Текст про программирование должен быть больше 100 символов 3854
3855,2,2025-09-09 09:04:11.423999,Заголовок про программирование 3855,Текст про программирование должен быть больше 100 символов 3855
3856,3,2025-09-09 09:04:11.424000,Заголовок про программирование 3856,Текст про программирование должен быть больше 100 символов 3856
3857,3,2025-09-09 09:04:11.424001,Заголовок про программирование 3857,Текст про программирование должен быть больше 100 символов 3857
3858,1,2025-09-09 09:04:11.424002,Заголовок про программирование 3858,Текст про программирование должен быть больше 100 символов 3858
3859,2,2025-09-09 09:04:11.424003,Заголовок про программирование 3859,Текст про программирование должен быть больше 100 символов 3859
3860,3,2025-09-09 09:04:11.424004,Заголовок про программирование 3860,Текст про программирование должен быть больше 100 символов 3860
3861,3,2025-09-09 09:04:11.424005,Заголовок про программирование 3861,Текст про программирование должен быть больше 100 символов 3861
3862,2,2025-09-09 09:04:11.424006,Заголовок про программирование 3862,Текст про программирование должен быть больше 100 символов 3862
3863,1,2025-09-09 09:04:11.424007,Заголовок про программирование 3863,Текст про программирование должен быть больше 100 символов 3863
3864,3,2025-09-09 09:04:11.424008,Заголовок про программирование 3864,Текст про программирование должен быть больше 100 символов 3864
3865,2,2025-09-09 09:04:11.424009,Заголовок про программирование 3865,Текст про программирование должен быть больше 100 символов 3865
3866,2,2025-09-09 09:04:11.424010,Заголовок про программирование 3866,Текст про программирование должен быть больше 100 символов 3866
3867,3,2025-09-09 09:04:11.424011,Заголовок про программирование 3867,Текст про программирование должен быть больше 100 символов 3867
3868,1,2025-09-09 09:04:11.424012,Заголовок про программирование 3868,Текст про программирование должен быть больше 100 символов 3868
3869,2,2025-09-09 09:04:11.424013,Заголовок про программирование 3869,Текст про программирование должен быть больше 100 символов 3869
3870,1,2025-09-09 09:04:11.424014,Заголовок про программирование 3870,Текст про программирование должен быть больше 100 символов 3870
3871,2,2025-09-09 09:04:11.424015,Заголовок про программирование 3871,Текст про программирование должен быть больше 100 символов 3871
3872,3,2025-09-09 09:04:11.424016,Заголовок про программирование 3872,Текст про программирование должен быть больше 100 символов 3872
3873,2,2025-09-09 09:04:11.424017,Заголовок про программирование 3873,Текст про программирование должен быть больше 100 символов 3873
3874,2,2025-09-09 09:04:11.424018,Заголовок про программирование 3874,Текст про программирование должен быть больше 100 символов 3874
3875,1,2025-09-09 09:04:11.424019,Заголовок про программирование 3875,Текст про программирование должен быть больше 100 символов 3875
3876,1,2025-09-09 09:04:11.424020,Заголовок про программирование 3876,Текст про программирование должен быть больше 100 символов 3876
3877,2,2025-09-09 09:04:11.424021,Заголовок про программирование 3877,Текст про программирование должен быть больше 100 символов 3877
3878,3,2025-09-09 09:04:11.424022,Заголовок про программирование 3878,Текст про программирование должен быть больше 100 символов 3878
3879,1,2025-09-09 09:04:11.424023,Заголовок про программирование 3879,Текст про программирование должен быть больше 100 символов 3879
3880,1,2025-09-09 09:04:11.424024,Заголовок про программирование 3880,Текст про программирование должен быть больше 100 символов 3880
3881,3,2025-09-09 09:04:11.424025,Заголовок про программирование 3881,Текст про программирование должен быть больше 100 символов 3881
3882,1,2025-09-09 09:04:11.424026,Заголовок про программирование 3882,Текст про программирование должен быть больше 100 символов 3882
3883,1,2025-09-09 09:04:11.424027,Заголовок про программирование 3883,Текст про программирование должен быть больше 100 символов 3883
3884,3,2025-09-09 09:04:11.424028,Заголовок про программирование 3884,Текст про программирование должен быть больше 100 символов 3884
3885,3,2025-09-09 09:04:11.424029,Заголовок про программирование 3885,Текст про программирование должен быть больше 100 символов 3885
3886,1,2025-09-09 09:04:11.424030,Заголовок про программирование 3886,Текст про программирование должен быть больше 100 символов 3886
3887,1,2025-09-09 09:04:11.424031,Заголовок про программирование 3887,Текст про программирование должен быть больше 100 символов 3887
3888,2,2025-09-09 09:04:11.424032,Заголовок про программирование 3888,Текст про программирование должен быть больше 100 символов 3888
3889,3,2025-09-09 09:04:11.424033,Заголовок про программирование 3889,Текст про программирование должен быть больше 100 символов 3889
3890,1,2025-09-09 09:04:11.424034,Заголовок про программирование 3890,Текст про программирование должен быть больше 100 символов 3890
3891,3,2025-09-09 09:04:11.424035,Заголовок про программирование 3891,Текст про программирование должен быть больше 100 символов 3891
3892,3,2025-09-09 09:04:11.424036,Заголовок про программирование 3892,Текст про программирование должен быть больше 100 символов 3892
3893,2,2025-09-09 09:04:11.424037,Заголовок про программирование 3893,Текст про программирование должен быть больше 100 символов 3893
3894,2,2025-09-09 09:04:11.424038,Заголовок про программирование 3894,Текст про программирование должен быть больше 100 символов 3894
3895,2,2025-09-09 09:04:11.424039,Заголовок про программирование 3895,Текст про программирование должен быть больше 100 символов 3895
3896,3,2025-09-09 09:04:11.424040,Заголовок про программирование 3896,Текст про программирование должен быть больше 100 символов 3896
3897,1,2025-09-09 09:04:11.424041,Заголовок про программирование 3897,Текст про программирование должен быть больше 100 символов 3897
3898,2,2025-09-09 09:04:11.424042,Заголовок про программирование 3898,Текст про программирование должен быть больше 100 символов 3898
3899,3,2025-09-09 09:04:11.424043,Заголовок про программирование 3899,Текст про программирование должен быть больше 100 символов 3899
3900,1,2025-09-09 09:04:11.424044,Заголовок про программирование 3900,Текст про программирование должен быть больше 100 символов 3900
3901,3,2025-09-09 09:04:11.424045,Заголовок про программирование 3901,Текст про программирование должен быть больше 100 символов 3901
3902,1,2025-09-09 09:04:11.424046,Заголовок про программирование 3902,Текст про программирование должен быть больше 100 символов 3902
3903,3,2025-09-09 09:04:11.424047,Заголовок про программирование 3903,Текст про программирование должен быть больше 100 символов 3903
3904,1,2025-09-09 09:04:11.424048,Заголовок про программирование 3904,Текст про программирование должен быть больше 100 символов 3904
3905,1,2025-09-09 09:04:11.424049,Заголовок про программирование 3905,Текст про программирование должен быть больше 100 символов 3905
3906,1,2025-09-09 09:04:11.424050,Заголовок про программирование 3906,Текст про программирование должен быть больше 100 символов 3906
3907,1,2025-09-09 09:04:11.424051,Заголовок про программирование 3907,Текст про программирование должен быть больше 100 символов 3907
3908,3,2025-09-09 09:04:11.424052,Заголовок про программирование 3908,Текст про программирование должен быть больше 100 символов 3908
3909,3,2025-09-09 09:04:11.424053,Заголовок про программирование 3909,Текст про программирование должен быть больше 100 символов 3909
3910,2,2025-09-09 09:04:11.424054,Заголовок про программирование 3910,Текст про программирование должен быть больше 100 символов 3910
3911,1,2025-09-09 09:04:11.424055,Заголовок про программирование 3911,Текст про программирование должен быть больше 100 символов 3911
3912,1,2025-09-09 09:04:11.424056,Заголовок про программирование 3912,Текст про программирование должен быть больше 100 символов 3912
3913,2,2025-09-09 09:04:11.424057,Заголовок про программирование 3913,Текст про программирование должен быть больше 100 символов 3913
3914,2,2025-09-09 09:04:11.424058,Заголовок про программирование 3914,Текст про программирование должен быть больше 100 символов 3914
3915,3,2025-09-09 09:04:11.424059,Заголовок про программирование 3915,Текст про программирование должен быть больше 100 символов 3915
3916,1,2025-09-09 09:04:11.424060,Заголовок про программирование 3916,Текст про программирование должен быть больше 100 символов 3916
3917,1,2025-09-09 09:04:11.424061,Заголовок про программирование 3917,Текст про программирование должен быть больше 100 символов 3917
3918,1,2025-09-09 09:04:11.424062,Заголовок про программирование 3918,Текст про программирование должен быть больше 100 символов 3918
3919,2,2025-09-09 09:04:11.424063,Заголовок про программирование 3919,Текст про программирование должен быть больше 100 символов 3919
3920,3,2025-09-09 09:04:11.424064,Заголовок про программирование 3920,Текст про программирование должен быть больше 100 символов 3920
3921,3,2025-09-09 09:04:11.424065,Заголовок про программирование 3921,Текст про программирование должен быть больше 100 символов 3921
3922,2,2025-09-09 09:04:11.424066,Заголовок про программирование 3922,Текст про программирование должен быть больше 100 символов 3922
3923,1,2025-09-09 09:04:11.424067,Заголовок про программирование 3923,Текст про программирование должен быть больше 100 символов 3923
3924,2,2025-09-09 09:04:11.424068,Заголовок про программирование 3924,Текст про программирование должен быть больше 100 символов 3924
3925,2,2025-09-09 09:04:11.424069,Заголовок про программирование 3925,Текст про программирование должен быть больше 100 символов 3925
3926,1,2025-09-09 09:04:11.424070,Заголовок про программирование 3926,Текст про программирование должен быть больше 100 символов 3926
3927,2,2025-09-09 09:04:11.424071,Заголовок про программирование 3927,Текст про программирование должен быть больше 100 символов 3927
3928,2,2025-09-09 09:04:11.424072,Заголовок про программирование 3928,Текст про программирование должен быть больше 100 символов 3928
3929,3,2025-09-09 09:04:11.424073,Заголовок про программирование 3929,Текст про программирование должен быть больше 100 символов 3929
3930,2,2025-09-09 09:04:11.424074,Заголовок про программирование 3930,Текст про программирование должен быть больше 100 символов 3930
3931,3,2025-09-09 09:04:11.424075,Заголовок про программирование 3931,Текст про программирование должен быть больше 100 символов 3931
3932,3,2025-09-09 09:04:11.424076,Заголовок про программирование 3932,Текст про программирование должен быть больше 100 символов 3932
3933,1,2025-09-09 09:04:11.424077,Заголовок про программирование 3933,Текст про программирование должен быть больше 100 символов 3933
3934,3,2025-09-09 09:04:11.424078,Заголовок про программирование 3934,Текст про программирование должен быть больше 100 символов 3934
3935,2,2025-09-09 09:04:11.424079,Заголовок про программирование 3935,Текст про программирование должен быть больше 100 символов 3935
3936,2,2025-09-09 09:04:11.424080,Заголовок про программирование 3936,Текст про программирование должен быть больше 100 символов 3936
3937,2,2025-09-09 09:04:11.424081,Заголовок про программирование 3937,Текст про программирование должен быть больше 100 символов 3937
3938,3,2025-09-09 09:04:11.424082,Заголовок про программирование 3938,Текст про программирование должен быть больше 100 символов 3938
3939,1,2025-09-09 09:04:11.424083,Заголовок про программирование 3939,Текст про программирование должен быть больше 100 символов 3939
3940,2,2025-09-09 09:04:11.424084,Заголовок про программирование 3940,Текст про программирование должен быть больше 100 символов 3940
3941,1,2025-09-09 09:04:11.424085,Заголовок про программирование 3941,Текст про программирование должен быть больше 100 символов 3941
3942,2,2025-09-09 09:04:11.424086,Заголовок про программирование 3942,Текст про программирование должен быть больше 100 символов 3942
3943,1,2025-09-09 09:04:11.424087,Заголовок про программирование 3943,Текст про программирование должен быть больше 100 символов 3943
3944,2,2025-09-09 09:04:11.424088,Заголовок про программирование 3944,Текст про программирование должен быть больше 100 символов 3944
3945,3,2025-09-09 09:04:11.424089,Заголовок про программирование 3945,Текст про программирование должен быть больше 100 символов 3945
3946,3,2025-09-09 09:04:11.424090,Заголовок про программирование 3946,Текст про программирование должен быть больше 100 символов 3946
3947,2,2025-09-09 09:04:11.424091,Заголовок про программирование 3947,Текст про программирование должен быть больше 100 символов 3947
3948,3,2025-09-09 09:04:11.424092,Заголовок про программирование 3948,Текст про программирование должен быть больше 100 символов 3948
3949,3,2025-09-09 09:04:11.424093,Заголовок про программирование 3949,Текст про программирование должен быть больше 100 символов 3949
3950,1,2025-09-09 09:04:11.424094,Заголовок про программирование 3950,Текст про программирование должен быть больше 100 символов 3950
3951,3,2025-09-09 09:04:11.424095,Заголовок про программирование 3951,Текст про программирование должен быть больше 100 символов 3951
3952,3,2025-09-09 09:04:11.424096,Заголовок про программирование 3952,Текст про программирование должен быть больше 100 символов 3952
3953,3,2025-09-09 09:04:11.424097,Заголовок про программирование 3953,Текст про программирование должен быть больше 100 символов 3953
3954,2,2025-09-09 09:04:11.424098,Заголовок про программирование 3954,Текст про программирование должен быть больше 100 символов 3954
3955,3,2025-09-09 09:04:11.424099,Заголовок про программирование 3955,Текст про программирование должен быть больше 100 символов 3955
3956,1,2025-09-09 09:04:11.424100,Заголовок про программирование 3956,Текст про программирование должен быть больше 100 символов 3956
3957,1,2025-09-09 09:04:11.424101,Заголовок про программирование 3957,Текст про программирование должен быть больше 100 символов 3957
3958,3,2025-09-09 09:04:11.424102,Заголовок про программирование 3958,Текст про программирование должен быть больше 100 символов 3958
3959,1,2025-09-09 09:04:11.424103,Заголовок про программирование 3959,Текст про программирование должен быть больше 100 символов 3959
3960,1,2025-09-09 09:04:11.424104,Заголовок про программирование 3960,Текст про программирование должен быть больше 100 символов 3960
3961,1,2025-09-09 09:04:11.424105,Заголовок про программирование 3961,Текст про программирование должен быть больше 100 символов 3961
3962,3,2025-09-09 09:04:11.424106,Заголовок про программирование 3962,Текст про программирование должен быть больше 100 символов 3962
3963,2,2025-09-09 09:04:11.424107,Заголовок про программирование 3963,Текст про программирование должен быть больше 100 символов 3963
3964,3,2025-09-09 09:04:11.424108,Заголовок про программирование 3964,Текст про программирование должен быть больше 100 символов 3964
3965,2,2025-09-09 09:04:11.424109,Заголовок про программирование 3965,Текст про программирование должен быть больше 100 символов 3965
3966,3,2025-09-09 09:04:11.424110,Заголовок про программирование 3966,Текст про программирование должен быть больше 100 символов 3966
3967,2,2025-09-09 09:04:11.424111,Заголовок про программирование 3967,Текст про программирование должен быть больше 100 символов 3967
3968,2,2025-09-09 09:04:11.424112,Заголовок про программирование 3968,Текст про программирование должен быть больше 100 символов 3968
3969,2,2025-09-09 09:04:11.424113,Заголовок про программирование 3969,Текст про программирование должен быть больше 100 символов 3969
3970,3,2025-09-09 09:04:11.424114,Заголовок про программирование 3970,Текст про программирование должен быть больше 100 символов 3970
3971,2,2025-09-09 09:04:11.424115,Заголовок про программирование 3971,Текст про программирование должен быть больше 100 символов 3971
3972,3,2025-09-09 09:04:11.424116,Заголовок про программирование 3972,Текст про программирование должен быть больше 100 символов 3972
3973,3,2025-09-09 09:04:11.424117,Заголовок про программирование 3973,Текст про программирование должен быть больше 100 символов 3973
3974,3,2025-09-09 09:04:11.424118,Заголовок про программирование 3974,Текст про программирование должен быть больше 100 символов 3974
3975,2,2025-09-09 09:04:11.424119,Заголовок про программирование 3975,Текст про программирование должен быть больше 100 символов 3975
3976,1,2025-09-09 09:04:11.424120,Заголовок про программирование 3976,Текст про программирование должен быть больше 100 символов 3976
3977,2,2025-09-09 09:04:11.424121,Заголовок про программирование 3977,Текст про программирование должен быть больше 100 символов 3977
3978,1,2025-09-09 09:04:11.424122,Заголовок про программирование 3978,Текст про программирование должен быть больше 100 символов 3978
3979,2,2025-09-09 09:04:11.424123,Заголовок про программирование 3979,Текст про программирование должен быть больше 100 символов 3979
3980,1,2025-09-09 09:04:11.424124,Заголовок про программирование 3980,Текст про программирование должен быть больше 100 символов 3980
3981,3,2025-09-09 09:04:11.424125,Заголовок про программирование 3981,Текст про программирование должен быть больше 100 символов 3981
3982,1,2025-09-09 09:04:11.424126,Заголовок про программирование 3982,Текст про программирование должен быть больше 100 символов 3982
3983,3,2025-09-09 09:04:11.424127,Заголовок про программирование 3983,Текст про программирование должен быть больше 100 символов 3983
3984,2,2025-09-09 09:04:11.424128,Заголовок про программирование 3984,Текст про программирование должен быть больше 100 символов 3984
3985,3,2025-09-09 09:04:11.424129,Заголовок про программирование 3985,Текст про программирование должен быть больше 100 символов 3985
3986,2,2025-09-09 09:04:11.424130,Заголовок про программирование 3986,Текст про программирование должен быть больше 100 символов 3986
3987,3,2025-09-09 09:04:11.424131,Заголовок про программирование 3987,Текст про программирование должен быть больше 100 символов 3987
3988,3,2025-09-09 09:04:11.424132,Заголовок про программирование 3988,Текст про программирование должен быть больше 100 символов 3988
3989,3,2025-09-09 09:04:11.424133,Заголовок про программирование 3989,Текст про программирование должен быть больше 100 символов 3989
3990,3,2025-09-09 09:04:11.424134,Заголовок про программирование 3990,Текст про программирование должен быть больше 100 символов 3990
3991,2,2025-09-09 09:04:11.424135,Заголовок про программирование 3991,Текст про программирование должен быть больше 100 символов 3991
3992,3,2025-09-09 09:04:11.424136,Заголовок про программирование 3992,Текст про программирование должен быть больше 100 символов 3992
3993,3,2025-09-09 09:04:11.424137,Заголовок про программирование 3993,Текст про программирование должен быть больше 100 символов 3993
3994,3,2025-09-09 09:04:11.424138,Заголовок про программирование 3994,Текст про программирование должен быть больше 100 символов 3994
3995,2,2025-09-09 09:04:11.424139,Заголовок про программирование 3995,Текст про программирование должен быть больше 100 символов 3995
3996,1,2025-09-09 09:04:11.424140,Заголовок про программирование 3996,Текст про программирование должен быть больше 100 символов 3996
3997,1,2025-09-09 09:04:11.424141,Заголовок про программирование 3997,Текст про программирование должен быть больше 100 символов 3997
3998,3,2025-09-09 09:04:11.424142,Заголовок про программирование 3998,Текст про программирование должен быть больше 100 символов 3998
3999,2,2025-09-09 09:04:11.424143,Заголовок про программирование 3999,Текст про программирование должен быть больше 100 символов 3999
4000,3,2025-09-09 09:04:11.424144,Заголовок про программирование 4000,Текст про программирование должен быть больше 100 символов 4000
4001,1,2025-09-09 09:04:11.424145,Заголовок про программирование 4001,Текст про программирование должен быть больше 100 символов 4001
4002,2,2025-09-09 09:04:11.424146,Заголовок про программирование 4002,Текст про программирование должен быть больше 100 символов 4002
4003,3,2025-09-09 09:04:11.424147,Заголовок про программирование 4003,Текст про программирование должен быть больше 100 символов 4003
4004,2,2025-09-09 09:04:11.424148,Заголовок про программирование 4004,Текст про программирование должен быть больше 100 символов 4004
4005,1,2025-09-09 09:04:11.424149,Заголовок про программирование 4005,Текст про программирование должен быть больше 100 символов 4005
4006,1,2025-09-09 09:04:11.424150,Заголовок про программирование 4006,Текст про программирование должен быть больше 100 символов 4006
4007,1,2025-09-09 09:04:11.424151,Заголовок про программирование 4007,Текст про программирование должен быть больше 100 символов 4007
4008,3,2025-09-09 09:04:11.424152,Заголовок про программирование 4008,Текст про программирование должен быть больше 100 символов 4008
4009,1,2025-09-09 09:04:11.424153,Заголовок про программирование 4009,Текст про программирование должен быть больше 100 символов 4009
4010,3,2025-09-09 09:04:11.424154,Заголовок про программирование 4010,Текст про программирование должен быть больше 100 символов 4010
4011,3,2025-09-09 09:04:11.424155,Заголовок про программирование 4011,Текст про программирование должен быть больше 100 символов 4011
4012,1,2025-09-09 09:04:11.424156,Заголовок про программирование 4012,Текст про программирование должен быть больше 100 символов 4012
4013,1,2025-09-09 09:04:11.424157,Заголовок про программирование 4013,Текст про программирование должен быть больше 100 символов 4013
4014,2,2025-09-09 09:04:11.424158,Заголовок про программирование 4014,Текст про программирование должен быть больше 100 символов 4014
4015,3,2025-09-09 09:04:11.424159,Заголовок про программирование 4015,Текст про программирование должен быть больше 100 символов 4015
4016,3,2025-09-09 09:04:11.424160,Заголовок про программирование 4016,Текст про программирование должен быть больше 100 символов 4016
4017,3,2025-09-09 09:04:11.424161,Заголовок про программирование 4017,Текст про программирование должен быть больше 100 символов 4017
4018,2,2025-09-09 09:04:11.424162,Заголовок про программирование 4018,Текст про программирование должен быть больше 100 символов 4018
4019,2,2025-09-09 09:04:11.424163,Заголовок про программирование 4019,Текст про программирование должен быть больше 100 символов 4019
4020,1,2025-09-09 09:04:11.424164,Заголовок про программирование 4020,Текст про программирование должен быть больше 100 символов 4020
4021,3,2025-09-09 09:04:11.424165,Заголовок про программирование 4021,Текст про программирование должен быть больше 100 символов 4021
4022,2,2025-09-09 09:04:11.424166,Заголовок про программирование 4022,Текст про программирование должен быть больше 100 символов 4022
4023,1,2025-09-09 09:04:11.424167,Заголовок про программирование 4023,Текст про программирование должен быть больше 100 символов 4023
4024,2,2025-09-09 09:04:11.424168,Заголовок про программирование 4024,Текст про программирование должен быть больше 100 символов 4024
4025,1,2025-09-09 09:04:11.424169,Заголовок про программирование 4025,Текст про программирование должен быть больше 100 символов 4025
4026,3,2025-09-09 09:04:11.424170,Заголовок про программирование 4026,Текст про программирование должен быть больше 100 символов 4026
4027,1,2025-09-09 09:04:11.424171,Заголовок про программирование 4027,Текст про программирование должен быть больше 100 символов 4027
4028,3,2025-09-09 09:04:11.424172,Заголовок про программирование 4028,Текст про программирование должен быть больше 100 символов 4028
4029,2,2025-09-09 09:04:11.424173,Заголовок про программирование 4029,Текст про программирование должен быть больше 100 символов 4029
4030,3,2025-09-09 09:04:11.424174,Заголовок про программирование 4030,Текст про программирование должен быть больше 100 символов 4030
4031,2,2025-09-09 09:04:11.424175,Заголовок про программирование 4031,Текст про программирование должен быть больше 100 символов 4031
4032,1,2025-09-09 09:04:11.424176,Заголовок про программирование 4032,Текст про программирование должен быть больше 100 символов 4032
4033,2,2025-09-09 09:04:11.424177,Заголовок про программирование 4033,Текст про программирование должен быть больше 100 символов 4033
4034,1,2025-09-09 09:04:11.424178,Заголовок про программирование 4034,Текст про программирование должен быть больше 100 символов 4034
4035,2,2025-09-09 09:04:11.424179,Заголовок про программирование 4035,Текст про программирование должен быть больше 100 символов 4035
4036,3,2025-09-09 09:04:11.424180,Заголовок про программирование 4036,Текст про программирование должен быть больше 100 символов 4036
4037,2,2025-09-09 09:04:11.424181,Заголовок про программирование 4037,Текст про программирование должен быть больше 100 символов 4037
4038,1,2025-09-09 09:04:11.424182,Заголовок про программирование 4038,Текст про программирование должен быть больше 100 символов 4038
4039,2,2025-09-09 09:04:11.424183,Заголовок про программирование 4039,Текст про программирование должен быть больше 100 символов 4039
4040,2,2025-09-09 09:04:11.424184,Заголовок про программирование 4040,Текст про программирование должен быть больше 100 символов 4040
4041,3,2025-09-09 09:04:11.424185,Заголовок про программирование 4041,Текст про программирование должен быть больше 100 символов 4041
4042,3,2025-09-09 09:04:11.424186,Заголовок про программирование 4042,Текст про программирование должен быть больше 100 символов 4042
4043,2,2025-09-09 09:04:11.424187,Заголовок про программирование 4043,Текст про программирование должен быть больше 100 символов 4043
4044,2,2025-09-09 09:04:11.424188,Заголовок про программирование 4044,Текст про программирование должен быть больше 100 символов 4044
4045,1,2025-09-09 09:04:11.424189,Заголовок про программирование 4045,Текст про программирование должен быть больше 100 символов 4045
4046,3,2025-09-09 09:04:11.424190,Заголовок про программирование 4046,Текст про программирование должен быть больше 100 символов 4046
4047,3,2025-09-09 09:04:11.424191,Заголовок про программирование 4047,Текст про программирование должен быть больше 100 символов 4047
4048,2,2025-09-09 09:04:11.424192,Заголовок про программирование 4048,Текст про программирование должен быть больше 100 символов 4048
4049,1,2025-09-09 09:04:11.424193,Заголовок про программирование 4049,Текст про программирование должен быть больше 100 символов 4049
4050,1,2025-09-09 09:04:11.424194,Заголовок про программирование 4050,Текст про программирование должен быть больше 100 символов 4050
4051,1,2025-09-09 09:04:11.424195,Заголовок про программирование 4051,Текст про программирование должен быть больше 100 символов 4051
4052,2,2025-09-09 09:04:11.424196,Заголовок про программирование 4052,Текст про программирование должен быть больше 100 символов 4052
4053,3,2025-09-09 09:04:11.424197,Заголовок про программирование 4053,Текст про программирование должен быть больше 100 символов 4053
4054,3,2025-09-09 09:04:11.424198,Заголовок про программирование 4054,Текст про программирование должен быть больше 100 символов 4054
4055,1,2025-09-09 09:04:11.424199,Заголовок про программирование 4055,Текст про программирование должен быть больше 100 символов 4055
4056,2,2025-09-09 09:04:11.424200,Заголовок про программирование 4056,Текст про программирование должен быть больше 100 символов 4056
4057,2,2025-09-09 09:04:11.424201,Заголовок про программирование 4057,Текст про программирование должен быть больше 100 символов 4057
4058,1,2025-09-09 09:04:11.424202,Заголовок про программирование 4058,Текст про программирование должен быть больше 100 символов 4058
4059,1,2025-09-09 09:04:11.424203,Заголовок про программирование 4059,Текст про программирование должен быть больше 100 символов 4059
4060,3,2025-09-09 09:04:11.424204,Заголовок про программирование 4060,Текст про программирование должен быть больше 100 символов 4060
4061,2,2025-09-09 09:04:11.424205,Заголовок про программирование 4061,Текст про программирование должен быть больше 100 символов 4061
4062,1,2025-09-09 09:04:11.424206,Заголовок про программирование 4062,Текст про программирование должен быть больше 100 символов 4062
4063,1,2025-09-09 09:04:11.424207,Заголовок про программирование 4063,Текст про программирование должен быть больше 100 символов 4063
4064,2,2025-09-09 09:04:11.424208,Заголовок про программирование 4064,Текст про программирование должен быть больше 100 символов 4064
4065,1,2025-09-09 09:04:11.424209,Заголовок про программирование 4065,Текст про программирование должен быть больше 100 символов 4065
4066,2,2025-09-09 09:04:11.424210,Заголовок про программирование 4066,Текст про программирование должен быть больше 100 символов 4066
4067,3,2025-09-09 09:04:11.424211,Заголовок про программирование 4067,Текст про программирование должен быть больше 100 символов 4067
4068,1,2025-09-09 09:04:11.424212,Заголовок про программирование 4068,Текст про программирование должен быть больше 100 символов 4068
4069,3,2025-09-09 09:04:11.424213,Заголовок про программирование 4069,Текст про программирование должен быть больше 100 символов 4069
4070,1,2025-09-09 09:04:11.424214,Заголовок про программирование 4070,Текст про программирование должен быть больше 100 символов 4070
4071,2,2025-09-09 09:04:11.424215,Заголовок про программирование 4071,Текст про программирование должен быть больше 100 символов 4071
4072,3,2025-09-09 09:04:11.424216,Заголовок про программирование 4072,Текст про программирование должен быть больше 100 символов 4072
4073,1,2025-09-09 09:04:11.424217,Заголовок про программирование 4073,Текст про программирование должен быть больше 100 символов 4073
4074,2,2025-09-09 09:04:11.424218,Заголовок про программирование 4074,Текст про программирование должен быть больше 100 символов 4074
4075,1,2025-09-09 09:04:11.424219,Заголовок про программирование 4075,Текст про программирование должен быть больше 100 символов 4075
4076,3,2025-09-09 09:04:11.424220,Заголовок про программирование 4076,Текст про программирование должен быть больше 100 символов 4076
4077,1,2025-09-09 09:04:11.424221,Заголовок про программирование 4077,Текст про программирование должен быть больше 100 символов 4077
4078,3,2025-09-09 09:04:11.424222,Заголовок про программирование 4078,Текст про программирование должен быть больше 100 символов 4078
4079,1,2025-09-09 09:04:11.424223,Заголовок про программирование 4079,Текст про программирование должен быть больше 100 символов 4079
4080,2,2025-09-09 09:04:11.424224,Заголовок про программирование 4080,Текст про программирование должен быть больше 100 символов 4080
4081,2,2025-09-09 09:04:11.424225,Заголовок про программирование 4081,Текст про программирование должен быть больше 100 символов 4081
4082,3,2025-09-09 09:04:11.424226,Заголовок про программирование 4082,Текст про программирование должен быть больше 100 символов 4082
4083,2,2025-09-09 09:04:11.424227,Заголовок про программирование 4083,Текст про программирование должен быть больше 100 символов 4083
4084,2,2025-09-09 09:04:11.424228,Заголовок про программирование 4084,Текст про программирование должен быть больше 100 символов 4084
4085,1,2025-09-09 09:04:11.424229,Заголовок про программирование 4085,Текст про программирование должен быть больше 100 символов 4085
4086,2,2025-09-09 09:04:11.424230,Заголовок про программирование 4086,Текст про программирование должен быть больше 100 символов 4086
4087,1,2025-09-09 09:04:11.424231,Заголовок про программирование 4087,Текст про программирование должен быть больше 100 символов 4087
4088,3,2025-09-09 09:04:11.424232,Заголовок про программирование 4088,Текст про программирование должен быть больше 100 символов 4088
4089,1,2025-09-09 09:04:11.424233,Заголовок про программирование 4089,Текст про программирование должен быть больше 100 символов 4089
4090,2,2025-09-09 09:04:11.424234,Заголовок про программирование 4090,Текст про программирование должен быть больше 100 символов 4090
4091,2,2025-09-09 09:04:11.424235,Заголовок про программирование 4091,Текст про программирование должен быть больше 100 символов 4091
4092,3,2025-09-09 09:04:11.424236,Заголовок про программирование 4092,Текст про программирование должен быть больше 100 символов 4092
4093,1,2025-09-09 09:04:11.424237,Заголовок про программирование 4093,Текст про программирование должен быть больше 100 символов 4093
4094,2,2025-09-09 09:04:11.424238,Заголовок про программирование 4094,Текст про программирование должен быть больше 100 символов 4094
4095,3,2025-09-09 09:04:11.424239,Заголовок про программирование 4095,Текст про программирование должен быть больше 100 символов 4095
4096,3,2025-09-09 09:04:11.424240,Заголовок про программирование 4096,Текст про программирование должен быть больше 100 символов 4096
4097,1,2025-09-09 09:04:11.424241,Заголовок про программирование 4097,Текст про программирование должен быть больше 100 символов 4097
4098,1,2025-09-09 09:04:11.424242,Заголовок про программирование 4098,Текст про программирование должен быть больше 100 символов 4098
4099,3,2025-09-09 09:04:11.424243,Заголовок про программирование 4099,Текст про программирование должен быть больше 100 символов 4099
4100,1,2025-09-09 09:04:11.424244,Заголовок про программирование 4100,Текст про программирование должен быть больше 100 символов 4100
4101,1,2025-09-09 09:04:11.424245,Заголовок про программирование 4101,Текст про программирование должен быть больше 100 символов 4101
4102,2,2025-09-09 09:04:11.424246,Заголовок про программирование 4102,Текст про программирование должен быть больше 100 символов 4102
4103,1,2025-09-09 09:04:11.424247,Заголовок про программирование 4103,Текст про программирование должен быть больше 100 символов 4103
4104,2,2025-09-09 09:04:11.424248,Заголовок про программирование 4104,Текст про программирование должен быть больше 100 символов 4104
4105,2,2025-09-09 09:04:11.424249,Заголовок про программирование 4105,Текст про программирование должен быть больше 100 символов 4105
4106,2,2025-09-09 09:04:11.424250,Заголовок про программирование 4106,Текст про программирование должен быть больше 100 символов 4106
4107,3,2025-09-09 09:04:11.424251,Заголовок про программирование 4107,Текст про программирование должен быть больше 100 символов 4107
4108,2,2025-09-09 09:04:11.424252,Заголовок про программирование 4108,Текст про программирование должен быть больше 100 символов 4108
4109,2,2025-09-09 09:04:11.424253,Заголовок про программирование 4109,Текст про программирование должен быть больше 100 символов 4109
4110,1,2025-09-09 09:04:11.424254,Заголовок про программирование 4110,Текст про программирование должен быть больше 100 символов 4110
4111,3,2025-09-09 09:04:11.424255,Заголовок про программирование 4111,Текст про программирование должен быть больше 100 символов 4111
4112,2,2025-09-09 09:04:11.424256,Заголовок про программирование 4112,Текст про программирование должен быть больше 100 символов 4112
4113,3,2025-09-09 09:04:11.424257,Заголовок про программирование 4113,Текст про программирование должен быть больше 100 символов 4113
4114,2,2025-09-09 09:04:11.424258,Заголовок про программирование 4114,Текст про программирование должен быть больше 100 символов 4114
4115,2,2025-09-09 09:04:11.424259,Заголовок про программирование 4115,Текст про программирование должен быть больше 100 символов 4115
4116,3,2025-09-09 09:04:11.424260,Заголовок про программирование 4116,Текст про программирование должен быть больше 100 символов 4116
4117,1,2025-09-09 09:04:11.424261,Заголовок про программирование 4117,Текст про программирование должен быть больше 100 символов 4117
4118,1,2025-09-09 09:04:11.424262,Заголовок про программирование 4118,Текст про программирование должен быть больше 100 символов 4118
4119,3,2025-09-09 09:04:11.424263,Заголовок про программирование 4119,Текст про программирование должен быть больше 100 символов 4119
4120,2,2025-09-09 09:04:11.424264,Заголовок про программирование 4120,Текст про программирование должен быть больше 100 символов 4120
4121,3,2025-09-09 09:04:11.424265,Заголовок про программирование 4121,Текст про программирование должен быть больше 100 символов 4121
4122,3,2025-09-09 09:04:11.424266,Заголовок про программирование 4122,Текст про программирование должен быть больше 100 символов 4122
4123,3,2025-09-09 09:04:11.424267,Заголовок про программирование 4123,Текст про программирование должен быть больше 100 символов 4123
4124,3,2025-09-09 09:04:11.424268,Заголовок про программирование 4124,Текст про программирование должен быть больше 100 символов 4124
4125,3,2025-09-09 09:04:11.424269,Заголовок про программирование 4125,Текст про программирование должен быть больше 100 символов 4125
4126,3,2025-09-09 09:04:11.424270,Заголовок про программирование 4126,Текст про программирование должен быть больше 100 символов 4126
4127,3,2025-09-09 09:04:11.424271,Заголовок про программирование 4127,Текст про программирование должен быть больше 100 символов 4127
4128,1,2025-09-09 09:04:11.424272,Заголовок про программирование 4128,Текст про программирование должен быть больше 100 символов 4128
4129,3,2025-09-09 09:04:11.424273,Заголовок про программирование 4129,Текст про программирование должен быть больше 100 символов 4129
4130,2,2025-09-09 09:04:11.424274,Заголовок про программирование 4130,Текст про программирование должен быть больше 100 символов 4130
4131,2,2025-09-09 09:04:11.424275,Заголовок про программирование 4131,Текст про программирование должен быть больше 100 символов 4131
4132,3,2025-09-09 09:04:11.424276,Заголовок про программирование 4132,Текст про программирование должен быть больше 100 символов 4132
4133,3,2025-09-09 09:04:11.424277,Заголовок про программирование 4133,Текст про программирование должен быть больше 100 символов 4133
4134,3,2025-09-09 09:04:11.424278,Заголовок про программирование 4134,Текст про программирование должен быть больше 100 символов 4134
4135,3,2025-09-09 09:04:11.424279,Заголовок про программирование 4135,Текст про программирование должен быть больше 100 символов 4135
4136,3,2025-09-09 09:04:11.424280,Заголовок про программирование 4136,Текст про программирование должен быть больше 100 символов 4136
4137,2,2025-09-09 09:04:11.424281,Заголовок про программирование 4137,Текст про программирование должен быть больше 100 символов 4137
4138,2,2025-09-09 09:04:11.424282,Заголовок про программирование 4138,Текст про программирование должен быть больше 100 символов 4138
4139,1,2025-09-09 09:04:11.424283,Заголовок про программирование 4139,Текст про программирование должен быть больше 100 символов 4139
4140,3,2025-09-09 09:04:11.424284,Заголовок про программирование 4140,Текст про программирование должен быть больше 100 символов 4140
4141,2,2025-09-09 09:04:11.424285,Заголовок про программирование 4141,Текст про программирование должен быть больше 100 символов 4141
4142,2,2025-09-09 09:04:11.424286,Заголовок про программирование 4142,Текст про программирование должен быть больше 100 символов 4142
4143,2,2025-09-09 09:04:11.424287,Заголовок про программирование 4143,Текст про программирование должен быть больше 100 символов 4143
4144,2,2025-09-09 09:04:11.424288,Заголовок про программирование 4144,Текст про программирование должен быть больше 100 символов 4144
4145,1,2025-09-09 09:04:11.424289,Заголовок про программирование 4145,Текст про программирование должен быть больше 100 символов 4145
4146,1,2025-09-09 09:04:11.424290,Заголовок про программирование 4146,Текст про программирование должен быть больше 100 символов 4146
4147,1,2025-09-09 09:04:11.424291,Заголовок про программирование 4147,Текст про программирование должен быть больше 100 символов 4147
4148,1,2025-09-09 09:04:11.424292,Заголовок про программирование 4148,Текст про программирование должен быть больше 100 символов 4148
4149,3,2025-09-09 09:04:11.424293,Заголовок про программирование 4149,Текст про программирование должен быть больше 100 символов 4149
4150,2,2025-09-09 09:04:11.424294,Заголовок про программирование 4150,Текст про программирование должен быть больше 100 символов 4150
4151,3,2025-09-09 09:04:11.424295,Заголовок про программирование 4151,Текст про программирование должен быть больше 100 символов 4151
4152,3,2025-09-09 09:04:11.424296,Заголовок про программирование 4152,Текст про программирование должен быть больше 100 символов 4152
4153,1,2025-09-09 09:04:11.424297,Заголовок про программирование 4153,Текст про программирование должен быть больше 100 символов 4153
4154,2,2025-09-09 09:04:11.424298,Заголовок про программирование 4154,Текст про программирование должен быть больше 100 символов 4154
4155,1,2025-09-09 09:04:11.424299,Заголовок про программирование 4155,Текст про программирование должен быть больше 100 символов 4155
4156,1,2025-09-09 09:04:11.424300,Заголовок про программирование 4156,Текст про программирование должен быть больше 100 символов 4156
4157,2,2025-09-09 09:04:11.424301,Заголовок про программирование 4157,Текст про программирование должен быть больше 100 символов 4157
4158,2,2025-09-09 09:04:11.424302,Заголовок про программирование 4158,Текст про программирование должен быть больше 100 символов 4158
4159,2,2025-09-09 09:04:11.424303,Заголовок про программирование 4159,Текст про программирование должен быть больше 100 символов 4159
4160,1,2025-09-09 09:04:11.424304,Заголовок про программирование 4160,Текст про программирование должен быть больше 100 символов 4160
4161,2,2025-09-09 09:04:11.424305,Заголовок про программирование 4161,Текст про программирование должен быть больше 100 символов 4161
4162,3,2025-09-09 09:04:11.424306,Заголовок про программирование 4162,Текст про программирование должен быть больше 100 символов 4162
4163,1,2025-09-09 09:04:11.424307,Заголовок про программирование 4163,Текст про программирование должен быть больше 100 символов 4163
4164,1,2025-09-09 09:04:11.424308,Заголовок про программирование 4164,Текст про программирование должен быть больше 100 символов 4164
4165,3,2025-09-09 09:04:11.424309,Заголовок про программирование 4165,Текст про программирование должен быть больше 100 символов 4165
4166,3,2025-09-09 09:04:11.424310,Заголовок про программирование 4166,Текст про программирование должен быть больше 100 символов 4166
4167,2,2025-09-09 09:04:11.424311,Заголовок про программирование 4167,Текст про программирование должен быть больше 100 символов 4167
4168,1,2025-09-09 09:04:11.424312,Заголовок про программирование 4168,Текст про программирование должен быть больше 100 символов 4168
4169,1,2025-09-09 09:04:11.424313,Заголовок про программирование 4169,Текст про программирование должен быть больше 100 символов 4169
4170,3,2025-09-09 09:04:11.424314,Заголовок про программирование 4170,Текст про программирование должен быть больше 100 символов 4170
4171,1,2025-09-09 09:04:11.424315,Заголовок про программирование 4171,Текст про программирование должен быть больше 100 символов 4171
4172,2,2025-09-09 09:04:11.424316,Заголовок про программирование 4172,Текст про программирование должен быть больше 100 символов 4172
4173,1,2025-09-09 09:04:11.424317,Заголовок про программирование 4173,Текст про программирование должен быть больше 100 символов 4173
4174,3,2025-09-09 09:04:11.424318,Заголовок про программирование 4174,Текст про программирование должен быть больше 100 символов 4174
4175,3,2025-09-09 09:04:11.424319,Заголовок про программирование 4175,Текст про программирование должен быть больше 100 символов 4175
4176,2,2025-09-09 09:04:11.424320,Заголовок про программирование 4176,Текст про программирование должен быть больше 100 символов 4176
4177,2,2025-09-09 09:04:11.424321,Заголовок про программирование 4177,Текст про программирование должен быть больше 100 символов 4177
4178,3,2025-09-09 09:04:11.424322,Заголовок про программирование 4178,Текст про программирование должен быть больше 100 символов 4178
4179,2,2025-09-09 09:04:11.424323,Заголовок про программирование 4179,Текст про программирование должен быть больше 100 символов 4179
4180,1,2025-09-09 09:04:11.424324,Заголовок про программирование 4180,Текст про программирование должен быть больше 100 символов 4180
4181,1,2025-09-09 09:04:11.424325,Заголовок про программирование 4181,Текст про программирование должен быть больше 100 символов 4181
4182,1,2025-09-09 09:04:11.424326,Заголовок про программирование 4182,Текст про программирование должен быть больше 100 символов 4182
4183,3,2025-09-09 09:04:11.424327,Заголовок про программирование 4183,Текст про программирование должен быть больше 100 символов 4183
4184,1,2025-09-09 09:04:11.424328,Заголовок про программирование 4184,Текст про программирование должен быть больше 100 символов 4184
4185,3,2025-09-09 09:04:11.424329,Заголовок про программирование 4185,Текст про программирование должен быть больше 100 символов 4185
4186,3,2025-09-09 09:04:11.424330,Заголовок про программирование 4186,Текст про программирование должен быть больше 100 символов 4186
4187,1,2025-09-09 09:04:11.424331,Заголовок про программирование 4187,Текст про программирование должен быть больше 100 символов 4187
4188,2,2025-09-09 09:04:11.424332,Заголовок про программирование 4188,Текст про программирование должен быть больше 100 символов 4188
4189,1,2025-09-09 09:04:11.424333,Заголовок про программирование 4189,Текст про программирование должен быть больше 100 символов 4189
4190,3,2025-09-09 09:04:11.424334,Заголовок про программирование 4190,Текст про программирование должен быть больше 100 символов 4190
4191,2,2025-09-09 09:04:11.424335,Заголовок про программирование 4191,Текст про программирование должен быть больше 100 символов 4191
4192,1,2025-09-09 09:04:11.424336,Заголовок про программирование 4192,Текст про программирование должен быть больше 100 символов 4192
4193,1,2025-09-09 09:04:11.424337,Заголовок про программирование 4193,Текст про программирование должен быть больше 100 символов 4193
4194,1,2025-09-09 09:04:11.424338,Заголовок про программирование 4194,Текст про программирование должен быть больше 100 символов 4194
4195,3,2025-09-09 09:04:11.424339,Заголовок про программирование 4195,Текст про программирование должен быть больше 100 символов 4195
4196,2,2025-09-09 09:04:11.424340,Заголовок про программирование 4196,Текст про программирование должен быть больше 100 символов 4196
4197,1,2025-09-09 09:04:11.424341,Заголовок про программирование 4197,Текст про программирование должен быть больше 100 символов 4197
4198,2,2025-09-09 09:04:11.424342,Заголовок про программирование 4198,Текст про программирование должен быть больше 100 символов 4198
4199,2,2025-09-09 09:04:11.424343,Заголовок про программирование 4199,Текст про программирование должен быть больше 100 символов 4199
4200,3,2025-09-09 09:04:11.424344,Заголовок про программирование 4200,Текст про программирование должен быть больше 100 символов 4200
4201,3,2025-09-09 09:04:11.424345,Заголовок про программирование 4201,Текст про программирование должен быть больше 100 символов 4201
4202,2,2025-09-09 09:04:11.424346,Заголовок про программирование 4202,Текст про программирование должен быть больше 100 символов 4202
4203,2,2025-09-09 09:04:11.424347,Заголовок про программирование 4203,Текст про программирование должен быть больше 100 символов 4203
4204,1,2025-09-09 09:04:11.424348,Заголовок про программирование 4204,Текст про программирование должен быть больше 100 символов 4204
4205,3,2025-09-09 09:04:11.424349,Заголовок про программирование 4205,Текст про программирование должен быть больше 100 символов 4205
4206,1,2025-09-09 09:04:11.424350,Заголовок про программирование 4206,Текст про программирование должен быть больше 100 символов 4206
4207,2,2025-09-09 09:04:11.424351,Заголовок про программирование 4207,Текст про программирование должен быть больше 100 символов 4207
4208,1,2025-09-09 09:04:11.424352,Заголовок про программирование 4208,Текст про программирование должен быть больше 100 символов 4208
4209,1,2025-09-09 09:04:11.424353,Заголовок про программирование 4209,Текст про программирование должен быть больше 100 символов 4209
4210,3,2025-09-09 09:04:11.424354,Заголовок про программирование 4210,Текст про программирование должен быть больше 100 символов 4210
4211,1,2025-09-09 09:04:11.424355,Заголовок про программирование 4211,Текст про программирование должен быть больше 100 символов 4211
4212,3,2025-09-09 09:04:11.424356,Заголовок про программирование 4212,Текст про программирование должен быть больше 100 символов 4212
4213,1,2025-09-09 09:04:11.424357,Заголовок про программирование 4213,Текст про программирование должен быть больше 100 символов 4213
4214,1,2025-09-09 09:04:11.424358,Заголовок про программирование 4214,Текст про программирование должен быть больше 100 символов 4214
4215,3,2025-09-09 09:04:11.424359,Заголовок про программирование 4215,Текст про программирование должен быть больше 100 символов 4215
4216,2,2025-09-09 09:04:11.424360,Заголовок про программирование 4216,Текст про программирование должен быть больше 100 символов 4216
4217,1,2025-09-09 09:04:11.424361,Заголовок про программирование 4217,Текст про программирование должен быть больше 100 символов 4217
4218,1,2025-09-09 09:04:11.424362,Заголовок про программирование 4218,Текст про программирование должен быть больше 100 символов 4218
4219,2,2025-09-09 09:04:11.424363,Заголовок про программирование 4219,Текст про программирование должен быть больше 100 символов 4219
4220,1,2025-09-09 09:04:11.424364,Заголовок про программирование 4220,Текст про программирование должен быть больше 100 символов 4220
4221,2,2025-09-09 09:04:11.424365,Заголовок про программирование 4221,Текст про программирование должен быть больше 100 символов 4221
4222,1,2025-09-09 09:04:11.424366,Заголовок про программирование 4222,Текст про программирование должен быть больше 100 символов 4222
4223,2,2025-09-09 09:04:11.424367,Заголовок про программирование 4223,Текст про программирование должен быть больше 100 символов 4223
4224,1,2025-09-09 09:04:11.424368,Заголовок про программирование 4224,Текст про программирование должен быть больше 100 символов 4224
4225,3,2025-09-09 09:04:11.424369,Заголовок про программирование 4225,Текст про программирование должен быть больше 100 символов 4225
4226,2,2025-09-09 09:04:11.424370,Заголовок про программирование 4226,Текст про программирование должен быть больше 100 символов 4226
4227,1,2025-09-09 09:04:11.424371,Заголовок про программирование 4227,Текст про программирование должен быть больше 100 символов 4227
4228,1,2025-09-09 09:04:11.424372,Заголовок про программирование 4228,Текст про программирование должен быть больше 100 символов 4228
4229,2,2025-09-09 09:04:11.424373,Заголовок про программирование 4229,Текст про программирование должен быть больше 100 символов 4229
4230,3,2025-09-09 09:04:11.424374,Заголовок про программирование 4230,Текст про программирование должен быть больше 100 символов 4230
4231,1,2025-09-09 09:04:11.424375,Заголовок про программирование 4231,Текст про программирование должен быть больше 100 символов 4231
4232,3,2025-09-09 09:04:11.424376,Заголовок про программирование 4232,Текст про программирование должен быть больше 100 символов 4232
4233,3,2025-09-09 09:04:11.424377,Заголовок про программирование 4233,Текст про программирование должен быть больше 100 символов 4233
4234,2,2025-09-09 09:04:11.424378,Заголовок про программирование 4234,Текст про программирование должен быть больше 100 символов 4234
4235,1,2025-09-09 09:04:11.424379,Заголовок про программирование 4235,Текст про программирование должен быть больше 100 символов 4235
4236,1,2025-09-09 09:04:11.424380,Заголовок про программирование 4236,Текст про программирование должен быть больше 100 символов 4236
4237,1,2025-09-09 09:04:11.424381,Заголовок про программирование 4237,Текст про программирование должен быть больше 100 символов 4237
4238,3,2025-09-09 09:04:11.424382,Заголовок про программирование 4238,Текст про программирование должен быть больше 100 символов 4238
4239,1,2025-09-09 09:04:11.424383,Заголовок про программирование 4239,Текст про программирование должен быть больше 100 символов 4239
4240,1,2025-09-09 09:04:11.424384,Заголовок про программирование 4240,Текст про программирование должен быть больше 100 символов 4240
4241,1,2025-09-09 09:04:11.424385,Заголовок про программирование 4241,Текст про программирование должен быть больше 100 символов 4241
4242,2,2025-09-09 09:04:11.424386,Заголовок про программирование 4242,Текст про программирование должен быть больше 100 символов 4242
4243,1,2025-09-09 09:04:11.424387,Заголовок про программирование 4243,Текст про программирование должен быть больше 100 символов 4243
4244,2,2025-09-09 09:04:11.424388,Заголовок про программирование 4244,Текст про программирование должен быть больше 100 символов 4244
4245,2,2025-09-09 09:04:11.424389,Заголовок про программирование 4245,Текст про программирование должен быть больше 100 символов 4245
4246,3,2025-09-09 09:04:11.424390,Заголовок про программирование 4246,Текст про программирование должен быть больше 100 символов 4246
4247,1,2025-09-09 09:04:11.424391,Заголовок про программирование 4247,Текст про программирование должен быть больше 100 символов 4247
4248,1,2025-09-09 09:04:11.424392,Заголовок про программирование 4248,Текст про программирование должен быть больше 100 символов 4248
4249,3,2025-09-09 09:04:11.424393,Заголовок про программирование 4249,Текст про программирование должен быть больше 100 символов 4249
4250,2,2025-09-09 09:04:11.424394,Заголовок про программирование 4250,Текст про программирование должен быть больше 100 символов 4250
4251,2,2025-09-09 09:04:11.424395,Заголовок про программирование 4251,Текст про программирование должен быть больше 100 символов 4251
4252,3,2025-09-09 09:04:11.424396,Заголовок про программирование 4252,Текст про программирование должен быть больше 100 символов 4252
4253,1,2025-09-09 09:04:11.424397,Заголовок про программирование 4253,Текст про программирование должен быть больше 100 символов 4253
4254,1,2025-09-09 09:04:11.424398,Заголовок про программирование 4254,Текст про программирование должен быть больше 100 символов 4254
4255,2,2025-09-09 09:04:11.424399,Заголовок про программирование 4255,Текст про программирование должен быть больше 100 символов 4255
4256,1,2025-09-09 09:04:11.424400,Заголовок про программирование 4256,Текст про программирование должен быть больше 100 символов 4256
4257,2,2025-09-09 09:04:11.424401,Заголовок про программирование 4257,Текст про программирование должен быть больше 100 символов 4257
4258,1,2025-09-09 09:04:11.424402,Заголовок про программирование 4258,Текст про программирование должен быть больше 100 символов 4258
4259,1,2025-09-09 09:04:11.424403,Заголовок про программирование 4259,Текст про программирование должен быть больше 100 символов 4259
4260,1,2025-09-09 09:04:11.424404,Заголовок про программирование 4260,Текст про программирование должен быть больше 100 символов 4260
4261,3,2025-09-09 09:04:11.424405,Заголовок про программирование 4261,Текст про программирование должен быть больше 100 символов 4261
4262,2,2025-09-09 09:04:11.424406,Заголовок про программирование 4262,Текст про программирование должен быть больше 100 символов 4262
4263,1,2025-09-09 09:04:11.424407,Заголовок про программирование 4263,Текст про программирование должен быть больше 100 символов 4263
4264,3,2025-09-09 09:04:11.424408,Заголовок про программирование 4264,Текст про программирование должен быть больше 100 символов 4264
4265,2,2025-09-09 09:04:11.424409,Заголовок про программирование 4265,Текст про программирование должен быть больше 100 символов 4265
4266,2,2025-09-09 09:04:11.424410,Заголовок про программирование 4266,Текст про программирование должен быть больше 100 символов 4266
4267,1,2025-09-09 09:04:11.424411,Заголовок про программирование 4267,Текст про программирование должен быть больше 100 символов 4267
4268,3,2025-09-09 09:04:11.424412,Заголовок про программирование 4268,Текст про программирование должен быть больше 100 символов 4268
4269,3,2025-09-09 09:04:11.424413,Заголовок про программирование 4269,Текст про программирование должен быть больше 100 символов 4269
4270,3,2025-09-09 09:04:11.424414,Заголовок про программирование 4270,Текст про программирование должен быть больше 100 символов 4270
4271,1,2025-09-09 09:04:11.424415,Заголовок про программирование 4271,Текст про программирование должен быть больше 100 символов 4271
4272,3,2025-09-09 09:04:11.424416,Заголовок про программирование 4272,Текст про программирование должен быть больше 100 символов 4272
4273,3,2025-09-09 09:04:11.424417,Заголовок про программирование 4273,Текст про программирование должен быть больше 100 символов 4273
4274,1,2025-09-09 09:04:11.424418,Заголовок про программирование 4274,Текст про программирование должен быть больше 100 символов 4274
4275,2,2025-09-09 09:04:11.424419,Заголовок про программирование 4275,Текст про программирование должен быть больше 100 символов 4275
4276,2,2025-09-09 09:04:11.424420,Заголовок про программирование 4276,Текст про программирование должен быть больше 100 символов 4276
4277,3,2025-09-09 09:04:11.424421,Заголовок про программирование 4277,Текст про программирование должен быть больше 100 символов 4277
4278,2,2025-09-09 09:04:11.424422,Заголовок про программирование 4278,Текст про программирование должен быть больше 100 символов 4278
4279,2,2025-09-09 09:04:11.424423,Заголовок про программирование 4279,Текст про программирование должен быть больше 100 символов 4279
4280,1,2025-09-09 09:04:11.424424,Заголовок про программирование 4280,Текст про программирование должен быть больше 100 символов 4280
4281,2,2025-09-09 09:04:11.424425,Заголовок про программирование 4281,Текст про программирование должен быть больше 100 символов 4281
4282,1,2025-09-09 09:04:11.424426,Заголовок про программирование 4282,Текст про программирование должен быть больше 100 символов 4282
4283,2,2025-09-09 09:04:11.424427,Заголовок про программирование 4283,Текст про программирование должен быть больше 100 символов 4283
4284,2,2025-09-09 09:04:11.424428,Заголовок про программирование 4284,Текст про программирование должен быть больше 100 символов 4284
4285,3,2025-09-09 09:04:11.424429,Заголовок про программирование 4285,Текст про программирование должен быть больше 100 символов 4285
4286,3,2025-09-09 09:04:11.424430,Заголовок про программирование 4286,Текст про программирование должен быть больше 100 символов 4286
4287,2,2025-09-09 09:04:11.424431,Заголовок про программирование 4287,Текст про программирование должен быть больше 100 символов 4287
4288,1,2025-09-09 09:04:11.424432,Заголовок про программирование 4288,Текст про программирование должен быть больше 100 символов 4288
4289,2,2025-09-09 09:04:11.424433,Заголовок про программирование 4289,Текст про программирование должен быть больше 100 символов 4289
4290,2,2025-09-09 09:04:11.424434,Заголовок про программирование 4290,Текст про программирование должен быть больше 100 символов 4290
4291,2,2025-09-09 09:04:11.424435,Заголовок про программирование 4291,Текст про программирование должен быть больше 100 символов 4291
4292,1,2025-09-09 09:04:11.424436,Заголовок про программирование 4292,Текст про программирование должен быть больше 100 символов 4292
4293,2,2025-09-09 09:04:11.424437,Заголовок про программирование 4293,Текст про программирование должен быть больше 100 символов 4293
4294,3,2025-09-09 09:04:11.424438,Заголовок про программирование 4294,Текст про программирование должен быть больше 100 символов 4294
4295,1,2025-09-09 09:04:11.424439,Заголовок про программирование 4295,Текст про программирование должен быть больше 100 символов 4295
4296,1,2025-09-09 09:04:11.424440,Заголовок про программирование 4296,Текст про программирование должен быть больше 100 символов 4296
4297,2,2025-09-09 09:04:11.424441,Заголовок про программирование 4297,Текст про программирование должен быть больше 100 символов 4297
4298,1,2025-09-09 09:04:11.424442,Заголовок про программирование 4298,Текст про программирование должен быть больше 100 символов 4298
4299,1,2025-09-09 09:04:11.424443,Заголовок про программирование 4299,Текст про программирование должен быть больше 100 символов 4299
4300,3,2025-09-09 09:04:11.424444,Заголовок про программирование 4300,Текст про программирование должен быть больше 100 символов 4300
4301,3,2025-09-09 09:04:11.424445,Заголовок про программирование 4301,Текст про программирование должен быть больше 100 символов 4301
4302,1,2025-09-09 09:04:11.424446,Заголовок про программирование 4302,Текст про программирование должен быть больше 100 символов 4302
4303,2,2025-09-09 09:04:11.424447,Заголовок про программирование 4303,Текст про программирование должен быть больше 100 символов 4303
4304,3,2025-09-09 09:04:11.424448,Заголовок про программирование 4304,Текст про программирование должен быть больше 100 символов 4304
4305,1,2025-09-09 09:04:11.424449,Заголовок про программирование 4305,Текст про программирование должен быть больше 100 символов 4305
4306,1,2025-09-09 09:04:11.424450,Заголовок про программирование 4306,Текст про программирование должен быть больше 100 символов 4306
4307,3,2025-09-09 09:04:11.424451,Заголовок про программирование 4307,Текст про программирование должен быть больше 100 символов 4307
4308,3,2025-09-09 09:04:11.424452,Заголовок про программирование 4308,Текст про программирование должен быть больше 100 символов 4308
4309,2,2025-09-09 09:04:11.424453,Заголовок про программирование 4309,Текст про программирование должен быть больше 100 символов 4309
4310,3,2025-09-09 09:04:11.424454,Заголовок про программирование 4310,Текст про программирование должен быть больше 100 символов 4310
4311,3,2025-09-09 09:04:11.424455,Заголовок про программирование 4311,Текст про программирование должен быть больше 100 символов 4311
4312,2,2025-09-09 09:04:11.424456,Заголовок про программирование 4312,Текст про программирование должен быть больше 100 символов 4312
4313,1,2025-09-09 09:04:11.424457,Заголовок про программирование 4313,Текст про программирование должен быть больше 100 символов 4313
4314,3,2025-09-09 09:04:11.424458,Заголовок про программирование 4314,Текст про программирование должен быть больше 100 символов 4314
4315,1,2025-09-09 09:04:11.424459,Заголовок про программирование 4315,Текст про программирование должен быть больше 100 символов 4315
4316,3,2025-09-09 09:04:11.424460,Заголовок про программирование 4316,Текст про программирование должен быть больше 100 символов 4316
4317,3,2025-09-09 09:04:11.424461,Заголовок про программирование 4317,Текст про программирование должен быть больше 100 символов 4317
4318,3,2025-09-09 09:04:11.424462,Заголовок про программирование 4318,Текст про программирование должен быть больше 100 символов 4318
4319,3,2025-09-09 09:04:11.424463,Заголовок про программирование 4319,Текст про программирование должен быть больше 100 символов 4319
4320,3,2025-09-09 09:04:11.424464,Заголовок про программирование 4320,Текст про программирование должен быть больше 100 символов 4320
4321,3,2025-09-09 09:04:11.424465,Заголовок про программирование 4321,Текст про программирование должен быть больше 100 символов 4321
4322,3,2025-09-09 09:04:11.424466,Заголовок про программирование 4322,Текст про программирование должен быть больше 100 символов 4322
4323,3,2025-09-09 09:04:11.424467,Заголовок про программирование 4323,Текст про программирование должен быть больше 100 символов 4323
4324,2,2025-09-09 09:04:11.424468,Заголовок про программирование 4324,Текст про программирование должен быть больше 100 символов 4324
4325,1,2025-09-09 09:04:11.424469,Заголовок про программирование 4325,Текст про программирование должен быть больше 100 символов 4325
4326,3,2025-09-09 09:04:11.424470,Заголовок про программирование 4326,Текст про программирование должен быть больше 100 символов 4326
4327,2,2025-09-09 09:04:11.424471,Заголовок про программирование 4327,Текст про программирование должен быть больше 100 символов 4327
4328,2,2025-09-09 09:04:11.424472,Заголовок про программирование 4328,Текст про программирование должен быть больше 100 символов 4328
4329,1,2025-09-09 09:04:11.424473,Заголовок про программирование 4329,Текст про программирование должен быть больше 100 символов 4329
4330,1,2025-09-09 09:04:11.424474,Заголовок про программирование 4330,Текст про программирование должен быть больше 100 символов 4330
4331,2,2025-09-09 09:04:11.424475,Заголовок про программирование 4331,Текст про программирование должен быть больше 100 символов 4331
4332,2,2025-09-09 09:04:11.424476,Заголовок про программирование 4332,Текст про программирование должен быть больше 100 символов 4332
4333,1,2025-09-09 09:04:11.424477,Заголовок про программирование 4333,Текст про программирование должен быть больше 100 символов 4333
4334,1,2025-09-09 09:04:11.424478,Заголовок про программирование 4334,Текст про программирование должен быть больше 100 символов 4334
4335,3,2025-09-09 09:04:11.424479,Заголовок про программирование 4335,Текст про программирование должен быть больше 100 символов 4335
4336,2,2025-09-09 09:04:11.424480,Заголовок про программирование 4336,Текст про программирование должен быть больше 100 символов 4336
4337,1,2025-09-09 09:04:11.424481,Заголовок про программирование 4337,Текст про программирование должен быть больше 100 символов 4337
4338,1,2025-09-09 09:04:11.424482,Заголовок про программирование 4338,Текст про программирование должен быть больше 100 символов 4338
4339,1,2025-09-09 09:04:11.424483,Заголовок про программирование 4339,Текст про программирование должен быть больше 100 символов 4339
4340,2,2025-09-09 09:04:11.424484,Заголовок про программирование 4340,Текст про программирование должен быть больше 100 символов 4340
4341,1,2025-09-09 09:04:11.424485,Заголовок про программирование 4341,Текст про программирование должен быть больше 100 символов 4341
4342,3,2025-09-09 09:04:11.424486,Заголовок про программирование 4342,Текст про программирование должен быть больше 100 символов 4342
4343,3,2025-09-09 09:04:11.424487,Заголовок про программирование 4343,Текст про программирование должен быть больше 100 символов 4343
4344,1,2025-09-09 09:04:11.424488,Заголовок про программирование 4344,Текст про программирование должен быть больше 100 символов 4344
4345,3,2025-09-09 09:04:11.424489,Заголовок про программирование 4345,Текст про программирование должен быть больше 100 символов 4345
4346,3,2025-09-09 09:04:11.424490,Заголовок про программирование 4346,Текст про программирование должен быть больше 100 символов 4346
4347,2,2025-09-09 09:04:11.424491,Заголовок про программирование 4347,Текст про программирование должен быть больше 100 символов 4347
4348,1,2025-09-09 09:04:11.424492,Заголовок про программирование 4348,Текст про программирование должен быть больше 100 символов 4348
4349,1,2025-09-09 09:04:11.424493,Заголовок про программирование 4349,Текст про программирование должен быть больше 100 символов 4349
4350,3,2025-09-09 09:04:11.424494,Заголовок про программирование 4350,Текст про программирование должен быть больше 100 символов 4350
4351,2,2025-09-09 09:04:11.424495,Заголовок про программирование 4351,Текст про программирование должен быть больше 100 символов 4351
4352,1,2025-09-09 09:04:11.424496,Заголовок про программирование 4352,Текст про программирование должен быть больше 100 символов 4352
4353,3,2025-09-09 09:04:11.424497,Заголовок про программирование 4353,Текст про программирование должен быть больше 100 символов 4353
4354,1,2025-09-09 09:04:11.424498,Заголовок про программирование 4354,Текст про программирование должен быть больше 100 символов 4354
4355,1,2025-09-09 09:04:11.424499,Заголовок про программирование 4355,Текст про программирование должен быть больше 100 символов 4355
4356,2,2025-09-09 09:04:11.424500,Заголовок про программирование 4356,Текст про программирование должен быть больше 100 символов 4356
4357,2,2025-09-09 09:04:11.424501,Заголовок про программирование 4357,Текст про программирование должен быть больше 100 символов 4357
4358,2,2025-09-09 09:04:11.424502,Заголовок про программирование 4358,Текст про программирование должен быть больше 100 символов 4358
4359,2,2025-09-09 09:04:11.424503,Заголовок про программирование 4359,Текст про программирование должен быть больше 100 символов 4359
4360,3,2025-09-09 09:04:11.424504,Заголовок про программирование 4360,Текст про программирование должен быть больше 100 символов 4360
4361,2,2025-09-09 09:04:11.424505,Заголовок про программирование 4361,Текст про программирование должен быть больше 100 символов 4361
4362,3,2025-09-09 09:04:11.424506,Заголовок про программирование 4362,Текст про программирование должен быть больше 100 символов 4362
4363,2,2025-09-09 09:04:11.424507,Заголовок про программирование 4363,Текст про программирование должен быть больше 100 символов 4363
4364,1,2025-09-09 09:04:11.424508,Заголовок про программирование 4364,Текст про программирование должен быть больше 100 символов 4364
4365,1,2025-09-09 09:04:11.424509,Заголовок про программирование 4365,Текст про программирование должен быть больше 100 символов 4365
4366,2,2025-09-09 09:04:11.424510,Заголовок про программирование 4366,Текст про программирование должен быть больше 100 символов 4366
4367,1,2025-09-09 09:04:11.424511,Заголовок про программирование 4367,Текст про программирование должен быть больше 100 символов 4367
4368,2,2025-09-09 09:04:11.424512,Заголовок про программирование 4368,Текст про программирование должен быть больше 100 символов 4368
4369,3,2025-09-09 09:04:11.424513,Заголовок про программирование 4369,Текст про программирование должен быть больше 100 символов 4369
4370,3,2025-09-09 09:04:11.424514,Заголовок про программирование 4370,Текст про программирование должен быть больше 100 символов 4370
4371,1,2025-09-09 09:04:11.424515,Заголовок про программирование 4371,Текст про программирование должен быть больше 100 символов 4371
4372,3,2025-09-09 09:04:11.424516,Заголовок про программирование 4372,Текст про программирование должен быть больше 100 символов 4372
4373,3,2025-09-09 09:04:11.424517,Заголовок про программирование 4373,Текст про программирование должен быть больше 100 символов 4373
4374,3,2025-09-09 09:04:11.424518,Заголовок про программирование 4374,Текст про программирование должен быть больше 100 символов 4374
4375,2,2025-09-09 09:04:11.424519,Заголовок про программирование 4375,Текст про программирование должен быть больше 100 символов 4375
4376,2,2025-09-09 09:04:11.424520,Заголовок про программирование 4376,Текст про программирование должен быть больше 100 символов 4376
4377,1,2025-09-09 09:04:11.424521,Заголовок про программирование 4377,Текст про программирование должен быть больше 100 символов 4377
4378,2,2025-09-09 09:04:11.424522,Заголовок про программирование 4378,Текст про программирование должен быть больше 100 символов 4378
4379,2,2025-09-09 09:04:11.424523,Заголовок про программирование 4379,Текст про программирование должен быть больше 100 символов 4379
4380,3,2025-09-09 09:04:11.424524,Заголовок про программирование 4380,Текст про программирование должен быть больше 100 символов 4380
4381,1,2025-09-09 09:04:11.424525,Заголовок про программирование 4381,Текст про программирование должен быть больше 100 символов 4381
4382,1,2025-09-09 09:04:11.424526,Заголовок про программирование 4382,Текст про программирование должен быть больше 100 символов 4382
4383,3,2025-09-09 09:04:11.424527,Заголовок про программирование 4383,Текст про программирование должен быть больше 100 символов 4383
4384,3,2025-09-09 09:04:11.424528,Заголовок про программирование 4384,Текст про программирование должен быть больше 100 символов 4384
4385,2,2025-09-09 09:04:11.424529,Заголовок про программирование 4385,Текст про программирование должен быть больше 100 символов 4385
4386,2,2025-09-09 09:04:11.424530,Заголовок про программирование 4386,Текст про программирование должен быть больше 100 символов 4386
4387,2,2025-09-09 09:04:11.424531,Заголовок про программирование 4387,Текст про программирование должен быть больше 100 символов 4387
4388,2,2025-09-09 09:04:11.424532,Заголовок про программирование 4388,Текст про программирование должен быть больше 100 символов 4388
4389,1,2025-09-09 09:04:11.424533,Заголовок про программирование 4389,Текст про программирование должен быть больше 100 символов 4389
4390,3,2025-09-09 09:04:11.424534,Заголовок про программирование 4390,Текст про программирование должен быть больше 100 символов 4390
4391,1,2025-09-09 09:04:11.424535,Заголовок про программирование 4391,Текст про программирование должен быть больше 100 символов 4391
4392,1,2025-09-09 09:04:11.424536,Заголовок про программирование 4392,Текст про программирование должен быть больше 100 символов 4392
4393,3,2025-09-09 09:04:11.424537,Заголовок про программирование 4393,Текст про программирование должен быть больше 100 символов 4393
4394,1,2025-09-09 09:04:11.424538,Заголовок про программирование 4394,Текст про программирование должен быть больше 100 символов 4394
4395,2,2025-09-09 09:04:11.424539,Заголовок про программирование 4395,Текст про программирование должен быть больше 100 символов 4395
4396,3,2025-09-09 09:04:11.424540,Заголовок про программирование 4396,Текст про программирование должен быть больше 100 символов 4396
4397,3,2025-09-09 09:04:11.424541,Заголовок про программирование 4397,Текст про программирование должен быть больше 100 символов 4397
4398,2,2025-09-09 09:04:11.424542,Заголовок про программирование 4398,Текст про программирование должен быть больше 100 символов 4398
4399,3,2025-09-09 09:04:11.424543,Заголовок про программирование 4399,Текст про программирование должен быть больше 100 символов 4399
4400,1,2025-09-09 09:04:11.424544,Заголовок про программирование 4400,Текст про программирование должен быть больше 100 символов 4400
4401,3,2025-09-09 09:04:11.424545,Заголовок про программирование 4401,Текст про программирование должен быть больше 100 символов 4401
4402,1,2025-09-09 09:04:11.424546,Заголовок про программирование 4402,Текст про программирование должен быть больше 100 символов 4402
4403,2,2025-09-09 09:04:11.424547,Заголовок про программирование 4403,Текст про программирование должен быть больше 100 символов 4403
4404,3,2025-09-09 09:04:11.424548,Заголовок про программирование 4404,Текст про программирование должен быть больше 100 символов 4404
4405,2,2025-09-09 09:04:11.424549,Заголовок про программирование 4405,Текст про программирование должен быть больше 100 символов 4405
4406,3,2025-09-09 09:04:11.424550,Заголовок про программирование 4406,Текст про программирование должен быть больше 100 символов 4406
4407,1,2025-09-09 09:04:11.424551,Заголовок про программирование 4407,Текст про программирование должен быть больше 100 символов 4407
4408,3,2025-09-09 09:04:11.424552,Заголовок про программирование 4408,Текст про программирование должен быть больше 100 символов 4408
4409,1,2025-09-09 09:04:11.424553,Заголовок про программирование 4409,Текст про программирование должен быть больше 100 символов 4409
4410,1,2025-09-09 09:04:11.424554,Заголовок про программирование 4410,Текст про программирование должен быть больше 100 символов 4410
4411,3,2025-09-09 09:04:11.424555,Заголовок про программирование 4411,Текст про программирование должен быть больше 100 символов 4411
4412,2,2025-09-09 09:04:11.424556,Заголовок про программирование 4412,Текст про программирование должен быть больше 100 символов 4412
4413,1,2025-09-09 09:04:11.424557,Заголовок про программирование 4413,Текст про программирование должен быть больше 100 символов 4413
4414,2,2025-09-09 09:04:11.424558,Заголовок про программирование 4414,Текст про программирование должен быть больше 100 символов 4414
4415,1,2025-09-09 09:04:11.424559,Заголовок про программирование 4415,Текст про программирование должен быть больше 100 символов 4415
4416,2,2025-09-09 09:04:11.424560,Заголовок про программирование 4416,Текст про программирование должен быть больше 100 символов 4416
4417,1,2025-09-09 09:04:11.424561,Заголовок про программирование 4417,Текст про программирование должен быть больше 100 символов 4417
4418,2,2025-09-09 09:04:11.424562,Заголовок про программирование 4418,Текст про программирование должен быть больше 100 символов 4418
4419,3,2025-09-09 09:04:11.424563,Заголовок про программирование 4419,Текст про программирование должен быть больше 100 символов 4419
4420,3,2025-09-09 09:04:11.424564,Заголовок про программирование 4420,Текст про программирование должен быть больше 100 символов 4420
4421,2,2025-09-09 09:04:11.424565,Заголовок про программирование 4421,Текст про программирование должен быть больше 100 символов 4421
4422,2,2025-09-09 09:04:11.424566,Заголовок про программирование 4422,Текст про программирование должен быть больше 100 символов 4422
4423,2,2025-09-09 09:04:11.424567,Заголовок про программирование 4423,Текст про программирование должен быть больше 100 символов 4423
4424,3,2025-09-09 09:04:11.424568,Заголовок про программирование 4424,Текст про программирование должен быть больше 100 символов 4424
4425,1,2025-09-09 09:04:11.424569,Заголовок про программирование 4425,Текст про программирование должен быть больше 100 символов 4425
4426,2,2025-09-09 09:04:11.424570,Заголовок про программирование 4426,Текст про программирование должен быть больше 100 символов 4426
4427,3,2025-09-09 09:04:11.424571,Заголовок про программирование 4427,Текст про программирование должен быть больше 100 символов 4427
4428,2,2025-09-09 09:04:11.424572,Заголовок про программирование 4428,Текст про программирование должен быть больше 100 символов 4428
4429,1,2025-09-09 09:04:11.424573,Заголовок про программирование 4429,Текст про программирование должен быть больше 100 символов 4429
4430,3,2025-09-09 09:04:11.424574,Заголовок про программирование 4430,Текст про программирование должен быть больше 100 символов 4430
4431,2,2025-09-09 09:04:11.424575,Заголовок про программирование 4431,Текст про программирование должен быть больше 100 символов 4431
4432,2,2025-09-09 09:04:11.424576,Заголовок про программирование 4432,Текст про программирование должен быть больше 100 символов 4432
4433,1,2025-09-09 09:04:11.424577,Заголовок про программирование 4433,Текст про программирование должен быть больше 100 символов 4433
4434,3,2025-09-09 09:04:11.424578,Заголовок про программирование 4434,Текст про программирование должен быть больше 100 символов 4434
4435,2,2025-09-09 09:04:11.424579,Заголовок про программирование 4435,Текст про программирование должен быть больше 100 символов 4435
4436,1,2025-09-09 09:04:11.424580,Заголовок про программирование 4436,Текст про программирование должен быть больше 100 символов 4436
4437,1,2025-09-09 09:04:11.424581,Заголовок про программирование 4437,Текст про программирование должен быть больше 100 символов 4437
4438,1,2025-09-09 09:04:11.424582,Заголовок про программирование 4438,Текст про программирование должен быть больше 100 символов 4438
4439,1,2025-09-09 09:04:11.424583,Заголовок про программирование 4439,Текст про программирование должен быть больше 100 символов 4439
4440,1,2025-09-09 09:04:11.424584,Заголовок про программирование 4440,Текст про программирование должен быть больше 100 символов 4440
4441,2,2025-09-09 09:04:11.424585,Заголовок про программирование 4441,Текст про программирование должен быть больше 100 символов 4441
4442,2,2025-09-09 09:04:11.424586,Заголовок про программирование 4442,Текст про программирование должен быть больше 100 символов 4442
4443,1,2025-09-09 09:04:11.424587,Заголовок про программирование 4443,Текст про программирование должен быть больше 100 символов 4443
4444,2,2025-09-09 09:04:11.424588,Заголовок про программирование 4444,Текст про программирование должен быть больше 100 символов 4444
4445,1,2025-09-09 09:04:11.424589,Заголовок про программирование 4445,Текст про программирование должен быть больше 100 символов 4445
4446,1,2025-09-09 09:04:11.424590,Заголовок про программирование 4446,Текст про программирование должен быть больше 100 символов 4446
4447,2,2025-09-09 09:04:11.424591,Заголовок про программирование 4447,Текст про программирование должен быть больше 100 символов 4447
4448,2,2025-09-09 09:04:11.424592,Заголовок про программирование 4448,Текст про программирование должен быть больше 100 символов 4448
4449,1,2025-09-09 09:04:11.424593,Заголовок про программирование 4449,Текст про программирование должен быть больше 100 символов 4449
4450,1,2025-09-09 09:04:11.424594,Заголовок про программирование 4450,Текст про программирование должен быть больше 100 символов 4450
4451,1,2025-09-09 09:04:11.424595,Заголовок про программирование 4451,Текст про программирование должен быть больше 100 символов 4451
4452,2,2025-09-09 09:04:11.424596,Заголовок про программирование 4452,Текст про программирование должен быть больше 100 символов 4452
4453,1,2025-09-09 09:04:11.424597,Заголовок про программирование 4453,Текст про программирование должен быть больше 100 символов 4453
4454,2,2025-09-09 09:04:11.424598,Заголовок про программирование 4454,Текст про программирование должен быть больше 100 символов 4454
4455,1,2025-09-09 09:04:11.424599,Заголовок про программирование 4455,Текст про программирование должен быть больше 100 символов 4455
4456,1,2025-09-09 09:04:11.424600,Заголовок про программирование 4456,Текст про программирование должен быть больше 100 символов 4456
4457,3,2025-09-09 09:04:11.424601,Заголовок про программирование 4457,Текст про программирование должен быть больше 100 символов 4457
4458,2,2025-09-09 09:04:11.424602,Заголовок про программирование 4458,Текст про программирование должен быть больше 100 символов 4458
4459,3,2025-09-09 09:04:11.424603,Заголовок про программирование 4459,Текст про программирование должен быть больше 100 символов 4459
4460,1,2025-09-09 09:04:11.424604,Заголовок про программирование 4460,Текст про программирование должен быть больше 100 символов 4460
4461,3,2025-09-09 09:04:11.424605,Заголовок про программирование 4461,Текст про программирование должен быть больше 100 символов 4461
4462,2,2025-09-09 09:04:11.424606,Заголовок про программирование 4462,Текст про программирование должен быть больше 100 символов 4462
4463,1,2025-09-09 09:04:11.424607,Заголовок про программирование 4463,Текст про программирование должен быть больше 100 символов 4463
4464,3,2025-09-09 09:04:11.424608,Заголовок про программирование 4464,Текст про программирование должен быть больше 100 символов 4464
4465,3,2025-09-09 09:04:11.424609,Заголовок про программирование 4465,Текст про программирование должен быть больше 100 символов 4465
4466,1,2025-09-09 09:04:11.424610,Заголовок про программирование 4466,Текст про программирование должен быть больше 100 символов 4466
4467,1,2025-09-09 09:04:11.424611,Заголовок про программирование 4467,Текст про программирование должен быть больше 100 символов 4467
4468,1,2025-09-09 09:04:11.424612,Заголовок про программирование 4468,Текст про программирование должен быть больше 100 символов 4468
4469,1,2025-09-09 09:04:11.424613,Заголовок про программирование 4469,Текст про программирование должен быть больше 100 символов 4469
4470,1,2025-09-09 09:04:11.424614,Заголовок про программирование 4470,Текст про программирование должен быть больше 100 символов 4470
4471,1,2025-09-09 09:04:11.424615,Заголовок про программирование 4471,Текст про программирование должен быть больше 100 символов 4471
4472,1,2025-09-09 09:04:11.424616,Заголовок про программирование 4472,Текст про программирование должен быть больше 100 символов 4472
4473,2,2025-09-09 09:04:11.424617,Заголовок про программирование 4473,Текст про программирование должен быть больше 100 символов 4473
4474,1,2025-09-09 09:04:11.424618,Заголовок про программирование 4474,Текст про программирование должен быть больше 100 символов 4474
4475,3,2025-09-09 09:04:11.424619,Заголовок про программирование 4475,Текст про программирование должен быть больше 100 символов 4475
4476,3,2025-09-09 09:04:11.424620,Заголовок про программирование 4476,Текст про программирование должен быть больше 100 символов 4476
4477,2,2025-09-09 09:04:11.424621,Заголовок про программирование 4477,Текст про программирование должен быть больше 100 символов 4477
4478,1,2025-09-09 09:04:11.424622,Заголовок про программирование 4478,Текст про программирование должен быть больше 100 символов 4478
4479,3,2025-09-09 09:04:11.424623,Заголовок про программирование 4479,Текст про программирование должен быть больше 100 символов 4479
4480,3,2025-09-09 09:04:11.424624,Заголовок про программирование 4480,Текст про программирование должен быть больше 100 символов 4480
4481,2,2025-09-09 09:04:11.424625,Заголовок про программирование 4481,Текст про программирование должен быть больше 100 символов 4481
4482,1,2025-09-09 09:04:11.424626,Заголовок про программирование 4482,Текст про программирование должен быть больше 100 символов 4482
4483,2,2025-09-09 09:04:11.424627,Заголовок про программирование 4483,Текст про программирование должен быть больше 100 символов 4483
4484,2,2025-09-09 09:04:11.424628,Заголовок про программирование 4484,Текст про программирование должен быть больше 100 символов 4484
4485,2,2025-09-09 09:04:11.424629,Заголовок про программирование 4485,Текст про программирование должен быть больше 100 символов 4485
4486,2,2025-09-09 09:04:11.424630,Заголовок про программирование 4486,Текст про программирование должен быть больше 100 символов 4486
4487,2,2025-09-09 09:04:11.424631,Заголовок про программирование 4487,Текст про программирование должен быть больше 100 символов 4487
4488,1,2025-09-09 09:04:11.424632,Заголовок про программирование 4488,Текст про программирование должен быть больше 100 символов 4488
4489,2,2025-09-09 09:04:11.424633,Заголовок про программирование 4489,Текст про программирование должен быть больше 100 символов 4489
4490,1,2025-09-09 09:04:11.424634,Заголовок про программирование 4490,Текст про программирование должен быть больше 100 символов 4490
4491,1,2025-09-09 09:04:11.424635,Заголовок про программирование 4491,Текст про программирование должен быть больше 100 символов 4491
4492,2,2025-09-09 09:04:11.424636,Заголовок про программирование 4492,Текст про программирование должен быть больше 100 символов 4492
4493,2,2025-09-09 09:04:11.424637,Заголовок про программирование 4493,Текст про программирование должен быть больше 100 символов 4493
4494,2,2025-09-09 09:04:11.424638,Заголовок про программирование 4494,Текст про программирование должен быть больше 100 символов 4494
4495,1,2025-09-09 09:04:11.424639,Заголовок про программирование 4495,Текст про программирование должен быть больше 100 символов 4495
4496,2,2025-09-09 09:04:11.424640,Заголовок про программирование 4496,Текст про программирование должен быть больше 100 символов 4496
4497,3,2025-09-09 09:04:11.424641,Заголовок про программирование 4497,Текст про программирование должен быть больше 100 символов 4497
4498,3,2025-09-09 09:04:11.424642,Заголовок про программирование 4498,Текст про программирование должен быть больше 100 символов 4498
4499,3,2025-09-09 09:04:11.424643,Заголовок про программирование 4499,Текст про программирование должен быть больше 100 символов 4499
4500,2,2025-09-09 09:04:11.424644,Заголовок про программирование 4500,Текст про программирование должен быть больше 100 символов 4500
4501,2,2025-09-09 09:04:11.424645,Заголовок про программирование 4501,Текст про программирование должен быть больше 100 символов 4501
4502,1,2025-09-09 09:04:11.424646,Заголовок про программирование 4502,Текст про программирование должен быть больше 100 символов 4502
4503,2,2025-09-09 09:04:11.424647,Заголовок про программирование 4503,Текст про программирование должен быть больше 100 символов 4503
4504,1,2025-09-09 09:04:11.424648,Заголовок про программирование 4504,Текст про программирование должен быть больше 100 символов 4504
4505,1,2025-09-09 09:04:11.424649,Заголовок про программирование 4505,Текст про программирование должен быть больше 100 символов 4505
4506,3,2025-09-09 09:04:11.424650,Заголовок про программирование 4506,Текст про программирование должен быть больше 100 символов 4506
4507,1,2025-09-09 09:04:11.424651,Заголовок про программирование 4507,Текст про программирование должен быть больше 100 символов 4507
4508,3,2025-09-09 09:04:11.424652,Заголовок про программирование 4508,Текст про программирование должен быть больше 100 символов 4508
4509,1,2025-09-09 09:04:11.424653,Заголовок про программирование 4509,Текст про программирование должен быть больше 100 символов 4509
4510,2,2025-09-09 09:04:11.424654,Заголовок про программирование 4510,Текст про программирование должен быть больше 100 символов 4510
4511,2,2025-09-09 09:04:11.424655,Заголовок про программирование 4511,Текст про программирование должен быть больше 100 символов 4511
4512,1,2025-09-09 09:04:11.424656,Заголовок про программирование 4512,Текст про программирование должен быть больше 100 символов 4512
4513,3,2025-09-09 09:04:11.424657,Заголовок про программирование 4513,Текст про программирование должен быть больше 100 символов 4513
4514,2,2025-09-09 09:04:11.424658,Заголовок про программирование 4514,Текст про программирование должен быть больше 100 символов 4514
4515,3,2025-09-09 09:04:11.424659,Заголовок про программирование 4515,Текст про программирование должен быть больше 100 символов 4515
4516,1,2025-09-09 09:04:11.424660,Заголовок про программирование 4516,Текст про программирование должен быть больше 100 символов 4516
4517,1,2025-09-09 09:04:11.424661,Заголовок про программирование 4517,Текст про программирование должен быть больше 100 символов 4517
4518,3,2025-09-09 09:04:11.424662,Заголовок про программирование 4518,Текст про программирование должен быть больше 100 символов 4518
4519,1,2025-09-09 09:04:11.424663,Заголовок про программирование 4519,Текст про программирование должен быть больше 100 символов 4519
4520,2,2025-09-09 09:04:11.424664,Заголовок про программирование 4520,Текст про программирование должен быть больше 100 символов 4520
4521,1,2025-09-09 09:04:11.424665,Заголовок про программирование 4521,Текст про программирование должен быть больше 100 символов 4521
4522,1,2025-09-09 09:04:11.424666,Заголовок про программирование 4522,Текст про программирование должен быть больше 100 символов 4522
4523,2,2025-09-09 09:04:11.424667,Заголовок про программирование 4523,Текст про программирование должен быть больше 100 символов 4523
4524,2,2025-09-09 09:04:11.424668,Заголовок про программирование 4524,Текст про программирование должен быть больше 100 символов 4524
4525,2,2025-09-09 09:04:11.424669,Заголовок про программирование 4525,Текст про программирование должен быть больше 100 символов 4525
4526,3,2025-09-09 09:04:11.424670,Заголовок про программирование 4526,Текст про программирование должен быть больше 100 символов 4526
4527,1,2025-09-09 09:04:11.424671,Заголовок про программирование 4527,Текст про программирование должен быть больше 100 символов 4527
4528,3,2025-09-09 09:04:11.424672,Заголовок про программирование 4528,Текст про программирование должен быть больше 100 символов 4528
4529,3,2025-09-09 09:04:11.424673,Заголовок про программирование 4529,Текст про программирование должен быть больше 100 символов 4529
4530,2,2025-09-09 09:04:11.424674,Заголовок про программирование 4530,Текст про программирование должен быть больше 100 символов 4530
4531,3,2025-09-09 09:04:11.424675,Заголовок про программирование 4531,Текст про программирование должен быть больше 100 символов 4531
4532,2,2025-09-09 09:04:11.424676,Заголовок про программирование 4532,Текст про программирование должен быть больше 100 символов 4532
4533,3,2025-09-09 09:04:11.424677,Заголовок про программирование 4533,Текст про программирование должен быть больше 100 символов 4533
4534,3,2025-09-09 09:04:11.424678,Заголовок про программирование 4534,Текст про программирование должен быть больше 100 символов 4534
4535,2,2025-09-09 09:04:11.424679,Заголовок про программирование 4535,Текст про программирование должен быть больше 100 символов 4535
4536,2,2025-09-09 09:04:11.424680,Заголовок про программирование 4536,Текст про программирование должен быть больше 100 символов 4536
4537,3,2025-09-09 09:04:11.424681,Заголовок про программирование 4537,Текст про программирование должен быть больше 100 символов 4537
4538,3,2025-09-09 09:04:11.424682,Заголовок про программирование 4538,Текст про программирование должен быть больше 100 символов 4538
4539,3,2025-09-09 09:04:11.424683,Заголовок про программирование 4539,Текст про программирование должен быть больше 100 символов 4539
4540,2,2025-09-09 09:04:11.424684,Заголовок про программирование 4540,Текст про программирование должен быть больше 100 символов 4540
4541,3,2025-09-09 09:04:11.424685,Заголовок про программирование 4541,Текст про программирование должен быть больше 100 символов 4541
4542,1,2025-09-09 09:04:11.424686,Заголовок про программирование 4542,Текст про программирование должен быть больше 100 символов 4542
4543,2,2025-09-09 09:04:11.424687,Заголовок про программирование 4543,Текст про программирование должен быть больше 100 символов 4543
4544,1,2025-09-09 09:04:11.424688,Заголовок про программирование 4544,Текст про программирование должен быть больше 100 символов 4544
4545,1,2025-09-09 09:04:11.424689,Заголовок про программирование 4545,Текст про программирование должен быть больше 100 символов 4545
4546,1,2025-09-09 09:04:11.424690,Заголовок про программирование 4546,Текст про программирование должен быть больше 100 символов 4546
4547,1,2025-09-09 09:04:11.424691,Заголовок про программирование 4547,Текст про программирование должен быть больше 100 символов 4547
4548,2,2025-09-09 09:04:11.424692,Заголовок про программирование 4548,Текст про программирование должен быть больше 100 символов 4548
4549,2,2025-09-09 09:04:11.424693,Заголовок про программирование 4549,Текст про программирование должен быть больше 100 символов 4549
4550,2,2025-09-09 09:04:11.424694,Заголовок про программирование 4550,Текст про программирование должен быть больше 100 символов 4550
4551,3,2025-09-09 09:04:11.424695,Заголовок про программирование 4551,Текст про программирование должен быть больше 100 символов 4551
4552,2,2025-09-09 09:04:11.424696,Заголовок про программирование 4552,Текст про программирование должен быть больше 100 символов 4552
4553,2,2025-09-09 09:04:11.424697,Заголовок про программирование 4553,Текст про программирование должен быть больше 100 символов 4553
4554,2,2025-09-09 09:04:11.424698,Заголовок про программирование 4554,Текст про программирование должен быть больше 100 символов 4554
4555,2,2025-09-09 09:04:11.424699,Заголовок про программирование 4555,Текст про программирование должен быть больше 100 символов 4555
4556,3,2025-09-09 09:04:11.424700,Заголовок про программирование 4556,Текст про программирование должен быть больше 100 символов 4556
4557,3,2025-09-09 09:04:11.424701,Заголовок про программирование 4557,Текст про программирование должен быть больше 100 символов 4557
4558,1,2025-09-09 09:04:11.424702,Заголовок про программирование 4558,Текст про программирование должен быть больше 100 символов 4558
4559,1,2025-09-09 09:04:11.424703,Заголовок про программирование 4559,Текст про программирование должен быть больше 100 символов 4559
4560,2,2025-09-09 09:04:11.424704,Заголовок про программирование 4560,Текст про программирование должен быть больше 100 символов 4560
4561,3,2025-09-09 09:04:11.424705,Заголовок про программирование 4561,Текст про программирование должен быть больше 100 символов 4561
4562,1,2025-09-09 09:04:11.424706,Заголовок про программирование 4562,Текст про программирование должен быть больше 100 символов 4562
4563,1,2025-09-09 09:04:11.424707,Заголовок про программирование 4563,Текст про программирование должен быть больше 100 символов 4563
4564,1,2025-09-09 09:04:11.424708,Заголовок про программирование 4564,Текст про программирование должен быть больше 100 символов 4564
4565,2,2025-09-09 09:04:11.424709,Заголовок про программирование 4565,Текст про программирование должен быть больше 100 символов 4565
4566,3,2025-09-09 09:04:11.424710,Заголовок про программирование 4566,Текст про программирование должен быть больше 100 символов 4566
4567,1,2025-09-09 09:04:11.424711,Заголовок про программирование 4567,Текст про программирование должен быть больше 100 символов 4567
4568,3,2025-09-09 09:04:11.424712,Заголовок про программирование 4568,Текст про программирование должен быть больше 100 символов 4568
4569,1,2025-09-09 09:04:11.424713,Заголовок про программирование 4569,Текст про программирование должен быть больше 100 символов 4569
4570,3,2025-09-09 09:04:11.424714,Заголовок про программирование 4570,Текст про программирование должен быть больше 100 символов 4570
4571,2,2025-09-09 09:04:11.424715,Заголовок про программирование 4571,Текст про программирование должен быть больше 100 символов 4571
4572,3,2025-09-09 09:04:11.424716,Заголовок про программирование 4572,Текст про программирование должен быть больше 100 символов 4572
4573,2,2025-09-09 09:04:11.424717,Заголовок про программирование 4573,Текст про программирование должен быть больше 100 символов 4573
4574,2,2025-09-09 09:04:11.424718,Заголовок про программирование 4574,Текст про программирование должен быть больше 100 символов 4574
4575,1,2025-09-09 09:04:11.424719,Заголовок про программирование 4575,Текст про программирование должен быть больше 100 символов 4575
4576,1,2025-09-09 09:04:11.424720,Заголовок про программирование 4576,Текст про программирование должен быть больше 100 символов 4576
4577,1,2025-09-09 09:04:11.424721,Заголовок про программирование 4577,Текст про программирование должен быть больше 100 символов 4577
4578,3,2025-09-09 09:04:11.424722,Заголовок про программирование 4578,Текст про программирование должен быть больше 100 символов 4578
4579,2,2025-09-09 09:04:11.424723,Заголовок про программирование 4579,Текст про программирование должен быть больше 100 символов 4579
4580,1,2025-09-09 09:04:11.424724,Заголовок про программирование 4580,Текст про программирование должен быть больше 100 символов 4580
4581,1,2025-09-09 09:04:11.424725,Заголовок про программирование 4581,Текст про программирование должен быть больше 100 символов 4581
4582,1,2025-09-09 09:04:11.424726,Заголовок про программирование 4582,Текст про программирование должен быть больше 100 символов 4582
4583,1,2025-09-09 09:04:11.424727,Заголовок про программирование 4583,Текст про программирование должен быть больше 100 символов 4583
4584,2,2025-09-09 09:04:11.424728,Заголовок про программирование 4584,Текст про программирование должен быть больше 100 символов 4584
4585,1,2025-09-09 09:04:11.424729,Заголовок про программирование 4585,Текст про программирование должен быть больше 100 символов 4585
4586,3,2025-09-09 09:04:11.424730,Заголовок про программирование 4586,Текст про программирование должен быть больше 100 символов 4586
4587,2,2025-09-09 09:04:11.424731,Заголовок про программирование 4587,Текст про программирование должен быть больше 100 символов 4587
4588,1,2025-09-09 09:04:11.424732,Заголовок про программирование 4588,Текст про программирование должен быть больше 100 символов 4588
4589,1,2025-09-09 09:04:11.424733,Заголовок про программирование 4589,Текст про программирование должен быть больше 100 символов 4589
4590,1,2025-09-09 09:04:11.424734,Заголовок про программирование 4590,Текст про программирование должен быть больше 100 символов 4590
4591,3,2025-09-09 09:04:11.424735,Заголовок про программирование 4591,Текст про программирование должен быть больше 100 символов 4591
4592,1,2025-09-09 09:04:11.424736,Заголовок про программирование 4592,Текст про программирование должен быть больше 100 символов 4592
4593,2,2025-09-09 09:04:11.424737,Заголовок про программирование 4593,Текст про программирование должен быть больше 100 символов 4593
4594,3,2025-09-09 09:04:11.424738,Заголовок про программирование 4594,Текст про программирование должен быть больше 100 символов 4594
4595,1,2025-09-09 09:04:11.424739,Заголовок про программирование 4595,Текст про программирование должен быть больше 100 символов 4595
4596,1,2025-09-09 09:04:11.424740,Заголовок про программирование 4596,Текст про программирование должен быть больше 100 символов 4596
4597,2,2025-09-09 09:04:11.424741,Заголовок про программирование 4597,Текст про программирование должен быть больше 100 символов 4597
4598,3,2025-09-09 09:04:11.424742,Заголовок про программирование 4598,Текст про программирование должен быть больше 100 символов 4598
4599,3,2025-09-09 09:04:11.424743,Заголовок про программирование 4599,Текст про программирование должен быть больше 100 символов 4599
4600,3,2025-09-09 09:04:11.424744,Заголовок про программирование 4600,Текст про программирование должен быть больше 100 символов 4600
4601,1,2025-09-09 09:04:11.424745,Заголовок про программирование 4601,Текст про программирование должен быть больше 100 символов 4601
4602,1,2025-09-09 09:04:11.424746,Заголовок про программирование 4602,Текст про программирование должен быть больше 100 символов 4602
4603,2,2025-09-09 09:04:11.424747,Заголовок про программирование 4603,Текст про программирование должен быть больше 100 символов 4603
4604,1,2025-09-09 09:04:11.424748,Заголовок про программирование 4604,Текст про программирование должен быть больше 100 символов 4604
4605,2,2025-09-09 09:04:11.424749,Заголовок про программирование 4605,Текст про программирование должен быть больше 100 символов 4605
4606,1,2025-09-09 09:04:11.424750,Заголовок про программирование 4606,Текст про программирование должен быть больше 100 символов 4606
4607,2,2025-09-09 09:04:11.424751,Заголовок про программирование 4607,Текст про программирование должен быть больше 100 символов 4607
4608,3,2025-09-09 09:04:11.424752,Заголовок про программирование 4608,Текст про программирование должен быть больше 100 символов 4608
4609,2,2025-09-09 09:04:11.424753,Заголовок про программирование 4609,Текст про программирование должен быть больше 100 символов 4609
4610,3,2025-09-09 09:04:11.424754,Заголовок про программирование 4610,Текст про программирование должен быть больше 100 символов 4610
4611,3,2025-09-09 09:04:11.424755,Заголовок про программирование 4611,Текст про программирование должен быть больше 100 символов 4611
4612,2,2025-09-09 09:04:11.424756,Заголовок про программирование 4612,Текст про программирование должен быть больше 100 символов 4612
4613,1,2025-09-09 09:04:11.424757,Заголовок про программирование 4613,Текст про программирование должен быть больше 100 символов 4613
4614,3,2025-09-09 09:04:11.424758,Заголовок про программирование 4614,Текст про программирование должен быть больше 100 символов 4614
4615,2,2025-09-09 09:04:11.424759,Заголовок про программирование 4615,Текст про программирование должен быть больше 100 символов 4615
4616,2,2025-09-09 09:04:11.424760,Заголовок про программирование 4616,Текст про программирование должен быть больше 100 символов 4616
4617,3,2025-09-09 09:04:11.424761,Заголовок про программирование 4617,Текст про программирование должен быть больше 100 символов 4617
4618,2,2025-09-09 09:04:11.424762,Заголовок про программирование 4618,Текст про программирование должен быть больше 100 символов 4618
4619,3,2025-09-09 09:04:11.424763,Заголовок про программирование 4619,Текст про программирование должен быть больше 100 символов 4619
4620,2,2025-09-09 09:04:11.424764,Заголовок про программирование 4620,Текст про программирование должен быть больше 100 символов 4620
4621,3,2025-09-09 09:04:11.424765,Заголовок про программирование 4621,Текст про программирование должен быть больше 100 символов 4621
4622,2,2025-09-09 09:04:11.424766,Заголовок про программирование 4622,Текст про программирование должен быть больше 100 символов 4622
4623,1,2025-09-09 09:04:11.424767,Заголовок про программирование 4623,Текст про программирование должен быть больше 100 символов 4623
4624,1,2025-09-09 09:04:11.424768,Заголовок про программирование 4624,Текст про программирование должен быть больше 100 символов 4624
4625,2,2025-09-09 09:04:11.424769,Заголовок про программирование 4625,Текст про программирование должен быть больше 100 символов 4625
4626,1,2025-09-09 09:04:11.424770,Заголовок про программирование 4626,Текст про программирование должен быть больше 100 символов 4626
4627,3,2025-09-09 09:04:11.424771,Заголовок про программирование 4627,Текст про программирование должен быть больше 100 символов 4627
4628,2,2025-09-09 09:04:11.424772,Заголовок про программирование 4628,Текст про программирование должен быть больше 100 символов 4628
4629,1,2025-09-09 09:04:11.424773,Заголовок про программирование 4629,Текст про программирование должен быть больше 100 символов 4629
4630,1,2025-09-09 09:04:11.424774,Заголовок про программирование 4630,Текст про программирование должен быть больше 100 символов 4630
4631,1,2025-09-09 09:04:11.424775,Заголовок про программирование 4631,Текст про программирование должен быть больше 100 символов 4631
4632,1,2025-09-09 09:04:11.424776,Заголовок про программирование 4632,Текст про программирование должен быть больше 100 символов 4632
4633,1,2025-09-09 09:04:11.424777,Заголовок про программирование 4633,Текст про программирование должен быть больше 100 символов 4633
4634,3,2025-09-09 09:04:11.424778,Заголовок про программирование 4634,Текст про программирование должен быть больше 100 символов 4634
4635,1,2025-09-09 09:04:11.424779,Заголовок про программирование 4635,Текст про программирование должен быть больше 100 символов 4635
4636,1,2025-09-09 09:04:11.424780,Заголовок про программирование 4636,Текст про программирование должен быть больше 100 символов 4636
4637,3,2025-09-09 09:04:11.424781,Заголовок про программирование 4637,Текст про программирование должен быть больше 100 символов 4637
4638,1,2025-09-09 09:04:11.424782,Заголовок про программирование 4638,Текст про программирование должен быть больше 100 символов 4638
4639,3,2025-09-09 09:04:11.424783,Заголовок про программирование 4639,Текст про программирование должен быть больше 100 символов 4639
4640,1,2025-09-09 09:04:11.424784,Заголовок про программирование 4640,Текст про программирование должен быть больше 100 символов 4640
4641,2,2025-09-09 09:04:11.424785,Заголовок про программирование 4641,Текст про программирование должен быть больше 100 символов 4641
4642,2,2025-09-09 09:04:11.424786,Заголовок про программирование 4642,Текст про программирование должен быть больше 100 символов 4642
4643,2,2025-09-09 09:04:11.424787,Заголовок про программирование 4643,Текст про программирование должен быть больше 100 символов 4643
4644,2,2025-09-09 09:04:11.424788,Заголовок про программирование 4644,Текст про программирование должен быть больше 100 символов 4644
4645,1,2025-09-09 09:04:11.424789,Заголовок про программирование 4645,Текст про программирование должен быть больше 100 символов 4645
4646,2,2025-09-09 09:04:11.424790,Заголовок про программирование 4646,Текст про программирование должен быть больше 100 символов 4646
4647,1,2025-09-09 09:04:11.424791,Заголовок про программирование 4647,Текст про программирование должен быть больше 100 символов 4647
4648,3,2025-09-09 09:04:11.424792,Заголовок про программирование 4648,Текст про программирование должен быть больше 100 символов 4648
4649,1,2025-09-09 09:04:11.424793,Заголовок про программирование 4649,Текст про программирование должен быть больше 100 символов 4649
4650,2,2025-09-09 09:04:11.424794,Заголовок про программирование 4650,Текст про программирование должен быть больше 100 символов 4650
4651,3,2025-09-09 09:04:11.424795,Заголовок про программирование 4651,Текст про программирование должен быть больше 100 символов 4651
4652,3,2025-09-09 09:04:11.424796,Заголовок про программирование 4652,Текст про программирование должен быть больше 100 символов 4652
4653,3,2025-09-09 09:04:11.424797,Заголовок про программирование 4653,Текст про программирование должен быть больше 100 символов 4653
4654,3,2025-09-09 09:04:11.424798,Заголовок про программирование 4654,Текст про программирование должен быть больше 100 символов 4654
4655,2,2025-09-09 09:04:11.424799,Заголовок про программирование 4655,Текст про программирование должен быть больше 100 символов 4655
4656,2,2025-09-09 09:04:11.424800,Заголовок про программирование 4656,Текст про программирование должен быть больше 100 символов 4656
4657,2,2025-09-09 09:04:11.424801,Заголовок про программирование 4657,Текст про программирование должен быть больше 100 символов 4657
4658,2,2025-09-09 09:04:11.424802,Заголовок про программирование 4658,Текст про программирование должен быть больше 100 символов 4658
4659,1,2025-09-09 09:04:11.424803,Заголовок про программирование 4659,Текст про программирование должен быть больше 100 символов 4659
4660,2,2025-09-09 09:04:11.424804,Заголовок про программирование 4660,Текст про программирование должен быть больше 100 символов 4660
4661,2,2025-09-09 09:04:11.424805,Заголовок про программирование 4661,Текст про программирование должен быть больше 100 символов 4661
4662,3,2025-09-09 09:04:11.424806,Заголовок про программирование 4662,Текст про программирование должен быть больше 100 символов 4662
4663,2,2025-09-09 09:04:11.424807,Заголовок про программирование 4663,Текст про программирование должен быть больше 100 символов 4663
4664,3,2025-09-09 09:04:11.424808,Заголовок про программирование 4664,Текст про программирование должен быть больше 100 символов 4664
4665,3,2025-09-09 09:04:11.424809,Заголовок про программирование 4665,Текст про программирование должен быть больше 100 символов 4665
4666,2,2025-09-09 09:04:11.424810,Заголовок про программирование 4666,Текст про программирование должен быть больше 100 символов 4666
4667,2,2025-09-09 09:04:11.424811,Заголовок про программирование 4667,Текст про программирование должен быть больше 100 символов 4667
4668,3,2025-09-09 09:04:11.424812,Заголовок про программирование 4668,Текст про программирование должен быть больше 100 символов 4668
4669,2,2025-09-09 09:04:11.424813,Заголовок про программирование 4669,Текст про программирование должен быть больше 100 символов 4669
4670,2,2025-09-09 09:04:11.424814,Заголовок про программирование 4670,Текст про программирование должен быть больше 100 символов 4670
4671,1,2025-09-09 09:04:11.424815,Заголовок про программирование 4671,Текст про программирование должен быть больше 100 символов 4671
4672,2,2025-09-09 09:04:11.424816,Заголовок про программирование 4672,Текст про программирование должен быть больше 100 символов 4672
4673,2,2025-09-09 09:04:11.424817,Заголовок про программирование 4673,Текст про программирование должен быть больше 100 символов 4673
4674,3,2025-09-09 09:04:11.424818,Заголовок про программирование 4674,Текст про программирование должен быть больше 100 символов 4674
4675,3,2025-09-09 09:04:11.424819,Заголовок про программирование 4675,Текст про программирование должен быть больше 100 символов 4675
4676,3,2025-09-09 09:04:11.424820,Заголовок про программирование 4676,Текст про программирование должен быть больше 100 символов 4676
4677,1,2025-09-09 09:04:11.424821,Заголовок про программирование 4677,Текст про программирование должен быть больше 100 символов 4677
4678,1,2025-09-09 09:04:11.424822,Заголовок про программирование 4678,Текст про программирование должен быть больше 100 символов 4678
4679,1,2025-09-09 09:04:11.424823,Заголовок про программирование 4679,Текст про программирование должен быть больше 100 символов 4679
4680,3,2025-09-09 09:04:11.424824,Заголовок про программирование 4680,Текст про программирование должен быть больше 100 символов 4680
4681,1,2025-09-09 09:04:11.424825,Заголовок про программирование 4681,Текст про программирование должен быть больше 100 символов 4681
4682,3,2025-09-09 09:04:11.424826,Заголовок про программирование 4682,Текст про программирование должен быть больше 100 символов 4682
4683,3,2025-09-09 09:04:11.424827,Заголовок про программирование 4683,Текст про программирование должен быть больше 100 символов 4683
4684,3,2025-09-09 09:04:11.424828,Заголовок про программирование 4684,Текст про программирование должен быть больше 100 символов 4684
4685,1,2025-09-09 09:04:11.424829,Заголовок про программирование 4685,Текст про программирование должен быть больше 100 символов 4685
4686,2,2025-09-09 09:04:11.424830,Заголовок про программирование 4686,Текст про программирование должен быть больше 100 символов 4686
4687,3,2025-09-09 09:04:11.424831,Заголовок про программирование 4687,Текст про программирование должен быть больше 100 символов 4687
4688,1,2025-09-09 09:04:11.424832,Заголовок про программирование 4688,Текст про программирование должен быть больше 100 символов 4688
4689,3,2025-09-09 09:04:11.424833,Заголовок про программирование 4689,Текст про программирование должен быть больше 100 символов 4689
4690,1,2025-09-09 09:04:11.424834,Заголовок про программирование 4690,Текст про программирование должен быть больше 100 символов 4690
4691,3,2025-09-09 09:04:11.424835,Заголовок про программирование 4691,Текст про программирование должен быть больше 100 символов 4691
4692,3,2025-09-09 09:04:11.424836,Заголовок про программирование 4692,Текст про программирование должен быть больше 100 символов 4692
4693,2,2025-09-09 09:04:11.424837,Заголовок про программирование 4693,Текст про программирование должен быть больше 100 символов 4693
4694,2,2025-09-09 09:04:11.424838,Заголовок про программирование 4694,Текст про программирование должен быть больше 100 символов 4694
4695,3,2025-09-09 09:04:11.424839,Заголовок про программирование 4695,Текст про программирование должен быть больше 100 символов 4695
4696,2,2025-09-09 09:04:11.424840,Заголовок про программирование 4696,Текст про программирование должен быть больше 100 символов 4696
4697,2,2025-09-09 09:04:11.424841,Заголовок про программирование 4697,Текст про программирование должен быть больше 100 символов 4697
4698,3,2025-09-09 09:04:11.424842,Заголовок про программирование 4698,Текст про программирование должен быть больше 100 символов 4698
4699,2,2025-09-09 09:04:11.424843,Заголовок про программирование 4699,Текст про программирование должен быть больше 100 символов 4699
4700,2,2025-09-09 09:04:11.424844,Заголовок про программирование 4700,Текст про программирование должен быть больше 100 символов 4700
4701,1,2025-09-09 09:04:11.424845,Заголовок про программирование 4701,Текст про программирование должен быть больше 100 символов 4701
4702,1,2025-09-09 09:04:11.424846,Заголовок про программирование 4702,Текст про программирование должен быть больше 100 символов 4702
4703,3,2025-09-09 09:04:11.424847,Заголовок про программирование 4703,Текст про программирование должен быть больше 100 символов 4703
4704,3,2025-09-09 09:04:11.424848,Заголовок про программирование 4704,Текст про программирование должен быть больше 100 символов 4704
4705,2,2025-09-09 09:04:11.424849,Заголовок про программирование 4705,Текст про программирование должен быть больше 100 символов 4705
4706,3,2025-09-09 09:04:11.424850,Заголовок про программирование 4706,Текст про программирование должен быть больше 100 символов 4706
4707,1,2025-09-09 09:04:11.424851,Заголовок про программирование 4707,Текст про программирование должен быть больше 100 символов 4707
4708,1,2025-09-09 09:04:11.424852,Заголовок про программирование 4708,Текст про программирование должен быть больше 100 символов 4708
4709,3,2025-09-09 09:04:11.424853,Заголовок про программирование 4709,Текст про программирование должен быть больше 100 символов 4709
4710,3,2025-09-09 09:04:11.424854,Заголовок про программирование 4710,Текст про программирование должен быть больше 100 символов 4710
4711,1,2025-09-09 09:04:11.424855,Заголовок про программирование 4711,Текст про программирование должен быть больше 100 символов 4711
4712,3,2025-09-09 09:04:11.424856,Заголовок про программирование 4712,Текст про программирование должен быть больше 100 символов 4712
4713,3,2025-09-09 09:04:11.424857,Заголовок про программирование 4713,Текст про программирование должен быть больше 100 символов 4713
4714,3,2025-09-09 09:04:11.424858,Заголовок про программирование 4714,Текст про программирование должен быть больше 100 символов 4714
4715,1,2025-09-09 09:04:11.424859,Заголовок про программирование 4715,Текст про программирование должен быть больше 100 символов 4715
4716,3,2025-09-09 09:04:11.424860,Заголовок про программирование 4716,Текст про программирование должен быть больше 100 символов 4716
4717,2,2025-09-09 09:04:11.424861,Заголовок про программирование 4717,Текст про программирование должен быть больше 100 символов 4717
4718,3,2025-09-09 09:04:11.424862,Заголовок про программирование 4718,Текст про программирование должен быть больше 100 символов 4718
4719,2,2025-09-09 09:04:11.424863,Заголовок про программирование 4719,Текст про программирование должен быть больше 100 символов 4719
4720,2,2025-09-09 09:04:11.424864,Заголовок про программирование 4720,Текст про программирование должен быть больше 100 символов 4720
4721,3,2025-09-09 09:04:11.424865,Заголовок про программирование 4721,Текст про программирование должен быть больше 100 символов 4721
4722,3,2025-09-09 09:04:11.424866,Заголовок про программирование 4722,Текст про программирование должен быть больше 100 символов 4722
4723,2,2025-09-09 09:04:11.424867,Заголовок про программирование 4723,Текст про программирование должен быть больше 100 символов 4723
4724,1,2025-09-09 09:04:11.424868,Заголовок про программирование 4724,Текст про программирование должен быть больше 100 символов 4724
4725,1,2025-09-09 09:04:11.424869,Заголовок про программирование 4725,Текст про программирование должен быть больше 100 символов 4725
4726,3,2025-09-09 09:04:11.424870,Заголовок про программирование 4726,Текст про программирование должен быть больше 100 символов 4726
4727,2,2025-09-09 09:04:11.424871,Заголовок про программирование 4727,Текст про программирование должен быть больше 100 символов 4727
4728,2,2025-09-09 09:04:11.424872,Заголовок про программирование 4728,Текст про программирование должен быть больше 100 символов 4728
4729,3,2025-09-09 09:04:11.424873,Заголовок про программирование 4729,Текст про программирование должен быть больше 100 символов 4729
4730,1,2025-09-09 09:04:11.424874,Заголовок про программирование 4730,Текст про программирование должен быть больше 100 символов 4730
4731,1,2025-09-09 09:04:11.424875,Заголовок про программирование 4731,Текст про программирование должен быть больше 100 символов 4731
4732,3,2025-09-09 09:04:11.424876,Заголовок про программирование 4732,Текст про программирование должен быть больше 100 символов 4732
4733,1,2025-09-09 09:04:11.424877,Заголовок про программирование 4733,Текст про программирование должен быть больше 100 символов 4733
4734,2,2025-09-09 09:04:11.424878,Заголовок про программирование 4734,Текст про программирование должен быть больше 100 символов 4734
4735,1,2025-09-09 09:04:11.424879,Заголовок про программирование 4735,Текст про программирование должен быть больше 100 символов 4735
4736,3,2025-09-09 09:04:11.424880,Заголовок про программирование 4736,Текст про программирование должен быть больше 100 символов 4736
4737,2,2025-09-09 09:04:11.424881,Заголовок про программирование 4737,Текст про программирование должен быть больше 100 символов 4737
4738,1,2025-09-09 09:04:11.424882,Заголовок про программирование 4738,Текст про программирование должен быть больше 100 символов 4738
4739,3,2025-09-09 09:04:11.424883,Заголовок про программирование 4739,Текст про программирование должен быть больше 100 символов 4739
4740,3,2025-09-09 09:04:11.424884,Заголовок про программирование 4740,Текст про программирование должен быть больше 100 символов 4740
4741,2,2025-09-09 09:04:11.424885,Заголовок про программирование 4741,Текст про программирование должен быть больше 100 символов 4741
4742,1,2025-09-09 09:04:11.424886,Заголовок про программирование 4742,Текст про программирование должен быть больше 100 символов 4742
4743,3,2025-09-09 09:04:11.424887,Заголовок про программирование 4743,Текст про программирование должен быть больше 100 символов 4743
4744,1,2025-09-09 09:04:11.424888,Заголовок про программирование 4744,Текст про программирование должен быть больше 100 символов 4744
4745,1,2025-09-09 09:04:11.424889,Заголовок про программирование 4745,Текст про программирование должен быть больше 100 символов 4745
4746,2,2025-09-09 09:04:11.424890,Заголовок про программирование 4746,Текст про программирование должен быть больше 100 символов 4746
4747,1,2025-09-09 09:04:11.424891,Заголовок про программирование 4747,Текст про программирование должен быть больше 100 символов 4747
4748,3,2025-09-09 09:04:11.424892,Заголовок про программирование 4748,Текст про программирование должен быть больше 100 символов 4748
4749,3,2025-09-09 09:04:11.424893,Заголовок про программирование 4749,Текст про программирование должен быть больше 100 символов 4749
4750,3,2025-09-09 09:04:11.424894,Заголовок про программирование 4750,Текст про программирование должен быть больше 100 символов 4750
4751,2,2025-09-09 09:04:11.424895,Заголовок про программирование 4751,Текст про программирование должен быть больше 100 символов 4751
4752,3,2025-09-09 09:04:11.424896,Заголовок про программирование 4752,Текст про программирование должен быть больше 100 символов 4752
4753,2,2025-09-09 09:04:11.424897,Заголовок про программирование 4753,Текст про программирование должен быть больше 100 символов 4753
4754,3,2025-09-09 09:04:11.424898,Заголовок про программирование 4754,Текст про программирование должен быть больше 100 символов 4754
4755,2,2025-09-09 09:04:11.424899,Заголовок про программирование 4755,Текст про программирование должен быть больше 100 символов 4755
4756,2,2025-09-09 09:04:11.424900,Заголовок про программирование 4756,Текст про программирование должен быть больше 100 символов 4756
4757,1,2025-09-09 09:04:11.424901,Заголовок про программирование 4757,Текст про программирование должен быть больше 100 символов 4757
4758,2,2025-09-09 09:04:11.424902,Заголовок про программирование 4758,Текст про программирование должен быть больше 100 символов 4758
4759,2,2025-09-09 09:04:11.424903,Заголовок про программирование 4759,Текст про программирование должен быть больше 100 символов 4759
4760,1,2025-09-09 09:04:11.424904,Заголовок про программирование 4760,Текст про программирование должен быть больше 100 символов 4760
4761,2,2025-09-09 09:04:11.424905,Заголовок про программирование 4761,Текст про программирование должен быть больше 100 символов 4761
4762,2,2025-09-09 09:04:11.424906,Заголовок про программирование 4762,Текст про программирование должен быть больше 100 символов 4762
4763,1,2025-09-09 09:04:11.424907,Заголовок про программирование 4763,Текст про программирование должен быть больше 100 символов 4763
4764,2,2025-09-09 09:04:11.424908,Заголовок про программирование 4764,Текст про программирование должен быть больше 100 символов 4764
4765,3,2025-09-09 09:04:11.424909,Заголовок про программирование 4765,Текст про программирование должен быть больше 100 символов 4765
4766,2,2025-09-09 09:04:11.424910,Заголовок про программирование 4766,Текст про программирование должен быть больше 100 символов 4766
4767,2,2025-09-09 09:04:11.424911,Заголовок про программирование 4767,Текст про программирование должен быть больше 100 символов 4767
4768,2,2025-09-09 09:04:11.424912,Заголовок про программирование 4768,Текст про программирование должен быть больше 100 символов 4768
4769,3,2025-09-09 09:04:11.424913,Заголовок про программирование 4769,Текст про программирование должен быть больше 100 символов 4769
4770,2,2025-09-09 09:04:11.424914,Заголовок про программирование 4770,Текст про программирование должен быть больше 100 символов 4770
4771,3,2025-09-09 09:04:11.424915,Заголовок про программирование 4771,Текст про программирование должен быть больше 100 символов 4771
4772,2,2025-09-09 09:04:11.424916,Заголовок про программирование 4772,Текст про программирование должен быть больше 100 символов 4772
4773,3,2025-09-09 09:04:11.424917,Заголовок про программирование 4773,Текст про программирование должен быть больше 100 символов 4773
4774,3,2025-09-09 09:04:11.424918,Заголовок про программирование 4774,Текст про программирование должен быть больше 100 символов 4774
4775,3,2025-09-09 09:04:11.424919,Заголовок про программирование 4775,Текст про программирование должен быть больше 100 символов 4775
4776,3,2025-09-09 09:04:11.424920,Заголовок про программирование 4776,Текст про программирование должен быть больше 100 символов 4776
4777,2,2025-09-09 09:04:11.424921,Заголовок про программирование 4777,Текст про программирование должен быть больше 100 символов 4777
4778,1,2025-09-09 09:04:11.424922,Заголовок про программирование 4778,Текст про программирование должен быть больше 100 символов 4778
4779,3,2025-09-09 09:04:11.424923,Заголовок про программирование 4779,Текст про программирование должен быть больше 100 символов 4779
4780,2,2025-09-09 09:04:11.424924,Заголовок про программирование 4780,Текст про программирование должен быть больше 100 символов 4780
4781,2,2025-09-09 09:04:11.424925,Заголовок про программирование 4781,Текст про программирование должен быть больше 100 символов 4781
4782,2,2025-09-09 09:04:11.424926,Заголовок про программирование 4782,Текст про программирование должен быть больше 100 символов 4782
4783,3,2025-09-09 09:04:11.424927,Заголовок про программирование 4783,Текст про программирование должен быть больше 100 символов 4783
4784,2,2025-09-09 09:04:11.424928,Заголовок про программирование 4784,Текст про программирование должен быть больше 100 символов 4784
4785,1,2025-09-09 09:04:11.424929,Заголовок про программирование 4785,Текст про программирование должен быть больше 100 символов 4785
4786,1,2025-09-09 09:04:11.424930,Заголовок про программирование 4786,Текст про программирование должен быть больше 100 символов 4786
4787,1,2025-09-09 09:04:11.424931,Заголовок про программирование 4787,Текст про программирование должен быть больше 100 символов 4787
4788,3,2025-09-09 09:04:11.424932,Заголовок про программирование 4788,Текст про программирование должен быть больше 100 символов 4788
4789,2,2025-09-09 09:04:11.424933,Заголовок про программирование 4789,Текст про программирование должен быть больше 100 символов 4789
4790,1,2025-09-09 09:04:11.424934,Заголовок про программирование 4790,Текст про программирование должен быть больше 100 символов 4790
4791,2,2025-09-09 09:04:11.424935,Заголовок про программирование 4791,Текст про программирование должен быть больше 100 символов 4791
4792,1,2025-09-09 09:04:11.424936,Заголовок про программирование 4792,Текст про программирование должен быть больше 100 символов 4792
4793,3,2025-09-09 09:04:11.424937,Заголовок про программирование 4793,Текст про программирование должен быть больше 100 символов 4793
4794,3,2025-09-09 09:04:11.424938,Заголовок про программирование 4794,Текст про программирование должен быть больше 100 символов 4794
4795,2,2025-09-09 09:04:11.424939,Заголовок про программирование 4795,Текст про программирование должен быть больше 100 символов 4795
4796,3,2025-09-09 09:04:11.424940,Заголовок про программирование 4796,Текст про программирование должен быть больше 100 символов 4796
4797,2,2025-09-09 09:04:11.424941,Заголовок про программирование 4797,Текст про программирование должен быть больше 100 символов 4797
4798,2,2025-09-09 09:04:11.424942,Заголовок про программирование 4798,Текст про программирование должен быть больше 100 символов 4798
4799,2,2025-09-09 09:04:11.424943,Заголовок про программирование 4799,Текст про программирование должен быть больше 100 символов 4799
4800,3,2025-09-09 09:04:11.424944,Заголовок про программирование 4800,Текст про программирование должен быть больше 100 символов 4800
4801,3,2025-09-09 09:04:11.424945,Заголовок про программирование 4801,Текст про программирование должен быть больше 100 символов 4801
4802,1,2025-09-09 09:04:11.424946,Заголовок про программирование 4802,Текст про программирование должен быть больше 100 символов 4802
4803,2,2025-09-09 09:04:11.424947,Заголовок про программирование 4803,Текст про программирование должен быть больше 100 символов 4803
4804,2,2025-09-09 09:04:11.424948,Заголовок про программирование 4804,Текст про программирование должен быть больше 100 символов 4804
4805,3,2025-09-09 09:04:11.424949,Заголовок про программирование 4805,Текст про программирование должен быть больше 100 символов 4805
4806,2,2025-09-09 09:04:11.424950,Заголовок про программирование 4806,Текст про программирование должен быть больше 100 символов 4806
4807,1,2025-09-09 09:04:11.424951,Заголовок про программирование 4807,Текст про программирование должен быть больше 100 символов 4807
4808,2,2025-09-09 09:04:11.424952,Заголовок про программирование 4808,Текст про программирование должен быть больше 100 символов 4808
4809,1,2025-09-09 09:04:11.424953,Заголовок про программирование 4809,Текст про программирование должен быть больше 100 символов 4809
4810,3,2025-09-09 09:04:11.424954,Заголовок про программирование 4810,Текст про программирование должен быть больше 100 символов 4810
4811,2,2025-09-09 09:04:11.424955,Заголовок про программирование 4811,Текст про программирование должен быть больше 100 символов 4811
4812,2,2025-09-09 09:04:11.424956,Заголовок про программирование 4812,Текст про программирование должен быть больше 100 символов 4812
4813,1,2025-09-09 09:04:11.424957,Заголовок про программирование 4813,Текст про программирование должен быть больше 100 символов 4813
4814,3,2025-09-09 09:04:11.424958,Заголовок про программирование 4814,Текст про программирование должен быть больше 100 символов 4814
4815,1,2025-09-09 09:04:11.424959,Заголовок про программирование 4815,Текст про программирование должен быть больше 100 символов 4815
4816,2,2025-09-09 09:04:11.424960,Заголовок про программирование 4816,Текст про программирование должен быть больше 100 символов 4816
4817,3,2025-09-09 09:04:11.424961,Заголовок про программирование 4817,Текст про программирование должен быть больше 100 символов 4817
4818,1,2025-09-09 09:04:11.424962,Заголовок про программирование 4818,Текст про программирование должен быть больше 100 символов 4818
4819,2,2025-09-09 09:04:11.424963,Заголовок про программирование 4819,Текст про программирование должен быть больше 100 символов 4819
4820,2,2025-09-09 09:04:11.424964,Заголовок про программирование 4820,Текст про программирование должен быть больше 100 символов 4820
4821,1,2025-09-09 09:04:11.424965,Заголовок про программирование 4821,Текст про программирование должен быть больше 100 символов 4821
4822,1,2025-09-09 09:04:11.424966,Заголовок про программирование 4822,Текст про программирование должен быть больше 100 символов 4822
4823,3,2025-09-09 09:04:11.424967,Заголовок про программирование 4823,Текст про программирование должен быть больше 100 символов 4823
4824,1,2025-09-09 09:04:11.424968,Заголовок про программирование 4824,Текст про программирование должен быть больше 100 символов 4824
4825,3,2025-09-09 09:04:11.424969,Заголовок про программирование 4825,Текст про программирование должен быть больше 100 символов 4825
4826,2,2025-09-09 09:04:11.424970,Заголовок про программирование 4826,Текст про программирование должен быть больше 100 символов 4826
4827,2,2025-09-09 09:04:11.424971,Заголовок про программирование 4827,Текст про программирование должен быть больше 100 символов 4827
4828,2,2025-09-09 09:04:11.424972,Заголовок про программирование 4828,Текст про программирование должен быть больше 100 символов 4828
4829,1,2025-09-09 09:04:11.424973,Заголовок про программирование 4829,Текст про программирование должен быть больше 100 символов 4829
4830,2,2025-09-09 09:04:11.424974,Заголовок про программирование 4830,Текст про программирование должен быть больше 100 символов 4830
4831,1,2025-09-09 09:04:11.424975,Заголовок про программирование 4831,Текст про программирование должен быть больше 100 символов 4831
4832,1,2025-09-09 09:04:11.424976,Заголовок про программирование 4832,Текст про программирование должен быть больше 100 символов 4832
4833,1,2025-09-09 09:04:11.424977,Заголовок про программирование 4833,Текст про программирование должен быть больше 100 символов 4833
4834,1,2025-09-09 09:04:11.424978,Заголовок про программирование 4834,Текст про программирование должен быть больше 100 символов 4834
4835,3,2025-09-09 09:04:11.424979,Заголовок про программирование 4835,Текст про программирование должен быть больше 100 символов 4835
4836,3,2025-09-09 09:04:11.424980,Заголовок про программирование 4836,Текст про программирование должен быть больше 100 символов 4836
4837,2,2025-09-09 09:04:11.424981,Заголовок про программирование 4837,Текст про программирование должен быть больше 100 символов 4837
4838,1,2025-09-09 09:04:11.424982,Заголовок про программирование 4838,Текст про программирование должен быть больше 100 символов 4838
4839,2,2025-09-09 09:04:11.424983,Заголовок про программирование 4839,Текст про программирование должен быть больше 100 символов 4839
4840,1,2025-09-09 09:04:11.424984,Заголовок про программирование 4840,Текст про программирование должен быть больше 100 символов 4840
4841,3,2025-09-09 09:04:11.424985,Заголовок про программирование 4841,Текст про программирование должен быть больше 100 символов 4841
4842,3,2025-09-09 09:04:11.424986,Заголовок про программирование 4842,Текст про программирование должен быть больше 100 символов 4842
4843,1,2025-09-09 09:04:11.424987,Заголовок про программирование 4843,Текст про программирование должен быть больше 100 символов 4843
4844,2,2025-09-09 09:04:11.424988,Заголовок про программирование 4844,Текст про программирование должен быть больше 100 символов 4844
4845,3,2025-09-09 09:04:11.424989,Заголовок про программирование 4845,Текст про программирование должен быть больше 100 символов 4845
4846,2,2025-09-09 09:04:11.424990,Заголовок про программирование 4846,Текст про программирование должен быть больше 100 символов 4846
4847,2,2025-09-09 09:04:11.424991,Заголовок про программирование 4847,Текст про программирование должен быть больше 100 символов 4847
4848,2,2025-09-09 09:04:11.424992,Заголовок про программирование 4848,Текст про программирование должен быть больше 100 символов 4848
4849,2,2025-09-09 09:04:11.424993,Заголовок про программирование 4849,Текст про программирование должен быть больше 100 символов 4849
4850,3,2025-09-09 09:04:11.424994,Заголовок про программирование 4850,Текст про программирование должен быть больше 100 символов 4850
4851,3,2025-09-09 09:04:11.424995,Заголовок про программирование 4851,Текст про программирование должен быть больше 100 символов 4851
4852,2,2025-09-09 09:04:11.424996,Заголовок про программирование 4852,Текст про программирование должен быть больше 100 символов 4852
4853,3,2025-09-09 09:04:11.424997,Заголовок про программирование 4853,Текст про программирование должен быть больше 100 символов 4853
4854,3,2025-09-09 09:04:11.424998,Заголовок про программирование 4854,Текст про программирование должен быть больше 100 символов 4854
4855,3,2025-09-09 09:04:11.424999,Заголовок про программирование 4855,Текст про программирование должен быть больше 100 символов 4855
4856,1,2025-09-09 09:04:11.425000,Заголовок про программирование 4856,Текст про программирование должен быть больше 100 символов 4856
4857,1,2025-09-09 09:04:11.425001,Заголовок про программирование 4857,Текст про программирование должен быть больше 100 символов 4857
4858,3,2025-09-09 09:04:11.425002,Заголовок про программирование 4858,Текст про программирование должен быть больше 100 символов 4858
4859,2,2025-09-09 09:04:11.425003,Заголовок про программирование 4859,Текст про программирование должен быть больше 100 символов 4859
4860,2,2025-09-09 09:04:11.425004,Заголовок про программирование 4860,Текст про программирование должен быть больше 100 символов 4860
4861,1,2025-09-09 09:04:11.425005,Заголовок про программирование 4861,Текст про программирование должен быть больше 100 символов 4861
4862,3,2025-09-09 09:04:11.425006,Заголовок про программирование 4862,Текст про программирование должен быть больше 100 символов 4862
4863,1,2025-09-09 09:04:11.425007,Заголовок про программирование 4863,Текст про программирование должен быть больше 100 символов 4863
4864,3,2025-09-09 09:04:11.425008,Заголовок про программирование 4864,Текст про программирование должен быть больше 100 символов 4864
4865,2,2025-09-09 09:04:11.425009,Заголовок про программирование 4865,Текст про программирование должен быть больше 100 символов 4865
4866,1,2025-09-09 09:04:11.425010,Заголовок про программирование 4866,Текст про программирование должен быть больше 100 символов 4866
4867,2,2025-09-09 09:04:11.425011,Заголовок про программирование 4867,Текст про программирование должен быть больше 100 символов 4867
4868,2,2025-09-09 09:04:11.425012,Заголовок про программирование 4868,Текст про программирование должен быть больше 100 символов 4868
4869,1,2025-09-09 09:04:11.425013,Заголовок про программирование 4869,Текст про программирование должен быть больше 100 символов 4869
4870,2,2025-09-09 09:04:11.425014,Заголовок про программирование 4870,Текст про программирование должен быть больше 100 символов 4870
4871,3,2025-09-09 09:04:11.425015,Заголовок про программирование 4871,Текст про программирование должен быть больше 100 символов 4871
4872,2,2025-09-09 09:04:11.425016,Заголовок про программирование 4872,Текст про программирование должен быть больше 100 символов 4872
4873,2,2025-09-09 09:04:11.425017,Заголовок про программирование 4873,Текст про программирование должен быть больше 100 символов 4873
4874,3,2025-09-09 09:04:11.425018,Заголовок про программирование 4874,Текст про программирование должен быть больше 100 символов 4874
4875,2,2025-09-09 09:04:11.425019,Заголовок про программирование 4875,Текст про программирование должен быть больше 100 символов 4875
4876,2,2025-09-09 09:04:11.425020,Заголовок про программирование 4876,Текст про программирование должен быть больше 100 символов 4876
4877,1,2025-09-09 09:04:11.425021,Заголовок про программирование 4877,Текст про программирование должен быть больше 100 символов 4877
4878,2,2025-09-09 09:04:11.425022,Заголовок про программирование 4878,Текст про программирование должен быть больше 100 символов 4878
4879,1,2025-09-09 09:04:11.425023,Заголовок про программирование 4879,Текст про программирование должен быть больше 100 символов 4879
4880,1,2025-09-09 09:04:11.425024,Заголовок про программирование 4880,Текст про программирование должен быть больше 100 символов 4880
4881,3,2025-09-09 09:04:11.425025,Заголовок про программирование 4881,Текст про программирование должен быть больше 100 символов 4881
4882,2,2025-09-09 09:04:11.425026,Заголовок про программирование 4882,Текст про программирование должен быть больше 100 символов 4882
4883,3,2025-09-09 09:04:11.425027,Заголовок про программирование 4883,Текст про программирование должен быть больше 100 символов 4883
4884,1,2025-09-09 09:04:11.425028,Заголовок про программирование 4884,Текст про программирование должен быть больше 100 символов 4884
4885,1,2025-09-09 09:04:11.425029,Заголовок про программирование 4885,Текст про программирование должен быть больше 100 символов 4885
4886,2,2025-09-09 09:04:11.425030,Заголовок про программирование 4886,Текст про программирование должен быть больше 100 символов 4886
4887,2,2025-09-09 09:04:11.425031,Заголовок про программирование 4887,Текст про программирование должен быть больше 100 символов 4887
4888,2,2025-09-09 09:04:11.425032,Заголовок про программирование 4888,Текст про программирование должен быть больше 100 символов 4888
4889,3,2025-09-09 09:04:11.425033,Заголовок про программирование 4889,Текст про программирование должен быть больше 100 символов 4889
4890,1,2025-09-09 09:04:11.425034,Заголовок про программирование 4890,Текст про программирование должен быть больше 100 символов 4890
4891,1,2025-09-09 09:04:11.425035,Заголовок про программирование 4891,Текст про программирование должен быть больше 100 символов 4891
4892,1,2025-09-09 09:04:11.425036,Заголовок про программирование 4892,Текст про программирование должен быть больше 100 символов 4892
4893,2,2025-09-09 09:04:11.425037,Заголовок про программирование 4893,Текст про программирование должен быть больше 100 символов 4893
4894,1,2025-09-09 09:04:11.425038,Заголовок про программирование 4894,Текст про программирование должен быть больше 100 символов 4894
4895,3,2025-09-09 09:04:11.425039,Заголовок про программирование 4895,Текст про программирование должен быть больше 100 символов 4895
4896,1,2025-09-09 09:04:11.425040,Заголовок про программирование 4896,Текст про программирование должен быть больше 100 символов 4896
4897,2,2025-09-09 09:04:11.425041,Заголовок про программирование 4897,Текст про программирование должен быть больше 100 символов 4897
4898,1,2025-09-09 09:04:11.425042,Заголовок про программирование 4898,Текст про программирование должен быть больше 100 символов 4898
4899,2,2025-09-09 09:04:11.425043,Заголовок про программирование 4899,Текст про программирование должен быть больше 100 символов 4899
4900,3,2025-09-09 09:04:11.425044,Заголовок про программирование 4900,Текст про программирование должен быть больше 100 символов 4900
4901,3,2025-09-09 09:04:11.425045,Заголовок про программирование 4901,Текст про программирование должен быть больше 100 символов 4901
4902,3,2025-09-09 09:04:11.425046,Заголовок про программирование 4902,Текст про программирование должен быть больше 100 символов 4902
4903,3,2025-09-09 09:04:11.425047,Заголовок про программирование 4903,Текст про программирование должен быть больше 100 символов 4903
4904,2,2025-09-09 09:04:11.425048,Заголовок про программирование 4904,Текст про программирование должен быть больше 100 символов 4904
4905,2,2025-09-09 09:04:11.425049,Заголовок про программирование 4905,Текст про программирование должен быть больше 100 символов 4905
4906,2,2025-09-09 09:04:11.425050,Заголовок про программирование 4906,Текст про программирование должен быть больше 100 символов 4906
4907,1,2025-09-09 09:04:11.425051,Заголовок про программирование 4907,Текст про программирование должен быть больше 100 символов 4907
4908,2,2025-09-09 09:04:11.425052,Заголовок про программирование 4908,Текст про программирование должен быть больше 100 символов 4908
4909,2,2025-09-09 09:04:11.425053,Заголовок про программирование 4909,Текст про программирование должен быть больше 100 символов 4909
4910,3,2025-09-09 09:04:11.425054,Заголовок про программирование 4910,Текст про программирование должен быть больше 100 символов 4910
4911,3,2025-09-09 09:04:11.425055,Заголовок про программирование 4911,Текст про программирование должен быть больше 100 символов 4911
4912,2,2025-09-09 09:04:11.425056,Заголовок про программирование 4912,Текст про программирование должен быть больше 100 символов 4912
4913,2,2025-09-09 09:04:11.425057,Заголовок про программирование 4913,Текст про программирование должен быть больше 100 символов 4913
4914,2,2025-09-09 09:04:11.425058,Заголовок про программирование 4914,Текст про программирование должен быть больше 100 символов 4914
4915,1,2025-09-09 09:04:11.425059,Заголовок про программирование 4915,Текст про программирование должен быть больше 100 символов 4915
4916,3,2025-09-09 09:04:11.425060,Заголовок про программирование 4916,Текст про программирование должен быть больше 100 символов 4916
4917,2,2025-09-09 09:04:11.425061,Заголовок про программирование 4917,Текст про программирование должен быть больше 100 символов 4917
4918,1,2025-09-09 09:04:11.425062,Заголовок про программирование 4918,Текст про программирование должен быть больше 100 символов 4918
4919,2,2025-09-09 09:04:11.425063,Заголовок про программирование 4919,Текст про программирование должен быть больше 100 символов 4919
4920,1,2025-09-09 09:04:11.425064,Заголовок про программирование 4920,Текст про программирование должен быть больше 100 символов 4920
4921,2,2025-09-09 09:04:11.425065,Заголовок про программирование 4921,Текст про программирование должен быть больше 100 символов 4921
4922,3,2025-09-09 09:04:11.425066,Заголовок про программирование 4922,Текст про программирование должен быть больше 100 символов 4922
4923,2,2025-09-09 09:04:11.425067,Заголовок про программирование 4923,Текст про программирование должен быть больше 100 символов 4923
4924,1,2025-09-09 09:04:11.425068,Заголовок про программирование 4924,Текст про программирование должен быть больше 100 символов 4924
4925,2,2025-09-09 09:04:11.425069,Заголовок про программирование 4925,Текст про программирование должен быть больше 100 символов 4925
4926,2,2025-09-09 09:04:11.425070,Заголовок про программирование 4926,Текст про программирование должен быть больше 100 символов 4926
4927,2,2025-09-09 09:04:11.425071,Заголовок про программирование 4927,Текст про программирование должен быть больше 100 символов 4927
4928,2,2025-09-09 09:04:11.425072,Заголовок про программирование 4928,Текст про программирование должен быть больше 100 символов 4928
4929,3,2025-09-09 09:04:11.425073,Заголовок про программирование 4929,Текст про программирование должен быть больше 100 символов 4929
4930,2,2025-09-09 09:04:11.425074,Заголовок про программирование 4930,Текст про программирование должен быть больше 100 символов 4930
4931,2,2025-09-09 09:04:11.425075,Заголовок про программирование 4931,Текст про программирование должен быть больше 100 символов 4931
4932,3,2025-09-09 09:04:11.425076,Заголовок про программирование 4932,Текст про программирование должен быть больше 100 символов 4932
4933,2,2025-09-09 09:04:11.425077,Заголовок про программирование 4933,Текст про программирование должен быть больше 100 символов 4933
4934,3,2025-09-09 09:04:11.425078,Заголовок про программирование 4934,Текст про программирование должен быть больше 100 символов 4934
4935,1,2025-09-09 09:04:11.425079,Заголовок про программирование 4935,Текст про программирование должен быть больше 100 символов 4935
4936,3,2025-09-09 09:04:11.425080,Заголовок про программирование 4936,Текст про программирование должен быть больше 100 символов 4936
4937,3,2025-09-09 09:04:11.425081,Заголовок про программирование 4937,Текст про программирование должен быть больше 100 символов 4937
4938,3,2025-09-09 09:04:11.425082,Заголовок про программирование 4938,Текст про программирование должен быть больше 100 символов 4938
4939,2,2025-09-09 09:04:11.425083,Заголовок про программирование 4939,Текст про программирование должен быть больше 100 символов 4939
4940,2,2025-09-09 09:04:11.425084,Заголовок про программирование 4940,Текст про программирование должен быть больше 100 символов 4940
4941,1,2025-09-09 09:04:11.425085,Заголовок про программирование 4941,Текст про программирование должен быть больше 100 символов 4941
4942,2,2025-09-09 09:04:11.425086,Заголовок про программирование 4942,Текст про программирование должен быть больше 100 символов 4942
4943,2,2025-09-09 09:04:11.425087,Заголовок про программирование 4943,Текст про программирование должен быть больше 100 символов 4943
4944,1,2025-09-09 09:04:11.425088,Заголовок про программирование 4944,Текст про программирование должен быть больше 100 символов 4944
4945,3,2025-09-09 09:04:11.425089,Заголовок про программирование 4945,Текст про программирование должен быть больше 100 символов 4945
4946,2,2025-09-09 09:04:11.425090,Заголовок про программирование 4946,Текст про программирование должен быть больше 100 символов 4946
4947,3,2025-09-09 09:04:11.425091,Заголовок про программирование 4947,Текст про программирование должен быть больше 100 символов 4947
4948,1,2025-09-09 09:04:11.425092,Заголовок про программирование 4948,Текст про программирование должен быть больше 100 символов 4948
4949,2,2025-09-09 09:04:11.425093,Заголовок про программирование 4949,Текст про программирование должен быть больше 100 символов 4949
4950,1,2025-09-09 09:04:11.425094,Заголовок про программирование 4950,Текст про программирование должен быть больше 100 символов 4950
4951,3,2025-09-09 09:04:11.425095,Заголовок про программирование 4951,Текст про программирование должен быть больше 100 символов 4951
4952,3,2025-09-09 09:04:11.425096,Заголовок про программирование 4952,Текст про программирование должен быть больше 100 символов 4952
4953,1,2025-09-09 09:04:11.425097,Заголовок про программирование 4953,Текст про программирование должен быть больше 100 символов 4953
4954,1,2025-09-09 09:04:11.425098,Заголовок про программирование 4954,Текст про программирование должен быть больше 100 символов 4954
4955,2,2025-09-09 09:04:11.425099,Заголовок про программирование 4955,Текст про программирование должен быть больше 100 символов 4955
4956,2,2025-09-09 09:04:11.425100,Заголовок про программирование 4956,Текст про программирование должен быть больше 100 символов 4956
4957,1,2025-09-09 09:04:11.425101,Заголовок про программирование 4957,Текст про программирование должен быть больше 100 символов 4957
4958,3,2025-09-09 09:04:11.425102,Заголовок про программирование 4958,Текст про программирование должен быть больше 100 символов 4958
4959,3,2025-09-09 09:04:11.425103,Заголовок про программирование 4959,Текст про программирование должен быть больше 100 символов 4959
4960,3,2025-09-09 09:04:11.425104,Заголовок про программирование 4960,Текст про программирование должен быть больше 100 символов 4960
4961,1,2025-09-09 09:04:11.425105,Заголовок про программирование 4961,Текст про программирование должен быть больше 100 символов 4961
4962,2,2025-09-09 09:04:11.425106,Заголовок про программирование 4962,Текст про программирование должен быть больше 100 символов 4962
4963,2,2025-09-09 09:04:11.425107,Заголовок про программирование 4963,Текст про программирование должен быть больше 100 символов 4963
4964,3,2025-09-09 09:04:11.425108,Заголовок про программирование 4964,Текст про программирование должен быть больше 100 символов 4964
4965,2,2025-09-09 09:04:11.425109,Заголовок про программирование 4965,Текст про программирование должен быть больше 100 символов 4965
4966,1,2025-09-09 09:04:11.425110,Заголовок про программирование 4966,Текст про программирование должен быть больше 100 символов 4966
4967,1,2025-09-09 09:04:11.425111,Заголовок про программирование 4967,Текст про программирование должен быть больше 100 символов 4967
4968,3,2025-09-09 09:04:11.425112,Заголовок про программирование 4968,Текст про программирование должен быть больше 100 символов 4968
4969,1,2025-09-09 09:04:11.425113,Заголовок про программирование 4969,Текст про программирование должен быть больше 100 символов 4969
4970,3,2025-09-09 09:04:11.425114,Заголовок про программирование 4970,Текст про программирование должен быть больше 100 символов 4970
4971,2,2025-09-09 09:04:11.425115,Заголовок про программирование 4971,Текст про программирование должен быть больше 100 символов 4971
4972,3,2025-09-09 09:04:11.425116,Заголовок про программирование 4972,Текст про программирование должен быть больше 100 символов 4972
4973,3,2025-09-09 09:04:11.425117,Заголовок про программирование 4973,Текст про программирование должен быть больше 100 символов 4973
4974,3,2025-09-09 09:04:11.425118,Заголовок про программирование 4974,Текст про программирование должен быть больше 100 символов 4974
4975,1,2025-09-09 09:04:11.425119,Заголовок про программирование 4975,Текст про программирование должен быть больше 100 символов 4975
4976,1,2025-09-09 09:04:11.425120,Заголовок про программирование 4976,Текст про программирование должен быть больше 100 символов 4976
4977,1,2025-09-09 09:04:11.425121,Заголовок про программирование 4977,Текст про программирование должен быть больше 100 символов 4977
4978,3,2025-09-09 09:04:11.425122,Заголовок про программирование 4978,Текст про программирование должен быть больше 100 символов 4978
4979,2,2025-09-09 09:04:11.425123,Заголовок про программирование 4979,Текст про программирование должен быть больше 100 символов 4979
4980,2,2025-09-09 09:04:11.425124,Заголовок про программирование 4980,Текст про программирование должен быть больше 100 символов 4980
4981,2,2025-09-09 09:04:11.425125,Заголовок про программирование 4981,Текст про программирование должен быть больше 100 символов 4981
4982,1,2025-09-09 09:04:11.425126,Заголовок про программирование 4982,Текст про программирование должен быть больше 100 символов 4982
4983,1,2025-09-09 09:04:11.425127,Заголовок про программирование 4983,Текст про программирование должен быть больше 100 символов 4983
4984,3,2025-09-09 09:04:11.425128,Заголовок про программирование 4984,Текст про программирование должен быть больше 100 символов 4984
4985,3,2025-09-09 09:04:11.425129,Заголовок про программирование 4985,Текст про программирование должен быть больше 100 символов 4985
4986,2,2025-09-09 09:04:11.425130,Заголовок про программирование 4986,Текст про программирование должен быть больше 100 символов 4986
4987,3,2025-09-09 09:04:11.425131,Заголовок про программирование 4987,Текст про программирование должен быть больше 100 символов 4987
4988,1,2025-09-09 09:04:11.425132,Заголовок про программирование 4988,Текст про программирование должен быть больше 100 символов 4988
4989,1,2025-09-09 09:04:11.425133,Заголовок про программирование 4989,Текст про программирование должен быть больше 100 символов 4989
4990,3,2025-09-09 09:04:11.425134,Заголовок про программирование 4990,Текст про программирование должен быть больше 100 символов 4990
4991,2,2025-09-09 09:04:11.425135,Заголовок про программирование 4991,Текст про программирование должен быть больше 100 символов 4991
4992,2,2025-09-09 09:04:11.425136,Заголовок про программирование 4992,Текст про программирование должен быть больше 100 символов 4992
4993,2,2025-09-09 09:04:11.425137,Заголовок про программирование 4993,Текст про программирование должен быть больше 100 символов 4993
4994,3,2025-09-09 09:04:11.425138,Заголовок про программирование 4994,Текст про программирование должен быть больше 100 символов 4994
4995,1,2025-09-09 09:04:11.425139,Заголовок про программирование 4995,Текст про программирование должен быть больше 100 символов 4995
4996,3,2025-09-09 09:04:11.425140,Заголовок про программирование 4996,Текст про программирование должен быть больше 100 символов 4996
4997,1,2025-09-09 09:04:11.425141,Заголовок про программирование 4997,Текст про программирование должен быть больше 100 символов 4997
4998,2,2025-09-09 09:04:11.425142,Заголовок про программирование 4998,Текст про программирование должен быть больше 100 символов 4998
4999,1,2025-09-09 09:04:11.425143,Заголовок про программирование 4999,Текст про программирование должен быть больше 100 символов 4999
